:020000022000DC
:1060000000000120753A0300B53A0300B73A0300D7
:10601000B93A0300BB3A0300BD3A03000000000098
:106020000000000000000000000000000139030033
:10603000C13A03000000000021390300C53A030003
:10604000C73A0300C73A0300BD0E0300C73A030076
:10605000C73A0300C73A0300C73A0300C73A030030
:10606000C73A0300C73A0300C73A0300C73A030020
:10607000C73A0300C73A0300C73A0300C73A030010
:10608000C73A030059360300C73A0300C73A030072
:10609000C73A0300C73A030045930200C73A03001A
:1060A000C73A0300C73A0300C73A0300C73A0300E0
:1060B000C73A0300C73A03000000000000000000D8
:1060C000C73A0300C73A0300C73A0300C73A0300C0
:1060D000C73A0300C73A0300C73A030000000000B4
:1060E00000000000000000000000000000000000B0
:1060F00000000000000000000000000000000000A0
:10610000000000000000000000000000000000008F
:10611000000000000000000000000000000000007F
:10612000000000000000000000000000000000006F
:10613000000000000000000000000000000000005F
:10614000000000000000000000000000000000004F
:10615000000000000000000000000000000000003F
:10616000000000000000000000000000000000002F
:10617000000000000000000000000000000000001F
:10618000000000000000000000000000000000000F
:1061900000000000000000000000000000000000FF
:1061A00000000000000000000000000000000000EF
:1061B00000000000000000000000000000000000DF
:1061C00000000000000000000000000000000000CF
:1061D00000000000000000000000000000000000BF
:1061E00000000000000000000000000000000000AF
:1061F000000000000000000000000000000000009F
:10620000F1EE103A43F08073E1EE103A704700BFB0
:1062100010B5054C237833B9044B13B10448AFF3E0
:1062200000800123237010BD5438002000000000BE
:10623000D491030008B5034B1BB103490348AFF3E6
:10624000008008BD0000000058380020D4910300F1
:10625000154B002B08BF134B9D46A3F5803A002138
:106260008B460F461348144A121A0FF011F80F4BC1
:10627000002B00D098470E4B002B00D098470020F1
:10628000002104000D000D48002802D00C48AFF397
:1062900000800EF093FF200029000DF03FFC0EF06F
:1062A00067FF00BF000008000000012000000000A0
:1062B0000000000054380020505B00200000000067
:1062C0000000000010B5014688B00F4C0F4803F0E5
:1062D00031F8002320226946CDE90033CDE90333AC
:1062E000CDE905330293079301F0C0FD084920462C
:1062F0000AF098FA694620460AF0C2FA01210A20FB
:106300000EF070FA08B010BD4C500020B03B0020D9
:106310006887030000210A200EF064BA0000000024
:106320002DE9F84FC64DC7492868C74C421C81FB70
:106330000263A3EBE27303EB4303A2EB43032B6083
:10634000C24A256802EB8000042D80ED000A00F3AC
:106350008E80DFF840E3DFF84083DEF80090BC4831
:10636000DFF814C30368BB4E09F1010708EB890984
:106370004FF0000AC9F800A0DFF80493DCF800A091
:1063800099ED007A08EB8308D8ED007AA7EEA77A9A
:1063900002EB8A0286FB0768D2ED007AAE4A89EDED
:1063A000007A0AF1010692ED007A08EB070A81FBF8
:1063B00006B14FEAE778C8EB2A18A1EBE67177EE51
:1063C000877AC8EB481801EB4101A7EB0807A6EB59
:1063D0004101CEF80070CCF80010C2ED007A9D4A61
:1063E000DFED9E7A9E4E013382FB0312D118DA173D
:1063F000C2EB2112C2EB42129B1A0360C6ED007A77
:10640000984E994A96ED007A1378B4EEE77AF1EE59
:1064100010FA05F1010544BFB0EE677AC6ED007AC7
:106420002560002B00F0A6809049914C0B68013349
:10643000632B0B6040F3B380D4ED006AF4EEE76A9F
:106440000023F1EE10FA13700B6000F19C80F4EE63
:10645000C77AF1EE10FA00F39E80864D2B685A1C25
:10646000F92B2A6000F3AB800020BDE8F88F824B47
:1064700079481B6890ED007ADFF81892DFF81CC2AB
:10648000DFED7E6ADFF8CCA1DFF80C827C4F02EBF7
:1064900083015E1CD1ED007A591F48BF314602EBE3
:1064A000810177EE877A91ED007AD91E48BFD91C19
:1064B00002EB810277EEC77A92ED007ACCF80010F9
:1064C000D9F80010C0ED007AA7EEE67A60484A1CC1
:1064D0008AFB02BA0368D7ED007A0AEB020B08EBDD
:1064E00081014FEAE27A81ED007ACAEB2B1A08EBC0
:1064F000830B54499BED007A81FB06E1E7EE077AB6
:10650000CAEB4A1AA2EB0A02A1EBE67101EB4101C8
:10651000C9F80020584AC7ED007AA6EB41011D2DAD
:1065200011607FF75CAFB3F11E0143D4CCF80010CB
:106530005A1C08EB8108474B98ED007A484E83FBC4
:1065400002139918E7EE477AD317C3EB2113C3EB75
:106550004313D21AF92D0260C7ED007AC6ED007A16
:106560007FF74EAF404A3F4E137896ED007A002BEE
:106570007FF45AAF3E4CD4ED006AF4EEE76AF1EED8
:1065800010FA7FF564AFF4EEC77AF1EE10FAC4EDBD
:10659000007A7FF762AF01201070BDE8F88F94EDAC
:1065A000007AB4EEE77AF1EE10FA7FF556AFC4ED5B
:1065B000007A52E75A1CCCF800201146B9E731495D
:1065C00000200AF0C7FC07EE900A9FED2F7AF8EE44
:1065D000E77A67EE877A17EE900A0EF059FB14A35C
:1065E000D3E9002311F0A2FD13A3D3E900230EF099
:1065F000F1F90EF0A5FB07EE100AF7EE007AD6EDE2
:10660000005AD4ED006A9FED216A214B236077EE9A
:10661000C77A66EE866A67EEA57A0020E7EE267AEC
:106620002860C6ED007ABDE8F88F00BFAFF30080A8
:106630000BD7A3703D0AB73F9A9999999999B93F99
:10664000D83A0020ABAAAA2A6C3B0020BC3A002012
:10665000583B002043082184603B002000000000DC
:10666000683B0020803B0020883B0020843B0020CA
:10667000943B0020903B0020D43A0020CDCC4C3EEF
:10668000643B002000E1F50577CC2B32CDCCCC3E2D
:10669000809618CB5C3B0020DC3A00207C3B00203D
:1066A000F0B505468DB01D200EF0B2F8012804D0DB
:1066B0001E200EF0ADF8012860D1374E002109AC44
:1066C0000A22204631600AF087FC214633480AF04E
:1066D00057FD20460AF026FD96ED000AB8EEC00AE6
:1066E000FFF71EFE2E4B187000284DD12D4F38603D
:1066F0002A4968460AF056FC2B4968460AF0B0FD64
:106700002A4B064693ED000A03A802210AF0CCFCAE
:1067100003A930460AF078FD23490AF0A1FD0A22B8
:106720003968064606A80AF057FC06A930460AF062
:106730006BFD1D490AF094FD06460AF01BFE0A2275
:10674000014620460AF07CFC214630460AF05CFDFA
:106750000A210AF0B5FD014628460AF023FC20462E
:106760000AF0E0FC06A80AF0DDFC03A80AF0DAFC57
:1067700068460AF0D7FC28460DB0F0BD1F200DF08A
:106780006BFF054E01469AE70AF0F4FD084B054FF2
:10679000186001233B60ABE78C3B0020B03A00203F
:1067A000803800207C38002078870300683B002078
:1067B000843800202DE9F843254EDFF8C080254CB1
:1067C000254D264FDFF8B890314640460AF0D0FB01
:1067D0002246294640460EF093FC314638460AF0E0
:1067E000C7FB2246294638460EF08AFCDFF8948023
:1067F0001B4F314648460AF0BBFB22462946484615
:106800000EF07EFC404602F011FF22461549164E5E
:10681000164D40460EF074FC384602F0A1FF2246A9
:10682000134938460EF06CFC30464FF4807103F08B
:10683000EDFB22460F4930460EF062FC284602F07E
:10684000DDFD224628460C49BDE8F8430EF058BC51
:10685000508803000036002025110300B03A0020C4
:1068600068390020456A0200B039002088380020CD
:106870002D6A0200A1A00200056A0200A43A0020CD
:1068800070380020F8380020F8B52D4C2D4D2E4ED4
:106890002E4F2046012102F00BFD2046042102F07C
:1068A00015FB00222046012102F040FB2046042176
:1068B00002F0C2FC2046264901F024FD254920466D
:1068C00001F022FD244802F0D7FE28462349152274
:1068D00002F042FF12222249284602F039FF2846E0
:1068E00002F074FF304603F01FFC384604F52275B1
:1068F00002F0A8FD3846642102F078FD0621284602
:1069000000F00CFA284600F0F1F93146284600F074
:10691000A9F904F5337000F0BBF92846012100F015
:1069200031FA2846F422202100F028FA28461E21B8
:1069300000F022FA28460021BDE8F84000F08EBAA7
:10694000B03B002068390020B03900208838002092
:10695000C562020015630200F83800207C8703003E
:106960009487030008B525484FF4E1310AF0A0F8F8
:1069700000211D200DF09EFE00211E200DF09AFE2C
:1069800001211C200DF096FE01211C200DF02AFF94
:1069900001211B200DF08EFE01211B200DF022FF96
:1069A00001210A200DF086FE01210B200DF082FE50
:1069B0004FF47A700AF0EAFC01210A200DF012FF70
:1069C0004FF4FA600AF0E2FC00210A200DF00AFF01
:1069D0004FF47A700AF0DAFC01210A200DF002FF70
:1069E0004FF47A700AF0D2FC00210A200DF0FAFE72
:1069F000FFF74AFF024B01221A6008BD4C500020ED
:106A0000743B002010B5074B044640F8183B00F0DB
:106A100087FB2046044B40F8083B01F0A3FF2046CB
:106A200010BD00BF88880300E487030010B5044B45
:106A3000044640F8083B01F095FF204610BD00BF1A
:106A4000E487030010B5074B044640F8183B00F0FC
:106A500067FB2046044B40F8083B01F083FF2046CB
:106A600010BD00BFDC880300E487030070B54A4D09
:106A70002B68012B86B019D0022B15D16C464749E3
:106A800020460AF075FA464802F010FF002832D17D
:106A9000444920460AF042FC064620460AF042FBE2
:106AA000002E48D001232B6006B070BD3E4C3F48FD
:106AB0003F49404A002323606C4603600B60002678
:106AC0003649166020460AF053FA354802F0EEFEC9
:106AD00008BB394920460AF021FC064620460AF048
:106AE00021FB002EE0D002232B600AF043FC334B45
:106AF000186006B070BD2A4802F028FF0A2201463D
:106B000003A80AF069FA03A920460AF05BFB03A870
:106B10000AF008FBBCE7224802F018FF0A220146EF
:106B200003A80AF059FA03A920460AF04BFB03A870
:106B30000AF0F8FACDE702200AF028FC03A8FFF7D4
:106B4000AFFD03A91E481F4C0AF01AFB03A80AF068
:106B5000E9FA1D4A23681268013393422360A3DDDA
:106B60000AF008FC154B1B68C01A42F20F739842DA
:106B70009AD8164D124903A80AF014FA03A9284618
:106B80000AF0D8FAAA682968114802F02FFF03A872
:106B90000AF0C8FA266087E7743B0020508803009B
:106BA000B0390020288C0300803B0020603B00208F
:106BB000643B00206C3B0020EC880300783B002005
:106BC00070380020703B002004360020A43A0020DA
:106BD000C839002072DF704773DF704777DF704776
:106BE00038B5054608460C4601F0EAFE102803D0E9
:106BF00080280ED0012038BDEB7FA2881B2B0EDC35
:106C0000E9180320E85448704A80EB7F0433EB779F
:106C1000F0E7A368002BEDD0E97F0D2901DD00200E
:106C200038BD6A18112068540721517058681C68D3
:106C30009968DB68C2F80E30C2F80600C2F802405C
:106C4000C2F80A10EB7F1233EB77012038BD00BF8A
:106C500010B500210446C1771F220EF019FB204613
:106C600010BD00BF30B5D1E9042485B0CD68074B15
:106C700000936946CDE902240195FFF7B1FF044670
:106C8000684601F06FFE204605B030BDFC8703006A
:106C9000F0B589B0064620221348694602F0B8FADA
:106CA000F37FC2181D2A0CDDC3F11D04E4B2E21803
:106CB0001D2A4FF00005D8BF082705DD284609B07A
:106CC000F0BD044601250927F218601CF0546946FE
:106CD0005770901C22460EF0B3FAF27F0232144431
:106CE0002846F47709B0F0BDB03B002010B504464B
:106CF000094802F0D9FAE37F1C2B01DD002010BD0A
:106D0000E2180221E1540A2390705370E37F0333A9
:106D1000E377012010BD00BFB03B0020C27F1C2ADA
:106D200001DD0020704710B403469C1802209854DF
:106D30000120A1706070DA7F0332DA775DF8044BCE
:106D4000704700BF10B51F22044600210EF0A0FAC4
:106D5000064B0749074A23620023E377C4E90C1274
:106D6000C4E90E33E3622364204610BDFF01010035
:106D70002000F40020001E00C18670470186818635
:106D80004286704780F82210704700BFF0B502EBD2
:106D9000820389B0154603EB830390F821209B0002
:106DA00004460020CDE90410ADF81430931E029083
:106DB000CDE906000E4603908DF80820092B09D86E
:106DC000DFE803F00505080808050805080504F1D3
:106DD000240303931D4B1A68D20709D41C491D4A8A
:106DE000C87FE77F908101201460916097801860D0
:106DF000184902AA04F12000FFF7ECFE10B10020B0
:106E000009B0F0BD94F820101348019102F04CFA3B
:106E1000019902460120FFF7E1FE0028EFD194F826
:106E200020000121FFF7D8FE0028E8D10A4802F02F
:106E300099FA628FA686AA424FF0010094BF921A77
:106E4000521B628784F8230009B0F0BD983B0020F4
:106E50007C3E00209C3B0020B03B0020F0B500238E
:106E600061F30F03044661F31F4389B08363FA2182
:106E70002F4802F021FAE58E94F82110268E049610
:106E800005EB850303EB830300229B000592ADF81D
:106E900014308B1E0292CDE9062203928DF8081061
:106EA000092B09D8DFE803F00505080808050805DF
:106EB000080504F1240303931E4B1A68D20709D472
:106EC0001D491E4AC87FE77F9081012014609160B0
:106ED00097801860194902AA04F12000FFF77AFE92
:106EE00010B1002009B0F0BD94F8201010480191B5
:106EF00002F0DAF9019902460120FFF76FFE00283F
:106F0000EFD194F820000121FFF766FE0028E8D1B8
:106F1000074802F027FA638FA6869D424FF00100D2
:106F200094BF5B1BDB1A638784F8230009B0F0BDB4
:106F3000B03B0020983B00207C3E00209C3B002082
:106F400030B50B888D88112B85B0044605D0262BD3
:106F500033D0102B25D005B030BDC36AEB40DB0722
:106F6000F9D52E4801F0AEF90028F4D1E36A94F87F
:106F70002310012202FA05F523EA0503E362002942
:106F8000E9D194F82230002BE5D0238F2348638782
:106F9000FA2102F091F9E28E218E2046FFF7F6FEEB
:106FA000D9E7CB7B012BD6D1C26A03FA05F515438D
:106FB0000023C56280F82330CDE70B7A012BCAD1BC
:106FC000002380F823304FF4FA71144802F074F96A
:106FD000238F5BB1658F95B1236C0BB19847658F9B
:106FE000618E2A462046FFF7D1FEB4E7236C03B139
:106FF0009847618E00222046FFF7C8FEABE707489E
:1070000002F0C4F9E26B002AA5D0009503AB294633
:10701000284603950DF074F89DE700BFB03B0020B3
:1070200075DF704710B44FF010144FF44801002280
:10703000C0E90041C0E902225DF8044B704700BF7F
:10704000014800F041BF00BFF03E0020F8B5002528
:107050000D4F2E4601E0142D14D0A9B2384602F08F
:1070600069F9013504460028F5D000F0D1FD00286B
:10707000F1D0204600F0D6FD022804BF0136F6B25A
:10708000142DEAD13046F8BDB03B002070B58E8893
:107090001B480C4694B0314602F04CF923881A2B59
:1070A00005D01F2B1CD0102B0FD014B070BD05467F
:1070B00000F0B0FD0028F8D0284600F0ADFD002813
:1070C000F3D1284600F018FEEFE7694600F0FCFD1A
:1070D0000028EAD06A4631460A4801F059FBE4E745
:1070E00054F8080F61686B4603C33046BDF80030A2
:1070F000ADF802306946FFF793FF14B070BD00BFD2
:10710000B03B0020D03B0020AADF7047ABDF7047C8
:10711000ACDF7047ADDF7047AEDF7047B0DF704760
:1071200010B5044B044640F8043B01F01BFC20461C
:1071300010BD00BFB487030010B5054B044640F8EE
:10714000043B01F00FFC20460CF022FD204610BD50
:10715000B487030070B57B4B04461B68836196B00F
:10716000043001F03DFC94F82E30A06913F0320297
:1071700008BF84F82F2013F00C0308BF84F83030C8
:107180000DF10102694601F0E3FB94F82F209DF810
:10719000010015070DD09DF8001002F00F0301F05B
:1071A0000F059D424FEA12126DD243EA021284F893
:1071B0002F2094F8303019070BD003F00F0100F0A6
:1071C0000F058D424FEA131369D241EA031384F885
:1071D000303094F82E1011F0300340F096800FAD4F
:1071E0000F93C5E90133C5E903338DF83C10AB615A
:1071F0000021ADF809109DF80A10206A14930123AC
:1072000063F342018DF808208DF80A1008B1037865
:1072100073BB94F8263013B104F12603129394F84B
:1072200031200023D2070893079358BFE38AADF8B3
:107230001C3004F1080004F12F01CDE9050154BF11
:107240001846E08AADF82000294604F13203E569CA
:10725000099505AA0020FFF757FF054628B994F8BD
:10726000253043BB237D002B64D0284616B070BD6B
:1072700010900EF03EFF02AB80B2ADF84400ADF8C6
:1072800046001393C5E74FEA111101D191428CD307
:107290000A462B4643EA021284F82F2089E74FEA78
:1072A000101001D1984290D30346294641EA0313B6
:1072B00084F830308DE7ADF80D009DF80E2094F87D
:1072C0002F600C90012363F3420242F608118DF8FF
:1072D0000E208DF8123004AA0223ADF8101003A975
:1072E0000D90ADF83030ADF834300A9204F124033B
:1072F0000B910DF102020AA98DF80C600E93FFF7B5
:1073000005FF0028AED00546AFE70F4B8DF80520EE
:107310000FAD1B788DF80430022000230F938DF8F9
:107320000600C5E90133C5E90333AB618DF83C10B4
:1073300001AB5DE72146054800F086FF284616B000
:1073400070BD00BFAC3B0020A8870300383C002084
:107350002DE9F0410B888E88502B8AB00C460546EB
:1073600009D0512B04D18B79012B19D0022B26D0B7
:107370000AB0BDE8F081CB88428E9A4235D0EA8EC1
:107380009A42F5D16B6D002BF2D095F84420648AB7
:10739000920700F18A802246294630469847E7E75F
:1073A000836C002BE4D090F84420520701F10807C9
:1073B0006CD43A46294630469847A379D6E7A27B53
:1073C000042A46D0062A20D0012AD1D1EB6C002B0A
:1073D000CED095F84420170704F1080400F1A580E9
:1073E0002246294630469847C2E7076D002FC6D08F
:1073F00090F84430D90768D404F11208238A424631
:1074000029463046B847E388B9E7EA6B002AAFD08F
:10741000002202A93046CDE90222CDE90422ADF8CE
:107420000C208DF80830FFF779FE2C6D54B195F8DB
:107430004430D80700F19280B5F84230EA6B30460C
:107440002946A047E86B09F0C9FF0023C5E90F33BF
:107450008EE7E86B002878D0B5F84010278A628A5A
:1074600007EB020C00234FF0020E8C45CDE90633EA
:10747000CDE908338DF818E039DD40F20913ADF895
:107480001C3006A93046FFF749FE71E703211A4672
:10749000009106AB08213846CDE9066508970CF047
:1074A0002FFE002889D1AB6C83E7032000211A4608
:1074B000009006AB0846CDE9066508940CF020FE66
:1074C00000287FF455AF6B6D65E7218A069604F1BD
:1074D0001208042300933A46404606ABCDE90881E2
:1074E00007950CF00DFE00288DD12F6D86E79DF8D5
:1074F0001EC0ADF81C3004F114014CF001033844F7
:10750000ADF822208DF81E300991ADF820700DF0F5
:1075100097FE238A618AB5F842200B449BB29342BE
:1075200038BF1346A5F84230ABE703211A46009155
:1075300006AB0E212046CDE9066508940CF0E0FD6F
:1075400000287FF415AFEB6C4AE74FF4806009F038
:107550002BFF4FF48061C5E90F017FE7E86BB5F8B9
:107560004210069604230093224606ABCDE907504D
:1075700009910CF0C5FD00287FF464AF2C6D5BE72A
:107580002DE9F04F0F464FF6FF718F4289B0064646
:1075900015461C4626D0F18A96F82E308C4228BF1C
:1075A0000C46DB0615D40DF1100B8C4228BF0C469F
:1075B0004FF00008718EADF810405A464FF6FF703C
:1075C0000595ADF81280FFF7A3FD404609B0BDE870
:1075D000F08F3948394601F095FE08B1F18E31B986
:1075E000F18AE0E7344801F099FE0746D3E700202E
:1075F00002230DF1100BADF81200ADF810305A4611
:107600000DF10E0338460593FFF784FD43F2014365
:1076100098424FD000284AD19DF80E8008F001080A
:10762000B8F1000F46D02448394601F083FE824667
:10763000A0B300F0F9FA033883B2002CC5D0CDF81E
:1076400004804FF00009984605E0BDF80E30E41ABA
:10765000A4B21D4444B3504600F004FBA0450346C9
:107660004246594628BF22463846BBB1ADF80E20E7
:107670004FF00102738E8DF812200DF10E02CDE94C
:107680000625CDF813908DF81790ADF81030FFF760
:1076900043FD0028D9D0504600F0EEFA4FF0000824
:1076A000404609B0BDE8F08FDDF804808DE700F0BA
:1076B0000108B5E7F18A78E7B03B002010B5154B1B
:1076C000044640F8043B01F055F9134A00231278B0
:1076D00084F8443014200321A384C4F82630C4F86D
:1076E0002A3084F82E30E082C4E90F33C4E9123323
:1076F000C4E9143384F831102375A3612362E36174
:1077000063866363238784F82F2084F83020204623
:1077100010BD00BFB4870300A887030070B44E6893
:10772000164A86600260D1E90262154B154D1C783D
:1077300045600261142500220321C0E90F22C0E93F
:107740001222C0E91422C660C58280F8311080F888
:1077500044200275826102628284C0F82620C0F84B
:107760002A2080F82E20C26142864263028780F878
:107770002F4080F8304070BC704700BFB4870300D2
:10778000A8870300FC87030010B4D1E90142CB684D
:107790000361C0E902425DF8044B7047806970479D
:1077A00001230375704700BF80F82E10704700BF9B
:1077B000C182704741B190F83130C182002262F33A
:1077C000000380F83130704790F83130012262F3C5
:1077D000000380F83130704780F82F1080F8302097
:1077E000704700BF90F84430016562F3000380F8F1
:1077F0004430704710B490F8443090F83140C16480
:10780000003918BF012161F3041462F3C30380F847
:10781000314080F844305DF8044B70470162704796
:1078200051F8322F026049684160704730B5C48A10
:1078300083B0944223460D4628BF1346418E0195DE
:1078400000246A464FF6FF70ADF80030ADF80240F4
:10785000FFF75EFC18B9BDF8000003B030BD20464C
:1078600003B030BD30B5C38A85B00A46012B28BFAE
:107870000123418E8DF8072000240DF1070502AA8F
:107880004FF6FF70ADF80830ADF80A400395FFF7EA
:107890003FFC18B9BDF8080005B030BD204605B062
:1078A00030BD00BF30B5C38A85B00A46022B28BF61
:1078B0000223418EADF8062000240DF1060502AA30
:1078C0004FF6FF70ADF80830ADF80A400395FFF7AA
:1078D0001FFC18B9BDF8080005B030BD204605B042
:1078E00030BD00BF90F82E3013F0100301D11846C0
:1078F000704730B5044685B011480D4601F002FDD1
:1079000010B1E18E11B9084605B030BD0DF1060386
:1079100028460024022502AA0393ADF80A40ADF8D8
:107920000850FFF7F7FB43F20143984206D008B92D
:107930009DF8060000F0010005B030BD2046E3E7E9
:10794000B03B002010B490F82E4014F0100403D087
:107950005DF8044BFFF714BE20465DF8044B7047FA
:10796000A1DF7047A3DF7047A4DF70470023838344
:10797000704700BF006A00F0E3B800BF808B70471B
:107980002DE9F0410B88CE88382B86B00C46054691
:1079900006D0392B66D0362B43D006B0BDE8F08137
:1079A00000F12407002E36D10A8A3846314602F00B
:1079B0007FFC94F80C80B8F1010F2CD0B8F1040FC3
:1079C000EBD1286A00F0BCF801465C4801F0B2FC3B
:1079D00000F02AF92A8E053883B2934228BF134655
:1079E000002B00F09A80218AE289286AAC8B8DF8FE
:1079F0000D600A44E96A05918DF80C80ADF81230EB
:107A0000ADF81020ADF80E4000F09AF803A9FFF78A
:107A1000A9FF0028C1D0384602F062FC06B0BDE8DC
:107A2000F081006A00F08CF80146444801F082FCC5
:107A300000F0FAF807466EBB05F12406E2893046ED
:107A400004F1100102F034FC2B8E2BB1F81EE389F7
:107A500080B20138834255DA304602F041FC06B06C
:107A6000BDE8F0810B7B012B1AD0022B95D1836BE3
:107A7000002B92D090F83C208F8892071FD401F100
:107A80001006E28931462846984761893846FFF753
:107A90006BFF82E705F12407384602F021FCBDE7C1
:107AA000436B002B3FF479AF90F83C20D10717D4FB
:107AB00004F11006E2893146284698476DE7C989E6
:107AC000039004F1100603201A46009003AB3046E1
:107AD000CDE904610CF014FB0028D6D1AB6BD0E7E4
:107AE000E189039004F1100603201A46009003ABCD
:107AF0003046CDE904610CF003FB00287FF44DAF64
:107B00006B6BD7E7286A00F01BF86A8EA98B92B2DC
:107B1000FFF726FF00289FD13FE7AA8B286AADF820
:107B20000E2040F20511ADF80C10CDE9043300F041
:107B300007F803A9FFF716FF6DE700BFB03B002071
:107B40008088704776DF70478FDF704790DF70471F
:107B5000B1DF7047B5DF704710B5074B03600446CF
:107B6000806A0AF0E7FAE06A0AF0E4FA206B08B1EA
:107B70000AF0E0FA204610BDCC87030010B5094B8F
:107B800003600446806A0AF0D5FAE06A0AF0D2FA85
:107B9000206B08B10AF0CEFA20460BF0F9FF204620
:107BA00010BD00BFCC87030070B504460D4692E8B7
:107BB0000300A5800E0CA061A183144DA6771720A9
:107BC0001B2156892560E0809589D089E181D17992
:107BD0006581012222752274A081617418461946BC
:107BE00026819DF8105009F0C3FC2946A062284662
:107BF00009F0BEFC4FF4885100234FF6FF72E1827A
:107C0000E062628223636375204670BDCC87030007
:107C1000007D7047407D7047C07D113818BF01203E
:107C2000704700BF407C7047C0887047008970472C
:107C30004B7D10B44BB11F310C688A888B7904607E
:107C400082805DF8044B837170471831F4E700BF00
:107C500008B513218088FFF775FFB0FA80F040095E
:107C600008BD00BF08B56621806A0AF0DBF800385D
:107C700018BF012008BD00BF08B500231A461946E9
:107C8000806A09F0A7FC003818BF012008BD00BFBA
:107C9000818800F11F02407C02F068BB38B50A46BB
:107CA00005460C468188407C02F04CFB21460120B1
:107CB00051F8483FC5F81F308B888A7985F8252010
:107CC000A5F82330687538BD38B50A4604460D4618
:107CD00000F11801407C02F07FFB607550B129462D
:107CE00051F8483FC4F81F308B888A7984F82520E2
:107CF000A4F8233038BD00BF10B5447D24B100F195
:107D00001F01407C02F046FB204610BD70B50B8879
:107D1000113B82B00C460546462B2BD8DFE803F01A
:107D2000383B2A2A2A2A2A2A2A422A2A2A2A2A2A7C
:107D300050585E642A2A2A2A2A2A2A2A2A2A2A2AE1
:107D40002A2A2A2A2A2A2A2A2A672A942A2A2A2AEC
:107D50002A2A2A2A2A2A2A2A2A2A2A2A2A2A2A2A83
:107D60002A246A2A752C84000023A8881A461946FA
:107D7000FFF7EEFE02B070BD8B79002BFAD1006BDD
:107D8000AB750028F6D01A46194609F023FCF1E736
:107D900000230375EEE74B8903818B894381CB89EF
:107DA0008381E7E70B7AC375112BE3D0818800F15B
:107DB0001F02407C02F0C8FB03460028DAD1D4E75A
:107DC000002301A98088ADF80430FFF7BDFED1E79C
:107DD0000B7A002BCED14B7A0374CBE700221146ED
:107DE0008088FFF7B3FEC5E70B89C381C2E74B89E3
:107DF000C380BFE7006B0123AB750028BAD0002316
:107E00001A46194609F0E6FBB4E7417C164801F032
:107E100089FAE3880146994228BF194689B2A888A1
:107E2000E980FFF797FEA5E78B79002BA2D000260B
:107E300000231A461946A86A09F0CCFB0136A2793C
:107E4000F3B29A42F4D895E78B7A002B92D00026B1
:107E500000231A461946E86A09F0BCFB0136A27AEB
:107E6000F3B29A42F4D885E7B03B002070B58AB0EF
:107E700086880B4606A84FF42851144605934FF602
:107E8000FF7500F081FD0120CDE90105059B0094FF
:107E9000314606AA044800F073F8044606A800F02C
:107EA00061FD20460AB070BD383C002010B5044684
:107EB000043002F099F9034B236000232375204618
:107EC00010BD00BF0100FFFF017D01B1704710B57B
:107ED0000446043002F092F90123237510BD00BF5F
:107EE000007D70470B88322B10B504D0332B1ED089
:107EF000302B0FD010BD4A8932B100230133DBB2E1
:107F00009342FBDBCB881BB3041D2046BDE8104029
:107F100002F0E6B9CB88041D002BF6D14B89002B6B
:107F2000F3D00A3120460A2202F0C2F9EDE7CB88ED
:107F3000002BE9D14A89002AE6D002EB4202520026
:107F4000041D023292B20A31204602F0B1F9DCE798
:107F500002EB8202F3E700BFA0DF704710B50446D2
:107F600000F5F87002F040F92046F82200210DF0EB
:107F70008FF9F822A01800210DF08AF9204610BDD3
:107F80002DE9F04782B00546BDF82C60BDF83040C1
:107F90002048ADF80460BDF828A0ADF80640904632
:107FA00099460F4601F0C6F905F5F875064603E057
:107FB000FFF73CFE09F0EAF9284602F077F904469B
:107FC0003046002CF4D10121284602F017F9524620
:107FD0004946284602F02EF908F10401384601AA64
:107FE000FFF7BAFF30B1284602F012F9204602B07E
:107FF000BDE8F0874FF4FA71284602F021F920EA33
:10800000E074284602F004F9A4B2204602B0BDE8AC
:10801000F08700BFB03B00202DE9F04F8F880D881E
:1080200085B0884604463946864801F083F9A5F1B3
:108030001003012B814640F2908094F854203AB30B
:10804000002633461633502D54F823A069D0512D05
:108050001AD198F80630B8F808B0022B53D0BBF10B
:10806000000F11D051466846FFF7DAFBBDF800302B
:108070005B4559D0514602A8FFF7D2FBBDF80C3042
:108080005B4551D094F854200136F3B29342D9D3D2
:1080900094F84C31002B00F0D18004F5A67900262D
:1080A00004E094F84C310136B34220DD59F8040F56
:1080B000FFF760FCB842F4D1382D03D0392D01D040
:1080C000362DEED1B8F80AA0BAF1000FE9D0D9F8F0
:1080D00000B05846FFF752FC5045E2D158464146A1
:1080E000FFF74EFC94F84C310136B342DEDC112D23
:1080F00055D0352D04D1B8F80A30002B40F08F80D0
:1081000005B0BDE8F08F98F80E30062BA7D1DAF84D
:1081100000305046DB68414698474846FFF77CFDF3
:10812000B0E7B8F806B09AE7DAF800305046DB68F6
:10813000414698474846FFF76FFD0028A2D0502DD2
:10814000A0D1514602A8FFF76BFBBDF80C305B4590
:1081500098D14846FFF79CFD94E72378002B3FF425
:108160006CAF0026112D33460CD004EB8303394647
:10817000586803685B68984701362278F3B29A42E0
:10818000F3D85AE704EB83033946586803681B6841
:10819000984701362278F3B29A42F3D84DE7D3B12B
:1081A0000026334605E094F84C210136F3B29A429A
:1081B00011D904EB8305D5F85001FFF7DBFBB8427A
:1081C000F1D1D5F85001FFF7D1FB013694F84C21DD
:1081D000F3B29A42EDD894F8F820002A90D0002506
:1081E0002B4604EB8303D3F8FC008388BB420AD000
:1081F0000135EBB2934283D204EB8303D3F8FC0046
:108200008388BB42F4D103681B689847013594F812
:10821000F820EBB29342E4D305B0BDE8F08F04F54B
:10822000F874B8F80C20204608F1100102F040F86C
:10823000204605B0BDE8F04F02F052B8112D7FF492
:1082400058AFC8E7B03B002090F85420272A0CD83C
:1082500010B4034602F11604013280F8542043F8AA
:10826000241001205DF8044B70470020704700BFC8
:108270000378132B06D800EB83020133037001202F
:10828000516070470020704778DF70477ADF704791
:10829000054A034692E80300002283E80300C3E98D
:1082A00002221846704700BFD487030008B5FFF7C5
:1082B000EDFF08B1002008BDFFF7E6FFB0FA80F03F
:1082C000400908BDF8B500250D4F2E4601E0142DDC
:1082D00014D0A9B2384601F02DF801350446002823
:1082E000F5D0FFF795FC0028F1D02046FFF79AFC67
:1082F000012804BF0136F6B2142DEAD13046F8BD8C
:10830000B03B002081607047C1607047704700BF7C
:108310008ADF704730B40D4CC4621F250022502400
:108320008584A025C0E91122C0E90F22A0F846509B
:10833000A0F84840006230BC8262028680F8382093
:108340004263C264A0F85020704700BF0001800063
:108350002DE9F04F10468DB016460C4600F030FB6C
:10836000C5B2102D4FD0B66807220623A16994F834
:108370001C9001918DF80D208DF80C30ED080DF159
:108380000C080DF10E0A0027B9F1010F0A97CDE98B
:108390000477CDE90677CDE90877CDF82B700ED9B3
:1083A00098F8000001994B464A7882420FD00A782B
:1083B000D4432344013213F0FF031144F4D108F1F4
:1083C0000108C245E0D100200DB0BDE8F08F11F8E2
:1083D000024B013CE4B2224604A80CF031FF0DF13F
:1083E000100B1CB9EBE714F0FF04E8D058462A46FE
:1083F00031460CF017FF641BAB440028F3D1012079
:108400000DB0BDE8F08F043603220223AEE700BFB3
:108410002DE9F0430B888E88103B87B00D4604464B
:108420000D2B2CD8DFE803F077072B2B2B2B2B2BD6
:108430002B2B2B842B2E836AF340DB071FD556484A
:10844000FEF704FED8B9A36A94F82C20012505FA9A
:1084500006F623EA0606A6628AB994F82D3073B1AF
:108460001F232462A38404F1200104F14400FFF7D8
:108470004FFF20B9494800F075FF84F82C5007B031
:10848000BDE8F08390F92E2091F91B309A423ADC36
:1084900090F8383001F108080BB3DFF8049100269A
:1084A00002E0D6B2B34218D9636BCDF8089003EB63
:1084B000061302AA59680391D3E902734146204684
:1084C00005930497FFF744FF074602A800F04AFA15
:1084D00094F83830721C002FE3D09E4213D094F8E9
:1084E0002F30002B49D095F82430012B0BD9296A65
:1084F0004A78FF2A30D00A78D0430344013213F07F
:10850000FF031144F4D104F120010020FFF700FF24
:1085100007B0BDE8F083CB7B022BB0D1836A012288
:1085200002FA06F633430022836280F82C20A6E785
:108530000B7A012BA3D1002580F82C50174800F0AE
:1085400025FF226C002A9AD0009502AB29462846C6
:1085500002950BF0D5FD92E711F8025B6A1ED2B2CC
:10856000022A28BF022202A80CF06AFE012DCAD0FE
:10857000228EBDF808309A42C5D1E26B002A3FF442
:108580007EAF01230093404602AB2421CDF8088042
:108590000BF0B6FD73E700BFC03B0020B03B0020EE
:1085A000FC87030046DF70477FDF704780DF70473E
:1085B00085DF704786DF704738B51C460D46034699
:1085C000114628462246984734B1014600222846E3
:1085D000BDE83840FFF7EABF38BD00BF10B50C4614
:1085E00082B003466946204698476A4620460121E4
:1085F000FFF7DCFF02B010BD044A02600321002235
:10860000C0E91622C0E91822017170473107100332
:10861000012070470B7803F0FE03042B01D00020EB
:10862000704770B515468CB00C462022002104A876
:108630000CF02EFE28686968AA68EB686D460FC5C5
:108640009DF800109DF80F209DF801609DF80E50D8
:108650009DF802008DF80F1023469DF80D108DF83F
:1086600000209DF803208DF80E608DF801509DF8D4
:108670000C609DF804508DF80D008DF802109DF8E7
:108680000B009DF805108DF80C209DF80A208DF840
:1086900003608DF80B508DF804008DF805208DF8DF
:1086A0000A109DF8061033F8042FADF810209B78BF
:1086B0009DF809209DF81D009DF810609DF81F5041
:1086C0008DF809108DF806209DF811109DF81E20D8
:1086D0008DF81D309DF807308DF812008DF81F6061
:1086E0009DF808009DF813608DF810508DF81E104D
:1086F0009DF81C509DF814108DF811208DF808304D
:108700009DF81B209DF81A308DF807008DF81C602D
:108710008DF813509DF815608DF81B108DF81420FE
:1087200068468DF815309DF819109DF817209DF8B2
:1087300018309DF816508DF818208DF816108DF809
:1087400017308DF81A608DF81950FFF72BFF6278FB
:108750009DF82F309DF82E009DF82D108DF82100EA
:108760009A428DF8221004F1010404D0012080F017
:1087700001000CB070BD6278C3B29A4204F10104EA
:10878000F4D16278CBB29A42F0D10020EFE700BF7B
:1087900008B5137CDB0758BF1C32084602F11201F2
:1087A000FFF706FFB0FA80F0400908BDF0B58E88EB
:1087B0000C4699B005463146474800F0BBFD23887A
:1087C000133B0746072B29D8DFE803F036515D2815
:1087D0007128042A237AABB9637B9B070ED402A8C5
:1087E0003946FFF725FA0298BDF80C209DF80E30A7
:1087F00085F85430C5F84E00A5F852203846A91D1A
:10880000FFF74CFA2A6E4AB1247A02230021009322
:10881000084604ABCDE904640BF072FC19B0F0BD5E
:108820006A6E002AFAD0012300210093084604ABA7
:1088300004960BF065FCF1E7AB1D002405F1220264
:10884000049305F13E03CDE90823CDE90544CDE9C4
:108850000A440794FFF7E6F901280CBF2A4622468E
:108860002146304604ABFFF79FFE19B0F0BD04A9C6
:10887000FFF72AFA034640B304A93046002312AAA0
:10888000FFF798FECAE7AB6D002BC7D0A57B04931A
:10889000042304F1080005F0010500930F4A059632
:1088A00004AB0621CDE906050BF02AFCB6E7EC6D1A
:1088B000002CB3D0022300210093094A084604ABE0
:1088C000CDE904460BF01CFCA8E730461A461946D1
:1088D000FFF770FEA2E700BFB03B0020B9850200A1
:1088E000DD850200A8DF7047704700BF30B5044641
:1088F00083B0083000F074F804F10C010DF10602A9
:108900000120FFF7EFFF054628B9044B04481C601F
:108910002146FFF7ADFC284603B030BDAC3B00203C
:10892000383C002030B44C68C460D1E90241054AAB
:10893000054D0260054A8560C0E90441426030BCD3
:10894000704700BFE4870300FC870300000011119B
:1089500083790B70C3791370704700BF62DF704773
:1089600063DF7047704700BF10B504460BF010F985
:10897000204610BD034A02600022C0E90222827133
:1089800082807047FC87030010B4054C8180002270
:1089900001210460C0E902225DF8044B8171704737
:1089A000FC870300002210B4044C046081605DF871
:1089B000044B82718280C260704700BFFC87030055
:1089C0008379012B0AD0826832B9C26822B9012B9F
:1089D0008CBF802000207047802070471020704797
:1089E0002DE9F047857982B0002D47D1C76806464A
:1089F000002F47D0102008F0D7FC824638460DF0F3
:108A000078FB441E30B3DFF88490A84604E00134BC
:108A1000023C1FD4102D1DD017F804C0BCF12D0F3F
:108A200007EB0402F3D099F80030ADF805808DF81B
:108A3000043012F8013C8DF804301022002101A806
:108A40008DF805C00DF010FC6B1C023C0AF8050007
:108A5000DDB2DFD5C6F808A0BAF1000F0ED0B11D07
:108A60005046FFF77BFFB168321D1020FFF778FFFB
:108A7000B0FA80F0400902B0BDE8F087012002B0F2
:108A8000BDE8F087D0F808A0E6E700BFF087030054
:108A90004BDF704710DF70477CDF70477DDF70472A
:108AA00060DF704769DF704761DF704766DF7047DE
:108AB00067DF7047704700BF0B200BF0C3BE00BFDD
:108AC00030B5124C124D83B0D4F878034FF0FF311B
:108AD00009F0A8F90028F7D06DB101A8FFF7D8FF79
:108AE0000528F1D00028F8D10198831E012BF4D875
:108AF00007F018FEF1E701A8FFF7CAFF0528E3D049
:108B000001A8FFF7C5FF0528F5D1DDE7B03B002040
:108B1000250703002DE9F04F2DED028B4FF4FA707D
:108B200089B008F041FCB24E00F1080308EE103A9B
:108B3000054606F5747706F5227AD6F874034FF0E9
:108B4000FF3109F06FF90028F7D04FF4FA730DF1F7
:108B500016012846ADF81630FFF7A6FF10B105281C
:108B6000F3D1EAE7B5F80490B9F1130F00F23981B7
:108B700006EB8903D3F884433CB129462046FFF72E
:108B8000C5F89C482946FFF711FE2B88013B1B2B9B
:108B90005AD8DFE813F0160159005900590059005E
:108BA00059005900590059005900590059005900FD
:108BB00059005900B4001C005900590059005900CF
:108BC000590059005900590059005900A200DFF816
:108BD00038824FF0000B58F8040F30B1FFF718F847
:108BE00018B10BF1010B5FFA8BFBB845F3D1BBF168
:108BF000000F06D196F880331BB159460B200BF0BD
:108C0000F1FD2046FFF70EF8012800F0EC80F26934
:108C100062B10223002195F808C00093084606AB14
:108C2000CDF81890CDF81CC00BF06AFA09F1E008F5
:108C300006EB8803586810B103685B68984706EB39
:108C400088080023C8F8043029465046FEF778F912
:108C500069482946FFF7DCFBB6F882334B452B8881
:108C600000F0B480102B1ED02CB32046FEF7DAFFA4
:108C7000012803D15E482946FFF748FB2046FEF74E
:108C8000D1FF02281BD05D48FFF72AF900BB5C48E2
:108C90002946FFF7C1F9D6F8D833002B3FF455AF7A
:108CA0002846984751E7EB7B012BDDD1AB88A6F82E
:108CB0008233002CD9D14E482946FFF727FB514873
:108CC0002946FEF7E3F94D48FFF70AF90028DED000
:108CD0004A482946FFF706F9D9E7D6F8D423002AEF
:108CE000B2D00223002195F908C00093084606ABD4
:108CF000CDF81890CDF81CC00BF002FAA4E74FF0A5
:108D00000008D6F87C03CDF8008043464246032194
:108D10003D4C0AF00DFC54F8040F30B1FEF778FF1B
:108D200018B108F101085FFA88F8BC42F3D196F84F
:108D300080336BB1B8F1000118BF01210B200BF09B
:108D400051FD96F880331BB101210B200BF04AFD39
:108D500009F1E00806EB8804606820B103685B68ED
:108D6000984700236360EB7B012B0BBF96F86233BF
:108D700096F8683396F8634396F869430393342072
:108D80000AF004FF06EB8808039B009418EE102AF3
:108D900004464946FEF708FF2046C8F80440FEF79F
:108DA00041FF012832D0B269002A3FF44DAF0123C0
:108DB00000210093084606ABCDF818900BF0A0F9FF
:108DC00042E700214846FFF771FE3DE7102B3FF4D4
:108DD0006AAF112B7FF448AF4FF6FF73A6F88233CA
:108DE00042E70446D1E6F268002A7FF412AF1DE79D
:108DF000B03B0020D03B00209C3E0020F03E0020F5
:108E0000383C0020C03B0020303F0020B268002AE0
:108E10003FF41AAF0021009006AB0846CDF8189039
:108E20000BF06EF910E700BF38B50446FFF730FAD3
:108E300004F11000FEF7F6F804F12000FFF7DCFB68
:108E400004F18800FFF78AF804F52270FDF77AFF35
:108E500004F53370FDF7FCFE04F53B70FFF75AFA9A
:108E600004F55070FFF722F815481649164AC4F861
:108E700064234FF440630025C4F8583340F20113D3
:108E8000C4E9D701A4F86833A4F86A5304F5617003
:108E9000294650220CF0FCF901224FF6FF73A4F88A
:108EA0006C5384F86E53C4E9DD55C4E9F555C4F834
:108EB0007C5384F88023A4F88233204638BD00BF59
:108EC000010A1700030001011700030004290BD851
:108ED000DFE801F00B130B1B0300104BC0F85E33EF
:108EE00040F20313A0F8623370470D4BC0F85E33B5
:108EF00040F20113A0F8623370470A4BC0F85E33AA
:108F000040F20113A0F862337047074BC0F85E339C
:108F10004FF48173A0F86233704700BFF70064001C
:108F2000170003001700020080000600F0B5AE4EE7
:108F300080F86C138DB0336980F86D230446AB491B
:108F4000039303A8FFF7A6FD18B1002528460DB02E
:108F5000F0BD0990CDE90A00A54A94F85D3304926A
:108F600009A901208DF82430FFF79CFD0028ECD1E1
:108F700094F86D330B90CDE90900181E18BF01203D
:108F800094F86C538DF82700049A8DF8263009A9BF
:108F900040208DF82550FFF785FD0028D5D194F8A5
:108FA0005C130990034661F30003CDE90A00049ABB
:108FB0008DF8243009A9A020FFF774FD0028C4D142
:108FC000D4F858330A900B90049A099309A9A12068
:108FD000FFF768FD0028B8D194F86C33002B40F0FF
:108FE000B48094F86D33002B47D00023B4F8647339
:108FF000049A0993022509A92320CDE90A338DF8A3
:109000002450ADF82670FFF74DFD00289DD1CDE925
:10901000090094F86D73B4F866330B90049A8DF8D8
:10902000245009A920208DF82670ADF82830FFF7CC
:1090300039FD002889D10990CDE90A0094F86833F8
:10904000049A8DF8245009A922208DF82630FFF7C4
:1090500029FD00287FF479AFCDE9090094F8693340
:109060000B90049A8DF8245009A921208DF8263000
:10907000FFF718FD00287FF468AF04A8FFF710FD84
:1090800000287FF462AFCDE9070040F0010307A993
:1090900002208DF81C30FFF70BFD00287FF455AF40
:1090A0002046FFF703F9054600283FF44EAF04F1D0
:1090B0002000FFF7ADFA337D4E498DF808301022BD
:1090C00002A8FFF7E9FC00287FF43FAF94F86D3366
:1090D000002B40F0848003220021012008F006FAD2
:1090E000C4F8740300283FF430AF05AB0326CDE984
:1090F00000634149414800234FF4A06209F0B8F9E8
:1091000032460021012008F0F1F9C4F87803002864
:109110003FF41BAF06ABCDE9006339493948002362
:10912000C82209F0A5F9384B4FF480021A60374B7A
:1091300000930023184601224FF480710AF0A2F92F
:10914000C4F87C0301F0D8F800E70990CDE90A00E3
:10915000B4F85E33049AADF82630012509A923201E
:109160008DF82450FFF79EFC00287FF4EEAECDE989
:10917000090094F86C73B4F860330B90049A8DF87E
:10918000245009A920208DF82670ADF82830FFF76B
:1091900089FC00287FF4D9AE0990CDE90A0094F843
:1091A0006233049A8DF8245009A922208DF82630C4
:1091B000FFF778FC00287FF4C8AECDE9090094F8E9
:1091C00063330B90049A8DF8245009A921208DF85F
:1091D0002630FFF767FC00283FF403AFB5E604F143
:1091E0001000FDF72DFF76E75C880300B58A0200CA
:1091F000003600204088030054880300158B0200CD
:1092000058880300C18A020000E100E0B98A020028
:1092100000B583B008460DF10601ADF80620FFF752
:109220003DFC20B99DF8060003B05DF804FB00206A
:1092300003B05DF804FB00BF30B41A4A0B46054684
:1092400007CA84B001AC03C49DF90400227098429F
:10925000194620D09DF905308B421CD09DF906306F
:109260008B4218D09DF907308B4214D09DF90830FD
:109270008B4210D09DF909308B420CD059B19DF929
:109280000B308B4207D09DF90C308B4203D000206D
:1092900004B030BC7047012085F86E1304B030BCB8
:1092A000704700BF7488030090F96E03704700BFD9
:1092B00080F88013704700BF70B5044682B0D0F8C4
:1092C0007C030D460AF060F94FF47A7206460023DB
:1092D000A90DA8020BF084FD002302460421D4F856
:1092E0007C0300930AF024F90EB102B070BD009621
:1092F000D4F87C033346324603210AF019F902B050
:1093000070BD00BF132906D800EB8101D1F884039A
:1093100008B1FEF77DBC0020704700BFB0F88203A3
:10932000704700BF01290CBFB0F85E03B0F86403BA
:10933000704700BF13299ABF00EB8101D1F8840365
:109340000020704710B5064C0021D4F8780308F0CF
:10935000DDFBD4F874030021BDE8104008F0D6BB53
:10936000B03B002090F8803303B9704710B582B04D
:10937000D0F87C4309F06CFA0023024600932046A3
:1093800001210AF0D5F802B010BD00BFF0B583B0DE
:10939000002405462346D0F87C030094224603218E
:1093A0000AF0C6F805F5607605F5747756F8040FEF
:1093B00020B1FEF72DFC08B10134E4B2BE42F5D174
:1093C00095F8803343B1211E18BF01210B2003B053
:1093D000BDE8F0400BF006BA03B0F0BD0148FFF75E
:1093E00023BD00BFB03B00200020704708B51830F7
:1093F000FEF738FA003818BF012008BD30B585B037
:10940000044641F60F016846FFF7BEFA694620465A
:10941000FFF788FA25466846FFF7A4FA084B45F897
:10942000183B684642F61921FFF7AEFA694628460E
:10943000FEF774F96846FFF795FA204605B030BD8F
:109440008888030030B583B00446FFF74FFA08B1AF
:1094500003B030BD0546122104F118000190FEF75B
:10946000A3F901982A461121FEF7B6F901980121C6
:10947000FEF7A0F9019803B0BDE83040FDF76ABEE1
:109480003CDF70473DDF704711DF704713DF7047E7
:10949000B0DF7047B2DF70472DE9F0419EB007465C
:1094A00004A8158814460E46FEF7BAF9BDF8103028
:1094B000AB4202D01EB0BDE8F081A379043B022B81
:1094C000F8D939465248FFF735FF4FF0000802231C
:1094D000394605463046CDE90688CDE908888DF83D
:1094E0001830FEF7FFF906A900286AD03846ADF813
:1094F0001C80FFF7CDFF247B012CDBD1454E41467C
:109500003E2230460BF0C4FE23460DF10E024249C6
:1095100038460824ADF80E40FFF7BCFF68462946E0
:10952000FEF786FB00983060BDF804309DF80620F9
:10953000B271B3802846FEF76FFB002849D1354948
:1095400036484FF6FF740B4601311B7883EA14232B
:1095500083EA131242EA042283EA131382EA0332F3
:1095600082EA431381429CB2EDD12A4B2C489C875E
:109570000021FDF707FC2846FEF76AFBFF210020CB
:10958000FFF780FFB1210020FFF77AFF002891D17B
:10959000FFF77AFF00288DD1224B4FF0FF324FF0BA
:1095A0001024C3F88020C3F880216069FFF76EFFA4
:1095B00000287FF47FAF80F31488606901F082F99E
:1095C00078E740F2FD133846ADF81C30FFF760FF36
:1095D00070E70AA92846FEF777FB0028AFD01EAB3C
:1095E00013E903000B0C3060B180B37118AC0FCCE1
:1095F0000D4FC6F807000AAC7960BA60FB600FCC6B
:1096000018360FC694E8070086E8070097E700BF02
:10961000B03B0020807F0020B47F0020BC7F002072
:10962000383E002000E100E0877F002030B585B0A3
:1096300004460E496846FFF7B5F969462046FFF72C
:1096400071F925466846FFF78DF9094B45F8183B37
:1096500008496846FFF7A6F969462846FEF75EF80E
:109660006846FFF77FF9204605B030BD94880300B7
:10967000DC880300B488030030B5B3B00546FFF7BB
:1096800035F918B10446204633B030BD2D491CA829
:10969000FFF788F91CA906A8FEF740F81CA8FFF7F9
:1096A00061F906A8FEF77CF806A80421FEF77CF80D
:1096B00006A81421FEF77CF806A8FDF74BFD04462A
:1096C00098B905F1180018210190FEF76DF801987E
:1096D0001721FEF76DF801981B490122FEF78AF861
:1096E0000198FDF737FD044628B106A8FDF718FDDF
:1096F000204633B030BD154902A8FFF753F902A93F
:109700001CA8FEF70BF802A8FFF72CF91CA8FEF71F
:1097100047F802211CA8FEF747F802211CA8FEF713
:1097200049F81CA8FDF716FD044618B901211CA82C
:10973000FEF7B8F81CA8FDF7F3FC06A8FDF7F0FC4F
:10974000D6E700BFA488030099940200C4880300F0
:10975000C16180F83D207047016380F84220704766
:1097600070B584B0044641F60A016846FFF70CF96B
:1097700069462046FFF7D6F86846FFF7F3F820461B
:109780000E4B40F8183B242200210BF081FD0C4EBB
:109790000C480D4AE06200232364E36384F84430FC
:1097A0001025052113232046E66184F83D5084F8F6
:1097B0004110226384F8423004B070BD0C8903006C
:1097C00040880300E8880300F08803002DE9F04793
:1097D0009AB00646FFF78AF88046002846D1336AD9
:1097E000002B4ED0736A002B56D0C6F5275909F1CD
:1097F000270906F1140406F1380706F13C0554F870
:10980000043F04A873B3FDF759FF2268B36B09EB5B
:1098100005019A4289B2684608BF42F65021FFF717
:10982000B3F8694604A8FDF7AFFF6846FFF79AF85A
:1098300004A8FDF7B5FF022104A8FDF7B5FF2978BC
:1098400004A8FDF7B7FF04A8FDF784FC824604A82E
:10985000BAF1000F0ED12A782168FDF7E7FF04A8BE
:10986000FDF75EFCBC4205F10105C8D140461AB0C7
:10987000BDE8F087FDF754FCD04640461AB0BDE87D
:10988000F0870AF0E3FD04460CF033FC736A34629F
:1098900086F83E00002BA8D10AF098FD04460CF093
:1098A00028FC746286F83F009FE700BFD0F8D830EC
:1098B000988980B2704700BF70B582B006460846EE
:1098C0001C460192FDF76AFF019905462246D0F831
:1098D000D8000AF0D5FC844206D9D5F8F0301BB187
:1098E000211A89B230469847D5F8E83023B130467E
:1098F00002B0BDE87040184702B070BD08B592B222
:10990000D0F8D8000AF00AFD08BD00BF00B583B04A
:10991000D0F8D8000DF1070200210AF03BFD20B17C
:109920009DF8070003B05DF804FB4FF0FF30F9E746
:10993000D0F8D8000AF092BCD0F8C030988980B234
:10994000704700BFD0F8C0000AF088BC10B50168AD
:109950000C4A8C69944282B00BD1D0F8D800012215
:109960000DF107010AF0DAFC40B19DF8070002B0E2
:1099700010BD01220DF10701A047F5E74FF0FF30C0
:10998000F5E700BFFD98020000B583B0D0F8C00035
:109990000DF1070200210AF0FDFC20B19DF807003F
:1099A00003B05DF804FB4FF0FF30F9E710B550F855
:1099B000181C0D4A8C69944282B00CD018380122D0
:1099C0000DF10701A04718B19DF8070002B010BDC6
:1099D0004FF0FF30FAE701220DF10701D0F8C00087
:1099E0000AF09CFCEFE700BFFD9802002DE9F04F64
:1099F00050F8183C83B004463F48D3F828800F46FF
:109A00001646FFF78BFC3D4B9845054609D0A4F15F
:109A1000180033463A462946C44603B0BDE8F04F25
:109A2000604701463448FFF785FC8346002850D044
:109A300004F1100948462946FDF754FF002848D094
:109A400094F8CC30002B3CD0D4F8C800C8B31FFA2F
:109A500086FA524639460AF013FCD4F8C8309B897E
:109A6000804658461FFA83FBFEF7DEF8033883452D
:109A700025DB21482946FFF75DFC50B3FEF7D4F8FB
:109A8000033882B21046019207F08EFC834600B381
:109A9000019AD4F8C80059460AF040FC0346F0B9D0
:109AA000584607F09BFC464509D9AAEB08039BB230
:109AB00007EB080229464846FDF744FF58B1B04677
:109AC00009E03A4629464846B3B2FDF73BFF002875
:109AD000F5D14FF00008404603B0BDE8F08F5A467C
:109AE00029464846FDF72EFF0446584607F076FC07
:109AF000002CD8D1EDE700BFB03B00201D9F020035
:109B00002DE9F04150F8183C84B004463B489E6A69
:109B10008DF80F10FFF702FC394B9E42054609D025
:109B2000A4F11800294601230DF10F02B04704B03B
:109B3000BDE8F08101463148FFF7FCFB064650B313
:109B400004F1100738462946FDF7CCFE18B394F807
:109B5000CC30002B49D0D4F8C800002845D00DF1F6
:109B60000F0101220AF08CFBD4F8C8309B89804693
:109B700030469EB2FEF758F8033886420DDA0120CF
:109B8000D5E7324629463846FDF7DCFE0446304626
:109B900007F024FCF4B90020C9E718482946FFF76C
:109BA000C9FB0028F7D0FEF73FF8C21E92B210465C
:109BB000019207F0F9FB06460028ECD0019AD4F890
:109BC000C80031460AF0AAFB03460028D9D1304626
:109BD00007F004FCB8F1000FD1D10DF10F022946B6
:109BE00038460123FDF7AEFEA1E72946384601239A
:109BF0000DF10F02FDF7A6FE99E700BFB03B002074
:109C00001D9F02002DE9F04105683B4BAD6A82B013
:109C10009D428DF8072065D1044638480E46FFF76F
:109C200089FB054600284FD004F128073846314605
:109C3000FDF758FE002847D094F8E430002B47D0B9
:109C4000D4F8E000002843D00DF1070101220AF00A
:109C500017FBD4F8E0309B89804628469DB2FDF77B
:109C6000E3FFC31E9D4244DB24483146FFF762FBFD
:109C700050B3FDF7D9FF033882B21046009207F0C7
:109C800093FB054600B3009AD4F8E00029460AF099
:109C900045FB68B9284607F0A1FBB8F1000F28D1B1
:109CA0000DF10702314638460123FDF74BFE0CE06B
:109CB00003462A4631463846FDF744FE0446284608
:109CC00007F08CFB002CE8D1002002B0BDE8F08149
:109CD0003146384601230DF10702FDF733FE02B08D
:109CE000BDE8F08101230DF10702A84702B0BDE8ED
:109CF000F0810120E9E700BF1D9F0200B03B00207A
:109D00002DE9F04F036883B0044641489E6A8846B7
:109D10001746FFF703FB3F4B9E42054661D10146C4
:109D20003B48FFF707FB0646002855D004F12809F9
:109D300048462946FDF7D6FD00284DD094F8E4307A
:109D4000002B41D0D4F8E00000283DD01FFA87FA5C
:109D5000524641460AF094FAD4F8E02003463046D1
:109D6000B2F80CB01E46FDF75FFF1FFA8BFB0338FD
:109D7000834524DB26482946FFF7DCFA60B3FDF76C
:109D800053FF033882B21046019207F00DFB834661
:109D900010B3019AD4F8E00059460AF0BFFA48BB64
:109DA000584607F01BFBB74209D9AAEB06039BB242
:109DB00008EB060229464846FDF7C4FD68B13E4659
:109DC000304603B0BDE8F08F424629464846BBB254
:109DD000FDF7B8FD0028F2D10026304603B0BDE8FB
:109DE000F08F01463B4642462046B44603B0BDE8EC
:109DF000F04F604703465A4629464846FDF7A2FD04
:109E00000446584607F0EAFA002CCCD1E4E700BF3C
:109E1000B03B00201D9F02002DE9F041036882B095
:109E200004463C489E6A8DF80710FFF777FA3A4BD4
:109E30009E420546014663D13648FFF77BFA064647
:109E400000284FD004F1280738462946FDF74AFD7F
:109E5000002847D094F8E430002B47D0D4F8E00035
:109E6000002843D00DF1070101220AF009FAD4F8C5
:109E7000E0309B89804630469EB2FDF7D5FEC31E7A
:109E80009E4245DB23482946FFF754FA50B3FDF7BD
:109E9000CBFE033882B21046009207F085FA0646E0
:109EA00000B3009AD4F8E00031460AF037FA68B9F6
:109EB000304607F093FAB8F1000F29D10DF10702EF
:109EC000294638460123FDF73DFD0CE003463246A6
:109ED00029463846FDF736FD0446304607F07EFA3F
:109EE000002CE8D1002002B0BDE8F08129463846B8
:109EF00001230DF10702FDF725FD02B0BDE8F08159
:109F0000204601230DF10702B04702B0BDE8F08101
:109F10000120E8E7B03B00201D9F02002DE9F04F33
:109F2000044683B0384890461F460E46FFF702FAB3
:109F3000002856D004F12809054631464846FDF769
:109F4000D1FC00284DD094F8E430002B41D0D4F857
:109F5000E00000283DD01FFA87FA524641460AF039
:109F60008FF9D4F8E02003462846B2F80CB01D461D
:109F7000FDF75AFE1FFA8BFB0338834524DB22488A
:109F80003146FFF7D7F960B3FDF74EFE033882B2D2
:109F90001046019207F008FA834610B3019AD4F8EC
:109FA000E00059460AF0BAF900BB584607F016FA25
:109FB000BD4209D2AAEB05039BB208EB050231466C
:109FC0004846FDF7BFFC68B13D46284603B0BDE8F2
:109FD000F08F424631464846BBB2FDF7B3FC00283D
:109FE000F2D10025284603B0BDE8F08F03465A465B
:109FF00031464846FDF7A6FC0446584607F0EEF900
:10A00000002CD5D1EDE700BFB03B002070B584B087
:10A0100004460E4668461E49FEF7C4FC69462046C3
:10A02000FEF780FC6846FEF79DFC1A4B1A4903F1C7
:10A030000802002548334FF47A70C4E906352260DF
:10A0400020626846FEF7AEFC694604F12800FDF781
:10A0500065FB6846FEF786FC10496846FEF7A2FCE1
:10A06000694604F18000FDF759FB6846FEF77AFC6B
:10A070002046C4E93A55C4F8D850A4F8DC60C4F8C6
:10A08000F050C4F8E05084F8E45004B070BD00BF54
:10A0900040890300508903003089030020890300B0
:10A0A00010B50D4B0446D0F8E00023604033A361A7
:10A0B00010B103685B68984704F18000FDF730F841
:10A0C00004F12800FDF72CF82046044B40F8083B2B
:10A0D000FEF748FC204610BD58890300E4870300C2
:10A0E00010B50F4B0446D0F8E00023604033A36165
:10A0F00010B103685B68984704F18000FDF710F821
:10A1000004F12800FDF70CF82046064B40F8083B08
:10A11000FEF728FC204609F03BFD204610BD00BF9D
:10A1200058890300E487030070B5044682B0182004
:10A1300009F02CFD0022054601210AF06FF828469F
:10A14000B4F8DC10C4F8D8500AF07AF82046FEF7CC
:10A15000CDFB054610B1284602B070BD01211E4856
:10A16000FFF7E0F804F12806034610213046019677
:10A170001E46FDF719FB2A4601981121FDF72CFB1D
:10A1800001983146FDF714FB01981449FDF746FB91
:10A190000198FCF7DFFF05460028DCD104F18000C0
:10A1A0000C210190FDF700FB01980D490122FDF7FC
:10A1B00019FB112201982946FDF70EFB0198314643
:10A1C000FDF7F6FA01980749FDF728FB019802B060
:10A1D000BDE87040FCF7BEBFB03B0020188903000B
:10A1E000B99802001C890300002201214270C0E9D5
:10A1F00001220170C2818281704700BF10B5044600
:10A20000017001B110BD0A2007F0B2F9606010BD05
:10A21000037810B5044643B1002301226370C4E9FA
:10A220000133E381A381227010BD406807F082FFF3
:10A23000F2E700BF002381608281C381704700BFC5
:10A24000037870B504460D46B3B9466801236370C0
:10A250004FF47A720023A802A90D0AF0C1FD01464D
:10A26000304607F0DFFD98B9237800264FF0FF3520
:10A270006670A3B9284670BD03220021012007F0B3
:10A2800035F9064660600028E0D14FF0FF35F1E770
:10A29000E58923780026ADB26670002BEAD06068AD
:10A2A00007F048FF6660284670BD00BF40787047E1
:10A2B00038B504468089824228BF0246154619B146
:10A2C000A0680AF0BDFFA089E389A26815FA83F3AC
:10A2D000401B9BB22A44A081E381A260284638BD7E
:10A2E000406820B100231A46194607F073B9704739
:10A2F000B1DF7047B2DF704708B50F4806F0BAF813
:10A300000E490D4800F09AFB28B10D490A4800F0AB
:10A3100095FB50B108BD0949074800F0ABFB08495F
:10A32000054800F08BFB0028F4D1BDE80840044943
:10A33000014800F09FBB00BFA43F0020B489030088
:10A34000C889030070B586B00E4603230021054678
:10A3500014460093044A0496084603AB03950594FB
:10A3600009F0CEFE06B070BD31A6020070B586B011
:10A370000323144606460D460093104603AB044AD9
:10A3800005940721CDE9036509F0BAFE06B070BD5A
:10A3900061A7020030B50A4691B0897953790391DB
:10A3A00011790293D378094D094C01910093937868
:10A3B000527801280CBF2946214604A80BF03AFE2A
:10A3C00004A9044800F0AEFB11B030BDDC890300E5
:10A3D0000C8A0300A43F00202DE9F043D1B00B7894
:10A3E000032B04AF0D460446904668D95A08022A4A
:10A3F0005ED14F4A4F49504BDFF84891012818BFB2
:10A4000011460022381D00F065FD4B4907F1680038
:10A4100000F096FC07F1CC0611E00246414607F138
:10A42000680000F07FFD08F1380229464846FEF733
:10A43000F1F8044678BB07F1680000F0E9FD00225E
:10A44000391D304600F016FE07F1D0000DC8D7F8D0
:10A45000DC10D7F8E4407B67D7F8E83097F8E0C025
:10A46000F8663A67B967412207F1EC0107F1880005
:10A47000C7E9204387F87CC00AF0E2FE07F16800D4
:10A4800000F0F2FD044607F1680044B100F0F8FB6B
:10A490005028D0D1C1E707F1680000F0B9FD381DA0
:10A4A00000F0B6FD204607F59A77BD46BDE8F0837B
:10A4B0000024204607F59A77BD46BDE8F083E946BB
:10A4C0008CB08979AB786A7803916979029129799E
:10A4D00001911A4E1A49E878009004AD012C08BF8A
:10A4E0003146284607F1CC060BF0A4FD1249304650
:10A4F00000F026FC29463046002200F0CFFC04463E
:10A5000050B90024304600F083FD2046CD4607F5C3
:10A510009A77BD46BDE8F083304600F0B1FB021EDD
:10A52000EFDD92B24146304600F0FCFCEAE700BFA6
:10A53000C8890300B4890300A43F0020DC8903001C
:10A540000C8A0300D03B0020F0B5ADB0957993782C
:10A55000344E1446527803956579029594F804C0F8
:10A56000CDF804C0304DE478009404AF0C460128C7
:10A570000CBF3146294607F10C000BF05BFD2B4B5D
:10A5800007F10C0107F13C00002200F0A3FC07F1E9
:10A590003C0000F069FD40B9002407F13C0000F0E8
:10A5A00037FD2046A437BD46F0BD07F13C0000F062
:10A5B00067FB051E08DD07F13C0000F0F1FC2918DF
:10A5C00007F13C0000F0CEFC07F13C0000F058FB26
:10A5D000051E08DD07F13C0000F0E2FC291807F138
:10A5E0003C0000F0BFFC07F13C0000F049FB0028F4
:10A5F000D2DDC31D23F007036D46ADEB030D82B220
:10A6000004A907F13C00C7E9001200F08BFC2046CA
:10A61000D7E900120323FFF76BFEB0FA80F4640958
:10A62000AD46BAE7DC8903000C8A0300A43F002092
:10A63000F0B5B5B092F84E5092F84A30434E1446F9
:10A6400092F84920039594F84D50029594F84C5097
:10A65000019594F84B5000950D463D4904AF0128F3
:10A6600018BF314607F12C000BF0E4FC394807F124
:10A670002C0100F0E3F96E4600284AD1354B07F172
:10A680002C0107F15C00012200F024FC07F15C00C2
:10A6900000F0EAFC18B9C437B546BD46F0BD5021FC
:10A6A00007F15C0000F01AFB5022214607F15C0024
:10A6B00000F052FA0023294627487B61C7E903339B
:10A6C000C7E90633C7E90833BB62FEF733FE07F17B
:10A6D0000C012022FDF7CAFB3B7B03B307F10C0002
:10A6E0000BF007FD013082B2C1B207F15C007A6065
:10A6F00000F0F4FA7A6807F10C0107F15C0000F051
:10A700002BFA07F15C0000F083FCC437B546BD4668
:10A71000F0BD07F12C010F4800F004FAAEE794F801
:10A72000491094F84D3094F84E20039194F84A1053
:10A73000029194F84B10019194F84C10009107F19C
:10A740000C0006490BF076FCC8E700BF0C8A03003A
:10A75000DC890300A43F0020B03B00203C8A0300BA
:10A760002DE9F043ADB00C4604AF002103230646AB
:10A770001546204607F10A027981FFF7BBFD7B8968
:10A78000E84623B9A437C546BD46BDE8F083073384
:10A79000DB08A8EBC3039D460DF11009204607F125
:10A7A0000A0249460323FFF7A5FD04460028E9D124
:10A7B000A979AB786A780391697902912979019135
:10A7C0003D483E49ED780095012E08BF014607F14E
:10A7D0000C000BF02FFC3A4B07F10C0107F13C0089
:10A7E000012200F077FB07F13C0000F03DFC00285F
:10A7F000C8D0214607F13C0000F0B4FB07F13C0053
:10A8000000F03EFA041E08DD07F13C0000F0C8FB32
:10A81000211807F13C0000F0A5FB07F13C0000F017
:10A820002FFA041E08DD07F13C0000F0B9FB2118E7
:10A8300007F13C0000F096FB07F13C0000F020FA25
:10A840007C8980B2A04213D0E1B207F13C0000F055
:10A8500045FA2246494607F13C0000F07DF907F130
:10A860003C0000F0D5FBA437C546BD46BDE8F083EB
:10A87000E31D6D46DB08A5EBC3039D4604A92246F4
:10A8800007F13C00796000F04DFB79687A89484611
:10A890000AF0C8FC08B9AD46E1E707F13C0000F05A
:10A8A0009BFB7B89DB43191807F13C0000F05AFB46
:10A8B000AD467C89C8E700BFDC8903000C8A030031
:10A8C000A43F0020F0B40346186880F30888586855
:10A8D000FF2464B2EFF30585002D01D1A6460047A1
:10A8E0002546064621273FBAF0B40024002500265D
:10A8F0000027F0B4F92040B2004700BFF0BC704719
:10A9000000207047704700BF002070474FF0FF30B5
:10A91000704700BF002070474FF0FF30704700BF06
:10A920000020704730B4084B084A4FF47F4102F1D1
:10A930000805002430324FF47A709982C3E901404F
:10A940001D601A6130BC70478C3F00205C8A030098
:10A95000704700BF10B5044609F01AF9204610BD33
:10A9600038B50A4B04460D46442240F80C3B002102
:10A970000AF08EFC0023A560237104F1540101202C
:10A9800006F0D8FF2065204638BD00BF988A030036
:10A9900070B504460E46006D4FF0FF3107F042FAE5
:10A9A000257955B98EB1A660314604F10C0005F049
:10A9B000BBFBB0FA80F56D0925710023206D1A46A6
:10A9C000194606F007FE284670BDA668002EF4D092
:10A9D000EAE700BF70B505464FF0FF31006D07F0A4
:10A9E00021FA2B7993B1002305F10C062B71304627
:10A9F00005F0AEFC044680B10023286D1A461946C6
:10AA000006F0E8FDB4FA84F0400970BDA96805F1CC
:10AA10000C0004F029FF0446EEE7A968304604F074
:10AA200023FF04460028E7D1A968304605F07CFBE7
:10AA300004460028E0D101232B71DDE730B5044640
:10AA400095B00D46006D4FF0FF3107F0EBF9294648
:10AA500001AA04F10C0004F0DBFC002302461946B5
:10AA6000206D14461A4606F0B5FDB4FA84F040098C
:10AA700015B030BD2DE9F04F83B00B7800AF2F2B10
:10AA800078600CBF4C1C0C4606460D46006D4FF01E
:10AA9000FF3107F0C7F906F10C084FF0000917E085
:10AAA000ADEB030D68468B4500F8019BEA4601DDDE
:10AAB0000AF0EEFB29465A4650460AF0C1FB5146C1
:10AAC000404603F00BFD08B1113028D10134B546E2
:10AAD00020462F210BF0DDFAA0EB050B0BF108034C
:10AAE0006E460021044623F007035A460028D7D1BA
:10AAF0002946404603F0F2FC60B901247A6800233D
:10AB0000106D19461A4606F065FD20460C37BD4605
:10AB1000BDE8F08F113014BF00240124EEE70024BB
:10AB2000B546EBE738B504460D46006D4FF0FF31F2
:10AB300007F078F9294604F10C0004F0C1FC002369
:10AB400002461946206D14461A4606F043FDB4FA33
:10AB500084F0400938BD00BF036970B504460D4656
:10AB6000186D4FF0FF31164607F05CF9237D4BB1AD
:10AB7000002522690023106D19461A4606F02AFDA9
:10AB8000284670BD2069A1692A4633460C3003F07F
:10AB9000F3FF20EAE075ECE770B50369044682B084
:10ABA000186D4FF0FF3107F03DF9267D4EBB20694F
:10ABB000A1690C3004F01EFC05462069A1698DF8DE
:10ABC000076001230DF107020C3004F05FFB002841
:10ABD0002069A169C8BF9DF807602A4600F10C00F2
:10ABE0004FF00003D8BF4FF0FF3604F0D3FB2269CB
:10ABF0000023106D19461A4606F0ECFC304602B0F0
:10AC000070BD4FF0FF36F2E738B5036904464FF0E8
:10AC1000FF31186D07F006F9237D4BB1002522693D
:10AC20000023106D19461A4606F0D4FC284638BD9C
:10AC30002069A1690C3004F0DFFB05462069A16999
:10AC40000C3004F0D7FB2D1AE9E700BF036910B5FB
:10AC500004464FF0FF31186D07F0E4F8237D43B14F
:10AC600022690023106DBDE810401A46194606F00F
:10AC7000B1BC2069A1690C3004F0E4F9F0E700BF31
:10AC800030B50369044683B0186D4FF0FF3107F00B
:10AC9000C9F8257D55B122690023106D19461A4661
:10ACA00006F098FC4FF0FF3003B030BD2069A16979
:10ACB0000DF1070201230C3004F0E8FA23692A465B
:10ACC00004462946186D2B4606F084FC002CCCBFA8
:10ACD0009DF807004FF0FF3003B030BD30B503687A
:10ACE000164A5B6883B093428DF807101ED1036942
:10ACF00004464FF0FF31186D07F094F8237D53B1EF
:10AD0000002522690023106D19461A4606F062FCE0
:10AD1000284603B030BD2069A1690C3001230DF134
:10AD2000070203F029FF20EAE075EAE701220DF1AE
:10AD3000070198470546284603B030BD59AB0200CD
:10AD400030B4074C016100224FF47A75C0E900422B
:10AD50008560C0E9062230BC027580F8202070476B
:10AD6000B48A0300F0B5836997B004460D461646D1
:10AD700093B1077D006919460C30002F45D003F0D0
:10AD8000ADFDA06906F02AFBE0690023A36108B1CC
:10AD900006F024FB0023E361206903AA0C30294656
:10ADA00004F036FB98B99DF80C30112B34D02C20D0
:10ADB00006F0FAFA0146A06130B120692A460C304B
:10ADC00003F064FD002839D0002017B0F0BD023038
:10ADD000FAD1012EF8D1382006F0E6FA0146A0613A
:10ADE0000028F1D0206940F203130C302A4603F00A
:10ADF00011FE06460028E7D12069A1690C30022324
:10AE0000324604F0C7FA267509E004F09DF9A069FE
:10AE100006F0E4FAA761BFE7EEB1012E3AD02F2188
:10AE200028460BF081F9203400B1451C2946204604
:10AE300040220BF066F9012017B0F0BD0123237505
:10AE400028460BF056F9013006F0AEFA2946E061CB
:10AE50000BF036F9E3E701233820019306F0A4FA5A
:10AE6000019BA06101460028AED020692A460C3023
:10AE700003F0D0FD0028A7D1012E02D000232375B6
:10AE8000CDE72369A169024603F10C00022304F017
:10AE900081FAF3E740F20313DEE700BF30B5036940
:10AEA00083B004460D46186D01924FF0FF3106F055
:10AEB000B9FF019A29462046FFF754FF2169002374
:10AEC00002461446086D1A46194606F083FB2046D2
:10AED00003B030BD70B504460025C4E906551048DE
:10AEE000236182B0206084F820504FF47A700E46BF
:10AEF000A0604FF0FF31186D65602575019206F076
:10AF000091FF019A31462046FFF72CFF22692B461C
:10AF1000106D29462A4606F05DFB204602B070BD42
:10AF2000B48A0300036970B504460D46186D4FF0EE
:10AF3000FF31164606F076FF237D4BB100252269CE
:10AF40000023106D19461A4606F044FB284670BDD2
:10AF50002069A1692A4633460C3004F097F905466A
:10AF6000EDE700BF38B5036904460D46186D4FF094
:10AF7000FF3106F057FF237D4BB1002522690023E6
:10AF8000106D19461A4606F025FB284638BD206983
:10AF9000A1692A460C3004F0FDF9C543ED0FEDE739
:10AFA00038B5036904464FF0FF31186D06F03AFFDB
:10AFB000237D4BB1002522690023106D19461A46E6
:10AFC00006F008FB284638BD2069A1690C3004F062
:10AFD00011FA0546EFE700BF38B5036904464FF0A4
:10AFE000FF31186D06F01EFF237D4BB1002522694D
:10AFF0000023106D19461A4606F0ECFA284638BDB3
:10B000002069A1690C3004F0F7F90546EFE700BFAD
:10B01000036970B504464FF0FF31186D06F002FF6A
:10B02000A16981B12069257D0C30ADB103F056FCDA
:10B03000A06906F0D3F9E0690023A36108B106F026
:10B04000CDF90023E36122690023106DBDE8704053
:10B050001A46194606F0BEBA04F076F8A06906F062
:10B06000BDF9A561EFE700BF8069003818BF012076
:10B07000704700BF2DE9F04F95B00B6906460C46AE
:10B08000186D4FF0FF3100AF904606F0CBFE002365
:10B090002069337586F82030227D2B4930614FF4CA
:10B0A0007A70C6E90013C6E90633B060DAB342F637
:10B0B0002E652069A1690C303A1D03F023FC01289C
:10B0C00031D1BB892E2BF4D0AB4238D0D4F81C90B0
:10B0D00048460BF00EF8054607F10C000BF009F896
:10B0E0002B18093323F00703EA46ADEB030D68463E
:10B0F0006A1C49460AF0A4F899F800302F2BEB4659
:10B1000002D199F801301BB1104B1B882BF8053088
:10B1100007F10C0158460AF0ADFF42465946304649
:10B12000FFF720FED54622690023106D19461A4606
:10B1300006F050FA30465437BD46BDE8F08FBB7B71
:10B14000002BB6D0C2E700BFB48A0300A88A030070
:10B150002DE9F04F85B0DDE90E4B109F81460D467D
:10B1600090461E46002F63D0B8F1000F03D0D8F8E8
:10B170000030B34249D0D9F800002B689E422BD052
:10B180004369B4FBF3F203FB1242BAB9BB4215D8D0
:10B19000B7FBF3F203FB127AA7EB0A0300930393C6
:10B1A000436822461F4631465B46B84788B9039B31
:10B1B00057469B441C44002FD6D139E00093A21A75
:10B1C000C5E90062D0F804A0AB683146D04700283A
:10B1D000CAD005B0BDE8F08F69684369A142D0D8F4
:10B1E000CA18A242CDD9A2EB040ABA45AB6828BF5F
:10B1F000BA46611A524658461944BF1A54440AF0D6
:10B200001FF8D344002FAFD112E0D8F80430A34286
:10B21000B1D8D9F8000082691A44A242ADD9A2EB94
:10B22000040ABA45D8F8081028BFBA46E31AE1E77D
:10B23000002005B0BDE8F08F2DE9F04F074687B03C
:10B240000D4672B30368D1F800B090469A69D1E90F
:10B2500001104AB3013A01F101098618A9EB00096E
:10B26000441E4FF0010A08E014F8012F9DF8173032
:10B270009A4223D1A6423B6814D01A6A934509EB3F
:10B28000040320D20DF11702CDE90032CDF808A059
:10B290005B46002241463846FFF75AFF0028E3D0BC
:10B2A00009DB3B68A8689A69FF2109F0F1FF4FF0BC
:10B2B000FF332B60002007B0BDE8F08F6FF0330044
:10B2C00007B0BDE8F08F034B034A0448122109F090
:10B2D0001DFF00BFD08A0300FC8C0300F08A03002E
:10B2E0002DE9F04F87B0DDF840A00592002B64D027
:10B2F000D0F800908B46D9F81C105C1EA1F108080C
:10B300004445074651D3B4FBF8F0013809F080FDFD
:10B31000D04500F10200A4EB8003B3FBF8F560D840
:10B32000BAFBF8F0013809F073FD861CAAEB86061B
:10B33000B6FBF8F6304609F06BFDAAEB800006FB81
:10B34000180AB54243D9D9F82020059B4FF00409CB
:10B350000DF114080BE0012B45D93A68126A9342AB
:10B3600041D8012101FA04F42D1BB54230D9AC1BA0
:10B37000B4FA84F495FAA5F1C4F11F04B1FA81F18D
:10B380008C4228BF0C4693424FEA840132D200918E
:10B39000CDE90189002259463846FFF7D9FE059BC1
:10B3A0000028D8D007B0BDE8F08FD04588BF13463D
:10B3B000BAFBF8F00CD80025B4E711994FF0FF3232
:10B3C0000A60129A1846136007B0BDE8F08F059B1B
:10B3D000119A1360129B0020C3F800A007B0BDE8CB
:10B3E000F08F0026ADE7064B064A07484FF48F6101
:10B3F00009F08CFE054B064A0348122109F086FE2F
:10B40000708B03001C8D0300F08A0300D08A0300B8
:10B41000FC8C03002DE9F04F89B00746149C129D67
:10B420008B4692461E46002C55D0DBF80030B342C6
:10B430005CD0013340F0A18038688269B5FBF2F33B
:10B4400002FB1353002B4AD1A24248D8B4FBF2F3BB
:10B4500002FB13430593E31A009304938468139B40
:10B460002A463146A04700287ED1BAF1000F29D0E4
:10B47000049B3BB3139B5C1E049B04EB0309139BCF
:10B4800005F10108A8EB030807E014F8012F9DF867
:10B490001F309A4266D14C4514D03B681A6A9642D6
:10B4A00008EB040363D2012202920DF11F02CDE9E1
:10B4B00000325146334600223846FFF749FE002845
:10B4C000E3D051DB139A049B059C11461944139158
:10B4D0001D44002CA9D1002009B0BDE8F08FEB1A63
:10B4E000CBE90063DBF80030B342A2D1DBF80410F3
:10B4F000A9429ED83A6892690A44AA4299D9A2EB15
:10B500000508A045DBF8080028BFA046691A0844D2
:10B510004246139909F094FE3868139982694544AC
:10B520004144B5FBF2F302FB1353A4EB080413915F
:10B53000002B7FF478AFDBF800104B1C3FF473AFA7
:10B540000092DBE90123D0F80880C04760B9524679
:10B5500059463846FFF770FE00283FF464AF09B043
:10B56000BDE8F08F6FF0330009B0BDE8F08F064BF7
:10B57000064A0748122109F0C9FD064B064A04484D
:10B58000B72109F0C3FD00BFD08A0300FC8C030083
:10B59000F08A03009C8B03000C8D03002DE9F04F13
:10B5A0000446D2E9003091B04FF0010B0A9300231A
:10B5B0000B90069104F114080DF1280905932368F6
:10B5C00059F8045B1B6A9D427BD210230DF1300AAF
:10B5D0000022CDE901A300922B4641462046FFF709
:10B5E000B7FD002839D1059B002B60D10D9B23F0BE
:10B5F0000043132B4FD92268D26993424BD84FF0A6
:10B60000FF3309A810225146099304F0BFFE0D9B99
:10B6100023F00043102B28D0CDF81C9010260DF1FC
:10B620002307994607E001360122394609A804F0AC
:10B63000ADFEB14517D023681B6A9D4241D201235C
:10B64000CDE9017300962B46002241462046FFF7C4
:10B650007FFD0028E7D0DDF81C9010F1340F1AD0E0
:10B6600011B0BDE8F08FDDF81C90099B9BB99AE8FA
:10B670000F000BF0010610AF07EB860C069F10269B
:10B68000FE603E467D601C365CF8185CBD6086E856
:10B690000F0001230593BBF1020F0FD1059B002B77
:10B6A00014BF00206FF0330011B0BDE8F08F069A90
:10B6B0000C9BD2699B1A002B98DAECE74FF0020B37
:10B6C0007DE7034B034A0448122109F01FFD00BF28
:10B6D000D08A0300FC8C0300F08A03004368013326
:10B6E00037D02DE9F0438368013383B0044628D076
:10B6F00015460E464FF000084FF001096A462946EC
:10B70000CDE90089FFF74AFFE0B905F124086B6A2B
:10B71000591C16D0AF6A7A1C13D0D6F800C09C45CD
:10B7200013D0D6F804E0BE450FD0734542462946F3
:10B7300020460AD0BC4508D0FFF730FF0028E6D0ED
:10B7400000E0002003B0BDE8F083012003B0BDE8B5
:10B75000F0830020704700BF2DE9F041D1F820C0F0
:10B760000C46C9682CF00043043B01F10C069E42D4
:10B7700084B0054617461FD904F12408102612E0AC
:10B78000424621462846FFF709FF90B9D4F820C069
:10B79000A169E6602CF00043043B14311B2BA1612E
:10B7A0004FF0100108D8BCF1000FE9DB39606FF0F1
:10B7B000010004B0BDE8F0812A46636852F8140B1A
:10B7C000066AB34207F104001AD20C26CDE9001034
:10B7D0000296114628460022FFF7BAFC0028E8D15D
:10B7E0007B79BA79FD79A16904331344E2683A6040
:10B7F0002B441A440B44E260A36104B0BDE8F0811D
:10B80000024B034A0348122109F080FCD08A03004E
:10B81000FC8C0300F08A0300F0B593B000260D46BF
:10B82000012707A96A46CDE900670446FFF7B6FE7F
:10B83000064610B121E0831C22D1109B01331CD09D
:10B84000119B013319D010AA07A92046FFF7A6FEC5
:10B85000B0B903AA07A92046FFF77EFF0028EAD166
:10B860009DF91030002B4FF00802294605A8F0DBA7
:10B8700009F0D8FC0028ECD10126304613B0F0BD09
:10B880000646304613B0F0BD2DE9F04716460024B9
:10B890000122C6E90942824688461D4606F124096E
:10B8A0004A4631465046FFF779FE074668B92A46B0
:10B8B00031465046FFF750FF50B1831C1FD1736AC9
:10B8C000013302D0B36A0133EAD13846BDE8F087CC
:10B8D0002C7904F07004202CE9D1AB68D8F8002052
:10B8E000934208D0E868D8F80410884203D08B420D
:10B8F00001D08242DBD101273846BDE8F0870746F8
:10B90000E3E700BF2DE9F04F2DED028B8DB090469F
:10B910001C46099340F622032268C8F804300892B6
:10B92000D0E90123724EC8F8082082468946C8F83B
:10B930000C3000F1140B089D314628460AF008FC33
:10B940002B46034404463146184605930AF0C0FBD3
:10B950000128049000F0B080022804D1059B1B78D8
:10B960002E2B00F0B280DDE90423134408931F4618
:10B970000124314638460AF0EBFB0744384631468D
:10B980000AF0A6FB78B1022802D001340744F0E7A0
:10B990003B782E2BF9D17B782E2BF6D1013CF5D1BB
:10B9A000BB1C0893C7E7059C207800285FD0099B43
:10B9B0001C6098F80430222B40F08D8008F10803B9
:10B9C0001A464946504608EE103AFFF7E7FD0028B0
:10B9D0004DD1049B013B23440793424649465046C0
:10B9E000FFF7BAFE002842D198F8042002F07F0346
:10B9F000112B01D0222BF0D198F8073004998B42FB
:10BA0000EBD1D8F8003098F8051098F80650D9F81E
:10BA1000047004330B441D44049BA3B3059BCDF871
:10BA200018800135DDF81C80ED1A5C1E07E014F863
:10BA3000012F9DF82F309A421ED144451FD0DAF8CD
:10BA400000301A6A974205EB040347D201220292A2
:10BA50000DF12F02CDE9003259463B4600225046F7
:10BA6000FFF776FB0028E2D0DDF8188009DA0DB088
:10BA7000BDEC028BBDE8F08FDDF81880ADE7DDF896
:10BA8000188098F8042013067FF555AFDAF80430D3
:10BA900001330CD0DAF80830013308D018EE101A50
:10BAA0005046FFF7B9FE00281ED198F8042002F096
:10BAB0007F0288F804203EE72B5D2E2B7FF453AFE6
:10BAC000DDE904231344089335E7059B5B782E2BAF
:10BAD0007FF449AFF4E76FF01300C8E7054B064A5F
:10BAE0000648122109F012FBC1DB6FF00100BEE72E
:10BAF000A88A0300D08A0300FC8C0300F08A0300AC
:10BB00002DE9F04F8B469DB00BF1040304930BF12C
:10BB10000C03CDE9053B016B04464FF001080025FD
:10BB2000D4E90D3010E05A09E66B01385F1CA063C0
:10BB3000676356F822C003F01F0208FA02F212EA05
:10BB40000C0F00F027813B469942ECD1002800F011
:10BB5000F2812268E36AD2E908621944904228BF60
:10BB60001046B1FBF6F306FB13112063E162E06BB4
:10BB70006563D208002109F08BFB6368013300F094
:10BB80005781A368013300F053810022012300256F
:10BB9000CDE9082304F1140701222E46D4F800C091
:10BBA000E16ADCF82030206B591A0E44B6FBF3F53D
:10BBB00003FB1565854210D26909E26B05F01F058C
:10BBC00052F8213008FA05F51D4342F82150DCF8FF
:10BBD0002030E16A099A206B591A0A44B2FBF3F14A
:10BBE00003FB112383420AD25809E16B03F01F03C0
:10BBF00051F8202008FA03F3134341F8203008AA33
:10BC000011A92046FFF7CAFC002840F00E810C2540
:10BC1000149A24E02068129B006A834280F01A8202
:10BC20000EA9CDE900210295002239462046FFF7F2
:10BC30008FFA002840F0F9809DF839209DF83A30BD
:10BC40009DF83B60149904321A449DF83830324410
:10BC500003F070030A44102B149200F0EB80199B40
:10BC600023F00043043B02F10C009842D2D9DDE9F5
:10BC70001A62701CCDE9086201D0511C8ED1D4F833
:10BC80000C904D46B9F1000F00F0DE81EB69DA034C
:10BC900040F156816F69002F00F05281D4F800A066
:10BCA000DAF81C60013F083EB742C0F0CF81B7FB15
:10BCB000F6F0013809F0ACF80230A7EB8002B2FBD5
:10BCC000F6F6D4F830E0E16A2B69079505F12C000F
:10BCD0000546DAF82020704604F114098E46014624
:10BCE0009818A0EB0E0EBEFBF2F002FB10E28A42A7
:10BCF0000AD25709E06B02F01F0250F8271008FA29
:10BD000002F20A4340F82720002E00F01781DAF8EB
:10BD1000202006F00107C7F1020A93424FEA8A0089
:10BD200080F098810BA90022CDE9011000924946CC
:10BD30002A462046FFF70CFA002876D10AF1FF3C8C
:10BD4000D4F800A013E0BBFBF2F302FB13B38B4269
:10BD50004FF0010014D24FEA531EE16B03F01F03B2
:10BD600051F82E2000FA03F3134341F82E30D4F893
:10BD70002CE0DAF820200B9B216BA2EB0E0B9B44EE
:10BD80006045E0DB1CAB03EB8C0C023F5CF8443CF1
:10BD90003E44A5E72068E26A016A1344B3FBF1F26E
:10BDA00001FB1233049A42F8043BD4E90C13994284
:10BDB000049207D10FE0A26B0133013A8B42C4E930
:10BDC0000D3208D05D0903F01F0256F8255008FA1D
:10BDD00002F22A42EFD1DDE9043293427FF49FAEB2
:10BDE000DDF818B0006ADBF8043083420BF11C0266
:10BDF00004F1140180F02E810425019200222046D6
:10BE000002950092FFF7A4F9002840F08B80DBF840
:10BE10001C304FF0FF32CBE90922142001331021EE
:10BE2000CBE90730CBF80C1000201DB0BDE8F08F37
:10BE3000216B75E6109B002B3FF411AFD4F800A0E6
:10BE4000DAF81C6003F1FF3BA6F10809CB4570D37B
:10BE5000BBFBF9F0013808F0DBFF861CABEB860674
:10BE6000B6FBF9F60F9BE16ADAF82020D4F830E04F
:10BE70009818401AB0FBF2F102FB110272450BD286
:10BE80004FEA521CE16B02F01F0251F82C0008FA35
:10BE900002F2024341F82C20002E3FF4B9AEDAF84A
:10BEA000202006F00109C9F1020A93424FEA8A00F4
:10BEB00080F0D0800BA90022CDE901100092394614
:10BEC0002046FFF745F90028AFD10AF1FF3CD4F82E
:10BED00000A013E0BBFBF2F302FB13B373454FF07A
:10BEE000010014D24FEA531EE16B03F01F0351F817
:10BEF0002E2000FA03F3134341F82E30E16ADAF8FA
:10BF000020200B9BD4F830E0A2EB010B9B44604552
:10BF1000E0DB1CAB03EB8C0CA9F102095CF8443CA0
:10BF20004E44A5E710F1340F3FF471AF1DB0BDE8EA
:10BF3000F08F064696E76FF01B0076E7079DEB69EA
:10BF40009B037DD52F6A002F7AD0D4F800A0DAF8B1
:10BF50001C60013F083EB7427AD3B7FBF6F00138C8
:10BF600008F056FF0230A7EB8003B3FBF6F6D4F8D7
:10BF700030E0E16A6B6A079505F12C000546DAF8B6
:10BF80002020704604F114098E4601469818A0EB53
:10BF90000E0EBEFBF2F002FB10E28A420AD25709F3
:10BFA000E06B02F01F0250F8271008FA02F20A4371
:10BFB00040F82720002E42D0DAF8202006F00107B2
:10BFC000C7F1020A93424FEA8A0043D20BA900222A
:10BFD000CDE90110009249462A462046FFF7B8F8FD
:10BFE00000287FF422AF0AF1FF3CD4F800A013E050
:10BFF000BBFBF2F302FB13B38B424FF0010014D2F0
:10C000004FEA531EE16B03F01F0351F82E2000FA94
:10C0100003F3134341F82E30D4F82CE0DAF8202053
:10C020000B9B216BA2EB0E0B9B446045E0DB1CAB32
:10C0300003EB8C0C023F5CF8443C3E44A6E7079DB2
:10C040002D68002D7FF422AE216B68E5002638E6CE
:10C0500000268CE7024B034A0348122109F056F8E8
:10C06000D08A0300FC8C0300F08A03002DE9F04F16
:10C070002DED028B9BB0012504460491A9464FF09B
:10C080000008D4E90D31D4F830C00FE05A09E76B4D
:10C090000139581CA163606357F8226003F01F0246
:10C0A00005FA02F2324200F02A8103469C45EDD1A6
:10C0B000002900F052822368E66AD3E90802B444FA
:10C0C000914228BF1146BCFBF0F300FB13C3216370
:10C0D000E362E06BC4F83480D208002109F0D8F89C
:10C0E00063680133CDD0A3680133CAD00022012395
:10C0F000CDE906230122002004F1140796462268A8
:10C10000E36A116A266BCB1A03EB000CBCFBF1F05F
:10C1100001FB10C0864210D94609E16B00F01F00F8
:10C1200051F8263005FA00F0184341F82600D4E90A
:10C130000B36116ADDF81CE0CB1A7344B3FBF1F245
:10C1400001FB1233B3420AD25809E16B03F01F031B
:10C1500051F8202005FA03F3134341F8203006AAD2
:10C160000FA92046FFF71AFA002840F0E9804FF0A7
:10C170000C08129A0CAE23E02168109B096A8B42CE
:10C1800080F0F5810092CDE9016800223946204611
:10C19000FEF7DEFF002840F0D3809DF831209DF8A7
:10C1A00032109DF833C0129B04320A449DF83010BF
:10C1B00062441A4401F07003102B129200F0C58003
:10C1C000179B23F00043043B02F10C019942D3D9A1
:10C1D000DDE9180E411CCDE9060E02D0BEF1FF3F8D
:10C1E0008DD1D4F80C804646B8F1000F3FF447AF2C
:10C1F000F369DA0340F128817769002F00F0248188
:10C20000D4F800A0DAF81C30013FA3F10808474534
:10C21000C0F0A881B7FBF8F0013808F0F9FD023052
:10C22000A7EB8007B7FBF8F704F11400E16AD4F834
:10C2300030C0DAF8202033690596834606F12C00D9
:10C2400008EE100A0E4661469818A0EB060EBEFBDB
:10C25000F2F002FB10E28A420BD2E06B4FEA521C72
:10C2600002F01F0150F82C2005FA01F10A4340F8B2
:10C270002C20002F00F0E680DAF8202007F00108DB
:10C28000C8F1020A93424FEA8A0080F0708109A93E
:10C290000022CDE901100092594618EE102A2046DE
:10C2A000FEF756FF00284BD10AF1FF3CD4F800A05E
:10C2B00012E0BEFBF2F302FB13E38B424FF00100EE
:10C2C00012D25E09E16B03F01F0351F8262009FA30
:10C2D00003F3134341F82630E66ADAF82020099B7D
:10C2E000216BA2EB060E9E446045E2DB1AAB03EB2A
:10C2F0008C0CA8F102085CF8443C4744A4E7216890
:10C30000E26A096A1344B3FBF1F201FB1233049AA7
:10C310001360D4E90C03834211D0012506E0A26B1F
:10C320000133013A8342C4E90D3208D0590903F0C0
:10C330001F0257F8211005FA02F20A42EFD100203D
:10C340001BB0BDEC028BBDE8F08F0E9E002E3FF4BB
:10C3500011AFD4F800A0DAF81C20013EA2F1080BBE
:10C360005E450AD3B6FBFBF0013808F051FD023000
:10C37000A6EB8003B3FBFBF31846E16AD4F830C0A8
:10C380000D9BDAF8202008EE107A8E4607466146AB
:10C390009818A0EB0E0EBEFBF2F002FB10E28A42F0
:10C3A0000AD25609E06B02F01F0250F8261005FA77
:10C3B00002F20A4340F82620002F00F0D580DAF878
:10C3C000202007F00106C6F1020A93424FEA8A00D4
:10C3D00080F0CD8009A90022CDE90110009218EE6D
:10C3E000101A2046FEF7B4FE0028A9D10AF1FF3C3E
:10C3F000D4F800A013E0BBFBF2F302FB13B38B42B3
:10C400004FF0010014D24FEA531EE16B03F01F03FB
:10C4100051F82E2009FA03F3134341F82E30D4F8D3
:10C420002CE0DAF82020099B216BA2EB0E0B9B4439
:10C430006045E0DB1AAB03EB8C0C023E5CF8443C3D
:10C440003744A5E7059EF3699B0340F18180376A75
:10C45000002F7DD0D4F800A0DAF81C20013FA2F113
:10C46000080847457CD3B7FBF8F0013808F0D0FC4A
:10C470000230A7EB8007B7FBF8F704F11400E16A7C
:10C48000D4F830C0DAF82020736A0596834606F1A6
:10C490002C0008EE100A0E4661469818A0EB060E16
:10C4A000BEFBF2F002FB10E28A420BD2E06B4FEAD5
:10C4B000521C02F01F0150F82C2005FA01F10A432A
:10C4C00040F82C20002F42D0DAF8202007F0010895
:10C4D000C8F1020A93424FEA8A0048D209A9002211
:10C4E000CDE901100092594618EE102A2046FEF7B9
:10C4F0002FFE00287FF424AF0AF1FF3CD4F800A0FF
:10C5000012E0BEFBF2F302FB13E38B424FF001009B
:10C5100012D25E09E16B03F01F0351F8262009FADD
:10C5200003F3134341F82630E66ADAF82020099B2A
:10C53000216BA2EB060E9E446045E2DB1AAB03EBD7
:10C540008C0CA8F102085CF8443C4744A5E7059E22
:10C550003668002E7FF44CAE91E56FF01B00EFE6DD
:10C5600000278AE700275FE618EE107A01E6034B02
:10C57000034A0448122108F0C9FD00BFD08A030015
:10C58000FC8C0300F08A03002DE9F04F044687B0CD
:10C590000F4600F1140905A92046FFF767FD06467E
:10C5A00040B920680599C3689847064630B110F134
:10C5B000340FF0D0304607B0BDE8F08FBB6A83B3CC
:10C5C00007F12C0A35460DF1130804F1200B13E096
:10C5D0002268059B126A934247D20122CDE901826B
:10C5E00000954A4659462046FEF714FF002831D1EF
:10C5F000BB6A0135AB4214D922687B6A126A934246
:10C600002DD20122CDE901820095524649462046AD
:10C61000FEF79EFD0028DBD00646304607B0BDE899
:10C62000F08F2368A16A9A69786B08F009FED4E953
:10C6300008122368A06AC7E90B12FF219A6908F063
:10C6400027FE059B4FF0FF32304622627B6207B027
:10C65000BDE8F08F10F1340F9DD00646DDE7064BA4
:10C66000064A0748122108F051FD034B054A0448C9
:10C670009C2108F04BFD00BFD08A0300FC8C030016
:10C68000F08A03000C8D03002DE9F04F2DED028B95
:10C69000C9B004462C2200211CA808F0F9FD4FF077
:10C6A0000043282227A80021249308F0F1FD2368E5
:10C6B0001B6A01223192002B00F0C98100274FF044
:10C6C0000C09319B013300F0B18130AA27A9204623
:10C6D000FEF764FF0546002840F00C81249B002BE8
:10C6E000C0F20E816368013300F04E81A36801330C
:10C6F00000F04A8132AE32460CAB25A92046FFF746
:10C70000C3F80028C0F2F58000F03E810E9B259A08
:10C710000F982699934200F090818B4200F093810C
:10C72000DDE91D51239A26902068259301320023CC
:10C73000CDE91D150B9505932392C3680A9198477F
:10C740004FF0FF380546F0B115F1340F40F0D280BC
:10C750000A9BC4F82080012B40F279810B9B012BAE
:10C7600040F275811DA92046FFF780FC0546002890
:10C7700040F0C08020681D9901230593C368984745
:10C7800005460028E0D123AF0DF1500AA146102242
:10C7900039465046CDF8508003F0F8FD59F8202B6B
:10C7A0001D9B126A934280F015821026CDE9005736
:10C7B0002A46029649462046FEF72CFE05460028EA
:10C7C000C2D1249B23F00043043B102B32D904F147
:10C7D000140B3DAF22680B9B126A934280F0F481E8
:10C7E0000122CDE901720096002259462046FEF74B
:10C7F000AFFC054600287DD101223946504603F0A2
:10C80000C5FD22681D9B126A934280F0E3810122DC
:10C81000CDE9017200962A4649462046FEF7FAFD08
:10C820000546002890D1249B23F000430136043BA9
:10C830009E42CFD322681D9B126A934280F0CA8128
:10C8400004220292CDE9006A494600222046FEF702
:10C85000E1FD054600287FF477AF216AC4F8148013
:10C860004A1C12D02068A36A826900928568626AB5
:10C87000A847054600287FF467AF2368A06A9A6935
:10C88000FF2108F005FDC4F820802068036998475F
:10C89000054600287FF458AF249EDDF874B0CDF82B
:10C8A000F48026F0004604F11403043E08EE103A2A
:10C8B00000F0968107460DF1400908E0013701229A
:10C8C00049463DA803F062FDBE4240F289812368DB
:10C8D0001B6A9B4580F078810123CDE9019318EE16
:10C8E000101A00975B4600222046FEF731FC002814
:10C8F000E4D00546284649B0BDEC028BBDE8F08F78
:10C9000032AE4FF00008324627A92046FEF724FF3A
:10C91000F0B1831CEDD10DF19C0CBCE80F001CAEF6
:10C920000FC6BCE80F000FC69CE8070086E80700AA
:10C9300023681B6A01379F4280F08980309B013356
:10C940007FF4BFAE284649B0BDEC028BBDE8F08F46
:10C950009DF9CC309DF8CC20002BD4DA63680133EC
:10C9600041D0A36801333ED034A92046FEF754FFDE
:10C970000028BEDB35D0324627A9204601F0C8F991
:10C980000028C0D00546B5E7DDE93050DDE91D21BE
:10C99000239B1D91CDE925500133239308911E92CD
:10C9A00009924FF0000801262068C36898470546A1
:10C9B00000284FD015F1340F9CD1089B4FF0FF3267
:10C9C000012B226243D9099B012B40D91DA9204686
:10C9D000FFF74CFB054600288CD11D994FF001084C
:10C9E000E2E79DF8CC20DDF8C8E09DF8CFC0CDF897
:10C9F000F89002F07F020EF10C0033A9CDE93F1947
:10CA00008DF8CC20419001233DAA27A92046CDF8DE
:10CA10000C81CDF8F4E0CDF808C1CDF810C100F0DC
:10CA2000F9F900283FF46FAF054663E70025284673
:10CA300049B0BDEC028BBDE8F08F88423FF461AF96
:10CA40008B427FF46DAE82427FF46AAE59E76FF09D
:10CA500033054FE723AFA2464FF0FF33102239468C
:10CA600007A8079303F092FC5AF8202B1D9B126A2B
:10CA7000934280F0AF804FF01009CDE900572A466D
:10CA8000CDF8089051462046FEF7C4FC0546002824
:10CA900090D1249B23F00043043B102B34D904F1A4
:10CAA000140B10AF2268099B126A934280F08C80AD
:10CAB000CDE90176CDF80090002259462046FEF7D8
:10CAC00047FB054600287FF415AF0122394607A829
:10CAD00003F05CFC22681D9B126A93427AD22A46BC
:10CAE000CDE90176CDF8009051462046FEF792FC44
:10CAF000054600287FF45EAF249B23F0004309F134
:10CB00000109043B9945CDD322681D9B126A9342CB
:10CB100060D2042207A9CDE9009102925146002279
:10CB20002046FEF777FC054600287FF443AF216AD4
:10CB30004FF0FF37B942676111D02068A36A82695C
:10CB400000928568626AA847054600287FF432AFE4
:10CB50002368A06A9A69FF2108F09AFB276220687F
:10CB600003699847054600287FF424AF249FDDF829
:10CB700074B027F000474FF0FF3204F11403043F74
:10CB800008EE103A109245D081460DF1F40A08E003
:10CB900009F101090122514610A803F0F7FB4F45A6
:10CBA00038D923681B6A9B450ED2CDE901A618EE41
:10CBB000101ACDF800905B4600222046FEF7C8FA16
:10CBC0000028E5D0054695E68E4B8F4A8F48122106
:10CBD00008F09CFA8B4B8E4A8C489C2108F096FA00
:10CBE0003D9A149B9A427FF4B3AD059B002B30D144
:10CBF0002369002B3FF47EAE5C681D9A944271D08D
:10CC000099681E9881426DD084426BD08A4269D067
:10CC10001B68EEE7109A079B9A427FF4CEAEB8F1FC
:10CC2000000F40F082802369002B3FF463AE5C6804
:10CC30001D9A944200F0C48099681E98814200F0C9
:10CC4000BF80844200F0BC808A4200F0B9801B683B
:10CC5000EAE7636801334ED0A36801333DAE0AAF03
:10CC60004BD03246394610AB2046FEF70DFE002869
:10CC7000FFF63FAE41D0DDE91D03109F149731460A
:10CC80000C370C2612909DF847001897139311AF9C
:10CC900015961796199000261B90524601232046A0
:10CCA00016971A9600F0B6F800287FF422AE0A987C
:10CCB000636898421AD00B9AA1688A4216D08842BB
:10CCC00014D0934212D00122013384F840208FD037
:10CCD000A36801338CD02046FFF7D6FC002887D00C
:10CCE000054607E65A601E9A9A6091E7DDE91D3213
:10CCF000C4E90132E7E73DAE0AAF39463246204685
:10CD0000FEF7ECFC0028FFF6F4AD3FF471AF3146BE
:10CD1000DDE91D60002347901A462046469600F044
:10CD200079F800283FF464AFDAE76368013350D044
:10CD3000A36801333DAE4DD0324610AB08A9204662
:10CD4000FEF7A2FD0028FFF6D4AD43D0DDE91D02B9
:10CD5000109B14930C33189312900C2311A89DF878
:10CD600047701392314615930026179316900123AE
:10CD700014AA204619971B971A9600F04BF8002822
:10CD80007FF4B7AD0898636898421DD0099AA168EE
:10CD90008A4219D0884217D0934215D0012201331C
:10CDA00084F840203FF43FAFA36801333FF43BAF2A
:10CDB0002046FFF769FC00283FF435AF054699E5AA
:10CDC0005A601E9A9A6042E7DDE91D32C4E90132D9
:10CDD000E4E73DAE08A932462046FEF77FFC002876
:10CDE000FFF687AD3FF41FAF3146DDE91D6000233C
:10CDF00047901A462046469600F00CF800283FF46B
:10CE000012AFDBE7D08A0300FC8C0300F08A03003A
:10CE10000C8D03002DE9F04F2DED028BCE690D46F0
:10CE2000D1E90141A5B0013690462A1D69608246CC
:10CE3000EE61AC600892059383B11E46D8F80400F9
:10CE4000D8F80C302A6A1B1A022E1A4405D1D8F8D9
:10CE50001C70D8F814603A44921B2A62DAF8000079
:10CE6000CDF818800023CDE90B140993C3689847C7
:10CE70000446E0B114F1340F3DD10B9B4FF0FF326B
:10CE8000012BCAF8202034D90C9B012B31D90899E9
:10CE90005046FFF7EBF8044668BBDAF80000696813
:10CEA00001230993C368984704460028E2D105F19D
:10CEB0001C07D0464FF0FF331022394611A81193BA
:10CEC00003F064FA58F8202B6B68126A934280F0E2
:10CED0000D811026CDE90047224602964146504674
:10CEE000FEF798FA834660B110F1340FC5D00446BE
:10CEF00001E06FF03304204625B0BDEC028BBDE8A5
:10CF0000F08F2B6A23F00043043BB3426BD90AF144
:10CF1000140308EE103A37460DF1640934E0DAF8EC
:10CF200000200C9B126A934280F0E6800122CDE93A
:10CF3000019218EE101A009700225046FEF708F9E9
:10CF400004460028D7D10122494611A803F01EFA51
:10CF5000DAF800206B68126A934280F0C7800122E1
:10CF6000CDE901920096224641465046FEF752FA1C
:10CF7000044600287FF47EAF013701362B6A23F088
:10CF80000043043B9E422ED2059B5B45C7DD069ABB
:10CF90004FEA0B1302EB0B11D3580791BB42BED1E2
:10CFA0000C4611A8D1E9021203F0F0F9DAF80020DA
:10CFB0006B68106AE168A268834280F09780CDE9CF
:10CFC00001210096002241465046FEF723FA04460E
:10CFD00000287FF44FAF079B5A68DB680BF1010B09
:10CFE00017441E44CAE7DAF800206B68126A9342BD
:10CFF0007CD2042211A9CDE90061029241460022AF
:10D000005046FEF707FA044600287FF433AFDAF8FB
:10D0100020104FF0FF339942CAF8143019D0DAF8D3
:10D020000000DAF82830826900928468DAF8242057
:10D03000A047044600287FF41DAFDAF80030DAF884
:10D0400028009A69FF2108F023F94FF0FF33CAF84E
:10D050002030DAF8000003699847044600287FF47E
:10D0600009AF2B6AD5F8048023F000434FF0FF325C
:10D07000B3F1040919920AF1140B1DD007460DAE45
:10D0800007E001370122314619A803F07FF9B945BD
:10D0900012D0DAF800301B6A98452DD20123CDE971
:10D0A000016300974346002259465046FEF750F868
:10D0B0000028E6D004461EE7199A119B9A427FF495
:10D0C000DCAE099B13BBDAF81030002B3FF413AF32
:10D0D0005E686A68964215D09968A868814211D046
:10D0E00086420FD08A420DD01B68EEE73D4B3E4A88
:10D0F0003E489C2108F00AF83A4B3D4A3B48122131
:10D1000008F004F85A60AA689A60EDE7DAF804308B
:10D11000013347D0DAF80830013319AE0BAF43D0F2
:10D12000324639460DAB5046FEF7AEFB0028C1DB58
:10D130003AD0D5E901030D9F119731460C370C26E3
:10D140000F909DF83B00159710930EAF1296149612
:10D1500016900026189011AA01235046139717968F
:10D16000FFF758FE0028A5D10B98DAF80430984252
:10D1700031D00C9ADAF808108A422CD088422AD092
:10D18000934228D0012201338AF840209BD0DAF85C
:10D190000830013397D05046FFF776FA002892D036
:10D1A0000446A8E619AE0BAF394632465046FEF7A4
:10D1B00095FA0028FFF67EAF85D03146D5E90160AB
:10D1C000002323901A4650462296FFF723FE00289C
:10D1D0003FF479AFE4E76B68CAF80430AA68CAF88C
:10D1E0000820CFE7D08A03000C8D0300F08A0300EB
:10D1F000FC8C03002DE9F04F2DED028B0D46BDB0E8
:10D20000824616461F4601F1240809E0002B52DA37
:10D21000424629465046FEF7C1F9002840F00881F1
:10D220007479B179F279DAF800002B6A04340C448D
:10D230001444C1691C448C42E8D8B4461E1F4CF803
:10D24000046BE96924974C1C6F68A96825920C331C
:10D2500013442B62C5E901170C23002221932B1DD7
:10D26000CDF880C01E96229613971291EC611F9202
:10D27000239207920693C36898470446002800F05B
:10D28000DE8014F1340F65D1129B4FF0FF32012B79
:10D29000CAF820205CD9139B012B59D90699504616
:10D2A000FEF7E4FE0446002854D101236968DAF849
:10D2B00000000793DFE7AC46BCE80F0026AC0FC4C4
:10D2C000BCE80F000FC49CE8070084E8070029466B
:10D2D0005046FEF715FC044600283BD1DDE92F122D
:10D2E0002B6A69623046191FAA6240F8041BF6795E
:10D2F0001794CDE91B473344069416916C681A9134
:10D30000A968EA691D960C332B62C5E901140C2348
:10D31000013219932B1D18900F940E91EA61079317
:10D320004FF00109DAF80000C36898470446002866
:10D3300000F0AA8014F1340F0CD10E9B4FF0FF3295
:10D34000012BCAF8202003D90F9B012B00F2BF80CC
:10D350006FF0330420463DB0BDEC028BBDE8F08F8A
:10D36000DAF800206B68126A934280F04C82042243
:10D370000BA9CDE900610292414600225046FEF71A
:10D3800049F804460028D5D1DAF820104FF0FF33D1
:10D390009942CAF8143018D0DAF80000DAF82830C8
:10D3A000826900928468DAF82420A04704460028A5
:10D3B000C0D1DAF80030DAF828009A69FF2107F0C6
:10D3C00067FF4FF0FF33CAF82030DAF80000036936
:10D3D000984704460028ADD12E6A26F000464FF04B
:10D3E000FF33321F0C930AF1140B6B68059200F0A7
:10D3F000EA81074631AE1C4609E0012231460CA8FD
:10D4000002F0C4FF059B0137BB4200F0DC81DAF873
:10D4100000301B6A9C4280F0FC81CDE901690097D5
:10D420002346002259465046FDF792FE0028E4D0DC
:10D43000044620463DB0BDEC028BBDE8F08F05F1FF
:10D440001C07D0464FF0FF331022394609A8099334
:10D4500002F09CFF58F8202B6B68126A934280F010
:10D46000D2811026CDE90047224602964146504619
:10D47000FDF7D0FF8346002800F0AA8010F1340F9A
:10D480003FF402AF5C4665E705F11C07D0464FF05C
:10D49000FF33102239460BA80B9302F077FF58F8A0
:10D4A000202B6B68126A934280F0AD811026CDE983
:10D4B00000472246029641465046FDF7ABFF8346A1
:10D4C00088B110F1340F3FF438AF5C4642E707995A
:10D4D0005046FEF7CBFD044600287FF43BAF012306
:10D4E000696806931EE72B6A23F00043043BB342AE
:10D4F0007FF636AF0AF1140308EE103A374638E0EB
:10D50000DAF800200F9B126A934280F082810CAA05
:10D51000CDE9007218EE101ACDF80890002250469E
:10D52000FDF716FE044600287FF414AF01220CA973
:10D530000BA802F02BFFDAF800206B68126A934206
:10D5400080F061810CAACDE90062CDF808902246F6
:10D5500041465046FDF75EFF044600287FF4EAAEE0
:10D56000013701362B6A23F00043043BB3427FF6B8
:10D57000F7AEBBF1010FC3DC16AA4FEA0B1302EBA7
:10D580000B11D3580591BB42BAD10C460BA8D1E977
:10D59000021202F0FBFEDAF800206B68106AE16804
:10D5A000A268834280F02F81CDE9012100960022FC
:10D5B00041465046FDF72EFF044600287FF4BAAEE0
:10D5C000059B5A68DB680BF1010B17441E44C9E741
:10D5D0002B6A23F00043043BB3426CD90AF11403D5
:10D5E00008EE103A37460DF1280935E0DAF8002048
:10D5F000139B126A934280F00C810122CDE90192C3
:10D6000018EE101A009700225046FDF7A1FD0446BF
:10D6100000287FF49FAE0122494609A802F0B6FE19
:10D62000DAF800206B68126A934280F0EC800122E5
:10D63000CDE901920096224641465046FDF7EAFEAA
:10D64000044600287FF41DAE013701362B6A23F013
:10D650000043043BB3422ED9BBF1010FC6DC1EAA26
:10D660004FEA0B1302EB0B11D3580591BB42BDD10E
:10D670000C4609A8D1E9021202F088FEDAF800206F
:10D680006B68106AE168A268834280F0BC80CDE9D3
:10D6900001210096002241465046FDF7BBFE04469C
:10D6A00000287FF4EEAD059B5A68DB680BF1010B97
:10D6B00017441E44CAE7DAF800206B68126A9342E6
:10D6C00080F0A180042209A9CDE9006102924146BF
:10D6D00000225046FDF79EFE044600287FF4D1AD9F
:10D6E000DAF820104FF0FF339942CAF8143019D0FD
:10D6F000DAF80000DAF82830826900928468DAF8F3
:10D700002420A047044600287FF4BBADDAF800309F
:10D71000DAF828009A69FF2107F0BAFD4FF0FF33CD
:10D72000CAF82030DAF80000036998470446002858
:10D730007FF4A7AD2A6AD5F804B022F000424FF07A
:10D74000FF33171F0A930AF114091ED006460DF184
:10D75000C40807E00136012241460AA802F016FE7D
:10D76000B74212D0DAF800301B6A9B4551D2012330
:10D77000CDE9018300965B46002249465046FDF7FD
:10D78000E7FC0028E6D0044653E6DDE909329A4278
:10D790007FF47AAD079B002B41D1DAF81030002BD3
:10D7A0003FF4D8AD5E686A68964200F08980996857
:10D7B000A868814200F08480864200F081808A421D
:10D7C0007ED01B68EBE7DDE90B329A427FF4B5AD02
:10D7D000069B002B40F06E81DAF81040002C00F020
:10D7E000948060686B68984200F0B781A268A9686D
:10D7F0008A4200F0B281884200F0AF81934200F08B
:10D80000AC812468EAE7A74BA74AA8489C2107F007
:10D810007DFCA44BA64AA548122107F077FCDAF854
:10D820000430013357D0DAF80830013331AE12AF8B
:10D8300053D03246394616AB5046FEF725F800283D
:10D84000FFF6F6AD49D0D5E90102169B26930C33BD
:10D850002A9318900C2317A89DF85F7019923146EF
:10D860002793002629932890012326AA50462B9718
:10D870002D972C96FFF7CEFA00287FF4D9AD129899
:10D88000DAF8043098421FD0139ADAF808108A4266
:10D890001AD0884218D0934216D0012201338AF858
:10D8A00040203FF47AAFDAF8083001333FF475AF27
:10D8B0005046FEF7E9FE00283FF46FAF0446B8E596
:10D8C0005A60AA689A607CE76B68CAF80430AA6854
:10D8D000CAF80820E1E731AE12AF39463246504669
:10D8E000FDF7FCFE0028FFF6A3AD3FF456AF31462E
:10D8F000D5E9016000233B901A4650463A96FFF75F
:10D9000089FA00283FF449AFD8E7D5E90116DDE9E7
:10D910002D3227982F9128991190CDE92710DAF808
:10D920000000309642F0004201332D932E92C368DE
:10D930001091059498474FF0FF370126C1460446E1
:10D94000F8B114F1340F7FF405AD109BCAF82070C4
:10D95000012B7FF6FDAC119B012B7FF6F9AC27A9BB
:10D960005046FEF783FB044600287FF4F3ACDAF858
:10D970000000279901230593C368984704460028AF
:10D98000DFD10DF1B408102241460DA80D9702F029
:10D99000FDFCDAF80020279B126A9342BFF433AFF4
:10D9A0001025CDE900482246029549465046FDF72C
:10D9B00031FD04460028C4D12E9B23F00043043BD4
:10D9C000102B88BF0DF1C40830D9DAF80020119B64
:10D9D000126A9342BFF41DAFCDE901860095002283
:10D9E00059465046FDF7B4FB044600287FF4B2AC1C
:10D9F000012241460DA802F0C9FCDAF80020279B5D
:10DA0000126A9342BFF4FFAE2246CDE9018600952B
:10DA100049465046FDF7FEFC0446002891D12E9B56
:10DA200023F000430135043B9D42CED3DAF80020B9
:10DA3000279B126A9342BFF4E6AE04220DA9CDE9FA
:10DA400000510292494600225046FDF7E3FC04468D
:10DA500000287FF476AFDAF82010CAF814704B1C57
:10DA600017D0DAF80000DAF828308269009284686A
:10DA7000DAF82420A047044600287FF462AFDAF8E1
:10DA80000030DAF828009A69FF2107F001FCCAF893
:10DA90002070DAF8000003699847002861D0044636
:10DAA0004FE700BFD08A03000C8D0300F08A03000B
:10DAB000FC8C0300DAF80430013379D0DAF808304E
:10DAC000013331AE0EAF75D03246394612AB5046F7
:10DAD000FDF7DAFE041EFFF63DAC6BD0D5E901235D
:10DAE00012981E900C30229014920C2013AA9DF8CC
:10DAF0004F40159331461F9021902092002601231C
:10DB00001EAA5046239425942496FFF783F90446D1
:10DB100000287FF41FAC0E98DAF80430984263D0E6
:10DB20000F9ADAF808108A425ED088425CD093429D
:10DB30005AD0012201338AF840203FF44DAEDAF882
:10DB4000083001333FF448AE5046FEF79DFD0446D1
:10DB5000002C3FF441AEFFF7FDBB6360AB68A360F0
:10DB60004FE62E9ADDF89C80319722F00042131F79
:10DB70001C4640D0054607E0013501221EA931A808
:10DB800002F004FCAC4236D0DAF800301B6A98454B
:10DB9000BFF43FAE1EABCDE90053029643460022D0
:10DBA00059465046FDF7D4FA0028E5D0044640E433
:10DBB00031AE0EAF394632465046FDF78FFD041E9A
:10DBC000FFF6C8AB3FF408AED5E9014000233B9017
:10DBD00031461A4650463A94FFF71CF90446002C89
:10DBE0003FF4FAADFFF7B6BB6B68CAF80430AA6819
:10DBF000CAF808209DE7319A0D9B9A427FF4A5AEA2
:10DC0000059D95B9DAF81040002C3FF4A3AB60688D
:10DC1000279B984278D0A26828998A4274D088427B
:10DC200072D0934270D02468EEE7DAF80430013302
:10DC30004BD0DAF80830013331AE10AD47D0324660
:10DC4000294612AB5046FDF71FFE041EFFF682ABBD
:10DC50003DD0129B1E93DDE927420C339DF84F0007
:10DC600022930C231494159200241F932193239044
:10DC70002590314613AD01231EAA504624942095C9
:10DC8000FFF7C8F8044600287FF464AB1098DAF870
:10DC90000430984233D0119ADAF808108A422ED014
:10DCA00088422CD093422AD0012201338AF84020A6
:10DCB000A8D0DAF808300133A4D05046FEF7E4FCCF
:10DCC0000446002C9ED0FFF745BB31AE10AD29466F
:10DCD00032465046FDF702FD041EFFF63BAB91D0E5
:10DCE000DDE9274000233B9031461A4650463A94DE
:10DCF000FFF790F80446002C84D0FFF72BBBDDE93A
:10DD00002732CAE90132CFE76360289BA3608AE724
:10DD10002DE9F04F2DED028B154653799279EE796E
:10DD20000433B1B013440A6A33440C46059322F01D
:10DD300000411433994204F104038346079365D0EC
:10DD4000D4E901012E68E3690696059E0F90921BA7
:10DD5000C4E901100133DBF800000E91C4E9073279
:10DD600000230893C36809959847A0460646E8B182
:10DD700016F1340F3CD10E9B4FF0FF32012BCBF844
:10DD800020203BD90F9B012B38D907995846FEF725
:10DD90006DF9064660BBDBF80000D8F804100123DB
:10DDA0000893C368984706460028E1D108F11C048F
:10DDB000DA464FF0FF331022214612A8129302F0E8
:10DDC000E5FA5AF8202BD8F80430126A934280F012
:10DDD0004B821025CDE900643246029551465846E3
:10DDE000FDF718FB044620B310F1340FC3D00646EC
:10DDF000304631B0BDEC028BBDE8F08F6FF03306DA
:10DE0000304631B0BDEC028BBDE8F08F19461AAA3E
:10DE1000FDF764FC061EEBDB229B002BC0F2E080CA
:10DE20006B79A979EA7904330B4413440593226A88
:10DE300086E7D8F8203023F00043043BAB4242D9B8
:10DE40000BF1140308EE103A2F460DF194091CB99A
:10DE5000069BBB4200F0A680DBF800200F9B126AF5
:10DE6000934280F0FB810122CDE9019218EE101A55
:10DE7000009700225846FDF76BF906460028B7D1F7
:10DE80000122494612A802F081FADBF80020D8F8F6
:10DE90000430126A934280F0E7810122CDE90192B9
:10DEA0000095324651465846FDF7B4FA064600281A
:10DEB0007FF45EAF01370135D8F8203023F00043FE
:10DEC000043BAB42C3D8DBF80020D8F80430126A18
:10DED000934280F0C981042212A9CDE90051029237
:10DEE000514600225846FDF795FA064600287FF471
:10DEF0003FAFDBF820104FF0FF339942CBF81430DE
:10DF000019D0DBF80000DBF82830826900928468C1
:10DF1000DBF82420A047064600287FF429AFDBF871
:10DF20000030DBF828009A69FF2107F0B1F94FF0C3
:10DF3000FF33CBF82030DBF8000003699847064632
:10DF400000287FF415AFD8F82030D8F8047023F0FB
:10DF5000004A4FF0FF32BAF1040A25920BF114097E
:10DF600000F00D8105461AAC08E00135012221467A
:10DF700025A802F00BFAAA4500F00181DBF8003079
:10DF80001B6A9F4280F06A810123CDE9014300951D
:10DF90003B46002249465846FDF7DAF80028E4D00F
:10DFA000064625E72246214612A802F0EFF9DBF8E3
:10DFB0000020D8F80430126A934280F05581CDE9F0
:10DFC00001440095224651465846FDF723FA06467D
:10DFD00000287FF4CDAEDDE9052301249F186BE70F
:10DFE000226A2199D4E9090462F000421340239087
:10DFF0004A1CDDE91B01CDE91B100D90DBF8000088
:10E000002494CDE92123002305930C91C3689847FC
:10E010004FF0FF3801270646F8B116F1340F7FF4B0
:10E02000E7AE0C9BCBF82080012B7FF6E7AE0D9B73
:10E03000012B7FF6E3AE1BA95846FEF717F80646FC
:10E0400000287FF4D5AEDBF800001B99012305936F
:10E05000C368984706460028DFD121ADD946102273
:10E0600029460AA8CDF8288002F090F959F8202B0B
:10E070001B9B126A934280F0F7801024CDE9006563
:10E080003246029449465846FDF7C4F90646002830
:10E09000C3D1229B23F00043043B102B33D90BF157
:10E0A000140A0BADDBF800200D9B126A934280F03E
:10E0B000D580CDE901570094002251465846FDF71E
:10E0C00047F8064600287FF493AE012229460AA8A5
:10E0D00002F05CF9DBF800201B9B126A934280F08F
:10E0E000C3803246CDE90157009449465846FDF7B2
:10E0F00091F90646002890D1229B23F00043013479
:10E10000043B9C42CED3DBF800201B9B126A934257
:10E1100080F0AA8004220AA9CDE900410292494672
:10E1200000225846FDF776F9064600287FF475AFC1
:10E13000DBF82010CBF814804B1C17D0DBF8000064
:10E14000DBF82830826900928468DBF82420A0473D
:10E15000064600287FF461AFDBF80030DBF82800CA
:10E160009A69FF2107F094F8CBF82080DBF80000D3
:10E1700003699847002800F0D18006464DE7259AAC
:10E18000129B9A427FF4F7ADDDE908354446002B37
:10E1900070D1DBF810301A4672B1D2F804C0616851
:10E1A0008C4557D09068A768B84253D0BC4551D031
:10E1B00081424FD01268EFE7DBF80C2022B34FF01A
:10E1C000FF370BE0D2F808E0D4F808C0E64509D0E4
:10E1D000614507D0704505D01268AAB151686068E2
:10E1E0008142EFD1D1682868814230D0F4D9687972
:10E1F00095F806E095F807C0043070446044091AA9
:10E20000D1601268002AE9D163B9F1E59F68A0687E
:10E2100087420BD0824209D0B94207D01B68002B3D
:10E220003FF4E6AD5A6861688A42EFD1D9682A683E
:10E230009142F3D96A7995F806C0EF79986904326A
:10E2400062443A44891A821AD9609A61E6E7C2E9BF
:10E250000177C1E75160A1689160ABE79B4B9C4A95
:10E260009C48122106F052FF984B9B4A99489C21EA
:10E2700006F04CFFDBF80430013379D0DBF80830CE
:10E28000013325AF0DF1380875D012AB3A4641463F
:10E290005846FDF7F9FA0028FFF682AE6BD0D4E9B4
:10E2A000012312981A900C301E9014920C2013AA7D
:10E2B0009DF84FC0159339461B9000271D901C9266
:10E2C00001231AAA5846CDF87CC0CDF884C0209707
:10E2D000FEF7A0FD00287FF463AE0E98DBF8043053
:10E2E000984260D00F9ADBF808108A425BD08842CF
:10E2F00059D0934257D0012201338BF840203FF48C
:10E3000048AFDBF8083001333FF443AF5846FEF71F
:10E31000BBF900283FF43DAF064669E5229DDDF8D4
:10E320006CA0CDF82C8025F000450BF11403043DC2
:10E330001E463FD004460DF1940907E00134012246
:10E3400049460BA802F022F8A54233D0DBF8003092
:10E350001B6A9A4582D2CDE9019700945346002268
:10E3600031465846FCF7F4FE0028E7D006463FE564
:10E3700025AF0DF1380841463A465846FDF7AEF94B
:10E380000028FFF60DAE3FF404AF3946D4E9017022
:10E3900000232F901A4658462E97FEF73BFD002883
:10E3A0003FF4F7AEB8E76368CBF80430A268CBF867
:10E3B0000820A0E7DDE90A329A427FF432AE059BDD
:10E3C00093B9DBF81060002E3FF412AD70681B9B10
:10E3D000984276D0B2681C998A4272D0884270D036
:10E3E00093426ED03668EEE7DBF8043001334AD052
:10E3F000DBF80830013325AF0CAC46D03A46214655
:10E400000EAB5846FDF740FA061EFFF6F1AC3CD0C5
:10E410000E9B1293DDE91B420C339DF83F001693CF
:10E420000C23109411921393159317901990394659
:10E430000FAD0024012312AA584614951894FEF734
:10E44000E9FC064600287FF4D3AC0C98DBF80430D6
:10E45000984231D00D9ADBF808108A422CD08842BD
:10E460002AD0934228D0012201338BF84020A8D033
:10E47000DBF808300133A4D05846FEF705F906460C
:10E48000002E9ED0B4E425AF0CAC21463A46584647
:10E49000FDF724F9061EFFF6ABAC92D0DDE91B4078
:10E4A00000232F9039461A4658462E94FEF7B2FCA8
:10E4B0000646002E85D09BE4DDE91B32CBE9013214
:10E4C000D1E773601C9BB3608CE700BFD08A030068
:10E4D000FC8C0300F08A03000C8D03002DE9F04F43
:10E4E00090F84030BBB00546059163B943680122FE
:10E4F000013380F8402006D08368013303D0FEF753
:10E50000C3F8044668B909AA19A905AB2846FDF75E
:10E51000F9F9821C044608D105982F2107F0B9FDAE
:10E5200058B120463BB0BDE8F08F002808BF6FF01F
:10E53000100420463BB0BDE8F08F2B681B6AAB632C
:10E5400024A92846FDF7DCFA04460028E9D1DDE9D4
:10E550002210259A2D9126992B9B0494CDE9251202
:10E5600001332B932E90089207914FF0FF3A4FF012
:10E5700001082868C36898470446B8B114F1340FFD
:10E58000CFD1079BC5F820A0012B40F2D580089B76
:10E59000012B40F2D18025A92846FDF767FD0446EE
:10E5A0000028BED1012325990493E2E72BAFA946A9
:10E5B0001022394611A8CDF844A001F0E7FE59F821
:10E5C000202B259B126A934280F0BF801026CDE954
:10E5D00000472246029649462846FCF71BFF0446A0
:10E5E0000028CBD12C9B23F00043043B102B30D9C7
:10E5F00005F1140B2FAF2A68089B126A934280F032
:10E600009E80CDE901780096002259462846FCF705
:10E610009FFD0446002884D10122394611A801F04B
:10E62000B5FE2A68259B126A934280F08E802246AE
:10E63000CDE90178009649462846FCF7EBFE0446F2
:10E6400000289BD12C9B23F000430136043B9E42C3
:10E65000D1D32A68259B126A934276D2042211A94B
:10E66000CDE900610292494600222846FCF7D2FE1D
:10E670000446002882D1296AC5F814A04B1C12D088
:10E680002868AB6A8269009284686A6AA047044677
:10E6900000287FF473AF2B68A86A9A69FF2106F0FF
:10E6A000F7FDC5F820A028680369984704460028AC
:10E6B0007FF464AF2C9B259FCDF8BCA023F0004BCA
:10E6C000BBF1040B05F114091BD006462B681B6A2D
:10E6D0009F4234D20DABCDE90063CDF808803B46B4
:10E6E000002249462846FCF733FD044600287FF403
:10E6F00018AF013601220DA92FA801F047FEB3453E
:10E70000E4D12F9A119B9A427FF43BAF049B002BDC
:10E7100042D12A69FAB15468259B9C4200F0898055
:10E7200091682698814200F08480844200F08180C4
:10E730008B427ED01268EDE76FF03304F1E64F4B69
:10E740004F4A5048122106F0E1FC4C4B4E4A4D48CE
:10E750009C2106F0DBFC059B8DF82A20184640F62C
:10E7600022020493ADF8282007F0C3FCDDE92564FC
:10E770008DF82B00049B0C9409AA19A92846239410
:10E780000B962296FEF736FD044600287FF4C9AEAC
:10E790002B681B6AAB63C4E66B68013352D0AB686D
:10E7A00001332FAE07AF4FD0324639460DAB284666
:10E7B000FDF76AF8041EFFF6B4AE45D0DDE925404A
:10E7C0000D9B11930C33159310900C239DF83B0077
:10E7D0000F9431461293149300241690189011AAA6
:10E7E0000EAE0123284617941396FEF713FB04463A
:10E7F00000287FF496AE07986B6898421DD0089A5F
:10E80000A9688A4219D0884217D0934215D00122B4
:10E81000013385F840203FF47CAFAB6801333FF40F
:10E8200078AF2846FDF730FF0446002C3FF471AF67
:10E8300077E65360269B93607CE7DDE92532C5E9E6
:10E840000132E4E72FAE07AF394632462846FCF7DF
:10E8500045FF041EFFF665AE3FF45BAFDDE92540E2
:10E860000023399031461A4628463894FEF7D2FAEA
:10E870000446002C3FF44DAF53E600BFD08A03009E
:10E88000FC8C0300F08A03000C8D030070B5D0E906
:10E89000015386B0C1E90153019201AB02AA0646B9
:10E8A0000C46FDF72FF8A0B99DF80C30222B12D1A1
:10E8B00004AA21463046FCF771FE50B9D4E9011292
:10E8C0003369216162610E211022A161E26023603F
:10E8D000346106B070BD6FF01300FAE7036943B10D
:10E8E000994202D107E0994207D01A461B68002BD3
:10E8F000F9D10020704700F110020B68136000206E
:10E90000704700BFF0B515460E4689B004464C224C
:10E910002846002106F0BCFCB3690E2B4AD00F2B11
:10E9200053D004AA31462046FCF716FF00285BD1DD
:10E930009DF8142002F07F03112B01D0222BF0D17F
:10E94000110655D5626801320DD0A26801320AD095
:10E9500006A92046FCF760FF002829DBE1D19DF8DD
:10E96000143003F07F038DF8143021462B70112BE7
:10E9700051F8140B08BF079B049A08BF6B609DF801
:10E9800015C07368066A9DF81670101D6044B34286
:10E990009DF8172005F1080538442BD2CDE9015226
:10E9A000009000222046FCF7D3FB002808BF01207E
:10E9B00009B0F0BD124A222312882A812B70B36954
:10E9C00001200133B36109B0F0BD2B460D4A22216D
:10E9D00003F8081B1188927829819A70B369012085
:10E9E0000133B36109B0F0BD841C08BF0020DFE72C
:10E9F0001346BAE7044B054A0548122106F086FB88
:10EA0000A08A0300A48A0300D08A0300FC8C0300C0
:10EA1000F08A03002DE9F0431F4693B003F003038F
:10EA2000012B0C460192054603D090F84030002B94
:10EA300070D002AA07A901AB2846FCF763FF06467F
:10EA400000283FD19DF80C30222B00F09180BB05AF
:10EA500000F18B80DDE9082002996260049AA060D1
:10EA60000023C4E90637C4E9031223627A05059B33
:10EA7000636106D5002B5FD14FF0FF320023C4E95C
:10EA800004232B68586B4FF0FF32E262002857D006
:10EA9000EB68002B5FD16063E36903F003034FF081
:10EAA000FF36012BE66205D02B68FF219A6906F03C
:10EAB000EFFBE662EB6823600026EC60304613B0A3
:10EAC000BDE8F083B01CF9D1DDF804802F21404669
:10EAD00007F0DFFA02460028F0D1F905EED540F63E
:10EAE000110340468DF80E20ADF80C3007F001FB05
:10EAF0004FF0000943468DF80F0002AA07A94FF016
:10EB0000FF382846CDE90489FEF774FB0646002845
:10EB1000A0D0D3E743680122013380F8402088D099
:10EB20008368013385D0FDF7AFFD0646002880D00D
:10EB3000304613B0BDE8F08347F48037E7619BE7C8
:10EB4000E26902F00302012A08D0986902F07CFC15
:10EB500060630028A0D16FF00B06AFE7586902F0A0
:10EB600073FC6063002897D1F5E76FF01006A5E706
:10EB70006FF01406A2E700BF2DE9F04F2DED028BD8
:10EB8000CC698FB004F00305012D0592079300F0C6
:10EB9000B98167038846834600F10D81250500F1A0
:10EBA0001681A00340F1ED80079B002B00F0D88078
:10EBB00008F12C090693D8F81C30990300F18980DC
:10EBC000D8F82030002B40F06481DBF800100B6A8D
:10EBD000CBF83830D8E908730C930DAB08EE103A37
:10EBE0000BF114044FF0010ACDF8208018EE101A32
:10EBF0005846FDF73BFA00285ED10D99012940F2F5
:10EC00009181DBF80000036A994200F28B81C368AE
:10EC10009847002840F0AD80002F00F06581DBF8B8
:10EC20000010D1F81C807D1EA8F10806B542C0F086
:10EC30001B81B5FBF6F00138049106F0E9F80230CB
:10EC4000A5EB8005B5FBF6F5284606F0E1F8A7EB45
:10EC5000800005FB1607B845049900F0C380002F1B
:10EC600000F03F8100250DF12F0616E0DBF80020B3
:10EC70000D9B126A934280F03F81CDE9016A0095B5
:10EC8000224649465846FCF7C5FB002871D101359C
:10EC9000BD4280F0EF80DBF800100A6A0C9B9342C3
:10ECA00080F03A81CDE9016A00950022214658465C
:10ECB000FCF74EFA0028D9D0DDF82080D8F81C30B7
:10ECC00043F40023C8F81C300FB0BDEC028BBDE844
:10ECD000F08FDBF80010D8F82870CD69AF423FF410
:10ECE00076AFD8F824300BF11404069A059EED1B7C
:10ECF000954228BF15460EE010F1340FDED1414693
:10ED00005846FDF741FC0028D8D1D8F82870DBF828
:10ED10000010D8F824300A6A9A4240F2ED80CDE91A
:10ED200001650097224649465846FCF773FB0028C8
:10ED3000E2D1D8F82020D8F82830DBF800102A4497
:10ED40002B44096AC8F82020C8F82830059A069B89
:10ED5000CBF838102A445B1B059206937FF42BAF47
:10ED6000D8F81C30079823F40023C8F81C30ABE710
:10ED7000099F10F1340F9FD14FF0FF33CBF82030B3
:10ED800034E7D8F82040D8F814309C427FF60CAF16
:10ED9000C8F820300DAE00250123324641465846C2
:10EDA0008DF83450FFF7E8FE00288DDBD8F82030CE
:10EDB0009C42F1D8F8E64FF0FF3224F48023A603FA
:10EDC000CA62CB6100F185802205DAD51C46D8F8ED
:10EDD0001430D8F820209A4238BFC8F82030A00359
:10EDE000CFD5E1E6013595FAA5F3B3FA83F31846DA
:10EDF000013304930A6A099700250DF1300807468C
:10EE00000D9B93424FEA850676D20422CDE901821A
:10EE10000096224649465846FCF7FCFA0C9B00280F
:10EE2000A6D1AF4211D0DBF80020126A934273D210
:10EE30000422CDE901820096024621465846FCF79D
:10EE400087F900287FF438AF0C9B012B5DD9DBF8E4
:10EE500000100A6A934258D8049B0135AB42CFD1C7
:10EE6000DDF820809F0009E047457FF4FBAE0123D9
:10EE70000493BFE7DDF82080DBF800100D9BC8E9A4
:10EE80000937D8F81C20CD6942F40032C8F81C209C
:10EE90002BE708F1280108F12402CDE90121013B0B
:10EEA0000093D8E9042349465846FCF719FA00288C
:10EEB0007FF404AFDBF80030D8F834009A69FF2102
:10EEC00006F0E6F94FF0FF33DBF80010C8F82C30FD
:10EED0007DE600F03DF800287FF4F6AED8F81C403F
:10EEE0005CE6DDF82080C9E7DDF820800D9BDBF8CB
:10EEF0000010C8E90937C4E70E4B0F4A0F489C21A0
:10EF000006F004F96FF00800DEE60D4B0D4A0B48E1
:10EF100040F2D34106F0FAF8064B0B4A074812219B
:10EF200006F0F4F8094B074A044840F28C4106F019
:10EF3000EDF800BFD08A03000C8D0300F08A0300B7
:10EF4000708B03002C8D0300FC8C0300B88B030036
:10EF50002DE9F0430D4693B0064600F114072C222C
:10EF6000002104A8D5F8208006F092F997E8070060
:10EF70004FF0FF33D5E904C40DF1480E73610EE97B
:10EF80000700296A6A69CDF8308001209142CDF8E6
:10EF900020C009940B901FD2994601230DF10F0256
:10EFA00004A9304600F072F90446002C4FF001032A
:10EFB0000DF10F02294630463ADBFFF7DDFD041E56
:10EFC00036DB7369013337D0C6F814906A692B6A4F
:10EFD000CDF83C909A42E0D805F12C0918E0306851
:10EFE0006B6B8269009284682A6BA04704463A469C
:10EFF000494630461CB9FCF71FF9044658B114F1D4
:10F00000340F2946304613D1FDF7BEFA044678B9CD
:10F01000E96A4B1CE3D1EB69D5E9082123F40033FD
:10F0200043F480332961EB616A61C5F820800024D4
:10F03000204613B0BDE8F0832A6A6B699A42ACD3CC
:10F04000CAE700BFF0B5CB690C4659039DB0054631
:10F0500005D523F480234FF0FF32E361E2629A0387
:10F0600009D521462846FFF773FF024610B1104626
:10F070001DB0F0BDE36903F41023B3F5803F03D066
:10F08000002210461DB0F0BD63680133F8D0A368BC
:10F090000133F5D0221D11A92846FCF77FFA02465C
:10F0A0000028E4D12946129B51F8140B0692076AF6
:10F0B000E068059006AEBB42C6E901222CD20C27BF
:10F0C000CDE9000602972846FCF742F802460028E0
:10F0D000CDD19DF81830112B24D1059B0B9603F14F
:10F0E0000C060A9728460C979DF81B5027690F922B
:10F0F00009930D9609AA6669079711A90123089635
:10F100000E951095FDF786FE02460028AFD1E36903
:10F1100023F48033E361AAE7064B074A074812212C
:10F1200005F0F4FF064B074A044840F2136105F06E
:10F13000EDFF00BFD08A0300FC8C0300F08A0300BF
:10F14000E88B03003C8D03002DE9F041CB690C46B0
:10F1500059039CB0054605D523F480234FF0FF32B8
:10F16000E361E2629A0321D521462846FFF7F0FECB
:10F170000646D0B1EB6843B19C4202D16AE09C42A2
:10F180006AD019461B68002BF9D1A3692BB11B6803
:10F190001BB130461CB0BDE8F0812B685B6B002BC7
:10F1A000F7D1606B02F064F9F3E7E36903F410232D
:10F1B000B3F5803F01D00026DCE763680133FAD065
:10F1C000A3680133F7D011A9221D2846FCF7E6F900
:10F1D00006460028CED12946129B51F8142B0696DC
:10F1E000106AE268059206AF8342C7E9016636D22B
:10F1F0004FF00C08CDE90027CDF8088032462846AC
:10F20000FBF7A6FF06460028B4D19DF81830112B55
:10F210002BD1059B22690F9060699DF81B600B97AD
:10F22000099303F10C070792089011A9012309AA79
:10F2300028460E961096CDF82880CDF830800D9790
:10F24000FDF7E8FD0646002894D1E36923F48033F6
:10F25000E3618FE705F10C0123680B6095E7064B2E
:10F26000064A0748122105F051FF064B064A04489A
:10F2700040F2136105F04AFFD08A0300FC8C0300C2
:10F28000F08A0300E88B03003C8D03002DE9F04F6A
:10F290000D46C96901F00304022C87B04FD08046A7
:10F2A000880317461E464FD42A6A69698A425CD28F
:10F2B000A1EB0209B1454B4628BF33460593002B0D
:10F2C00057D01E4605F12C0905F1280B05F1240A3B
:10F2D0001FE0D8F80000A96AC469A1421CD0641AD2
:10F2E000026A6B6AB44228BF3446934245D2009109
:10F2F000CDE90174002249464046FBF729FF00BBD7
:10F300002A6AAB6A22442344361B27442A62AB6232
:10F310002FD0EB695B03DCD4CDE901AB0092D5E9DA
:10F32000042349464046FBF7DBFF50B9EB69D8F8A8
:10F330000000A96AC46943F48023EB61CFE76FF052
:10F34000080007B0BDE8F08F4A0305D521F48021FD
:10F350004FF0FF32E961EA6229464046FFF7F8FDC7
:10F360000028A1D007B0BDE8F08F002007B0BDE8AD
:10F37000F08F059807B0BDE8F08F034B034A0448AF
:10F38000122105F0C3FE00BFD08A0300FC8C0300ED
:10F39000F08A0300F8B50C46C96916464A030746C9
:10F3A0001D4605D521F480214FF0FF33E161E36272
:10F3B0008B0305D538462146FFF7CAFD00B1F8BDDD
:10F3C0002DB1012D0CD0022D04D0206AF8BD26628B
:10F3D0003046F8BD002E606905DB30442062F8BD80
:10F3E000002E206AF9DA72428242F6D96FF01500D7
:10F3F000F8BD00BF086A7047CB699B0305D5086A52
:10F400004B69984238BF184670474869704700BF3B
:10F41000F0B597B01546059105AB07AA0BA90646AE
:10F42000FCF770FA044610B1204617B0F0BD4C222C
:10F430000146284605F02CFF9DF820302B70112B3B
:10F4400004BF0A9B6B607268099B934223D00A98A1
:10F45000B16888421FD08B421DD082421BD03146FA
:10F46000079A51F8143B9DF821701C6A0C9B9DF87B
:10F47000220004323A44A342024405F108059DF8F3
:10F4800023000ED2CDE90150009230460022FBF756
:10F490005FFE0446C8E7064B1B882B81204617B049
:10F4A000F0BD044B044A0548122105F02FFE00BFB1
:10F4B000A88A0300D08A0300FC8C0300F08A0300B2
:10F4C0002DE9F04F90F84030BBB00546059183B967
:10F4D00043680122013380F840200AD08368013359
:10F4E00007D0FDF7D1F8044618B120463BB0BDE87F
:10F4F000F08F09AA19A905AB2846FCF703FA0446C0
:10F500000028F2D19DF82830222B00F0D08009AAE3
:10F5100019A92846FEF7FCFB04460028E5D19DF812
:10F520002830222BE1D119AA25A92846FCF7D6F8C4
:10F53000041EDADB00F00B81DDE92D40209B2390D7
:10F54000DDE91A21286822940133209300230493D3
:10F55000CDE91A12C3680892079198474FF0FF3A15
:10F560004FF001080446E0B114F1340FBDD1079B00
:10F57000C5F820A0012B40F2A480089B012B40F28B
:10F58000A0801AA92846FCF771FD04460028ACD1DA
:10F5900028681A9901230493C368984704460028F1
:10F5A000E2D120AFA9461022394611A8CDF844A0D7
:10F5B00000F0ECFE59F8202B1A9B126A934280F05F
:10F5C0003A811026CDE90047224602964946284650
:10F5D000FBF720FF04460028C6D1219B23F00043FF
:10F5E000043B102B31D905F1140B2FAF2A68089B6F
:10F5F000126A934280F02581CDE9017800960022BD
:10F6000059462846FBF7A4FD044600287FF46DAF59
:10F610000122394611A800F0B9FE2A681A9B126A25
:10F62000934280F008812246CDE901780096494650
:10F630002846FBF7EFFE0446002895D1219B23F0D6
:10F6400000430136043B9E42D0D32A681A9B126ABB
:10F65000934280F0F080042211A9CDE9006102926A
:10F66000494600222846FBF7D5FE044600287FF4D1
:10F670007BAF296AC5F814A04B1C12D02868AB6A6E
:10F680008269009284686A6AA047044600287FF471
:10F690006BAF2B68A86A9A69FF2105F0F9FDC5F8E0
:10F6A00020A028680369984770B104465CE70BAA5C
:10F6B00024A92846FBF772FF044600283FF427AF31
:10F6C00013E76FF0330410E7219FDDF868B0CDF841
:10F6D000BCA027F0004705F11403043F1C461DD0D1
:10F6E00006460DF1340907E00136012249462FA8EC
:10F6F00000F04CFEB74211D02B681B6A9B4580F08E
:10F70000A080CDE9019800965B460022214628465C
:10F71000FBF71EFD0028E7D00446E6E62F9A119B72
:10F720009A427FF424AF049BC3B92C69002C3FF4A8
:10F73000DCAE60681A9B98425AD0A2681B998A4234
:10F7400056D0884254D0934252D02468EEE7404BC2
:10F75000404A414840F26E7105F0D8FC6B680133B5
:10F760004FD0AB6801332FAE07AF4CD0324639468D
:10F770000DAB2846FCF788F8041EFFF6B6AE42D063
:10F78000DDE91A400D9B11930C33159310900C2357
:10F790009DF83B000F943146129314930024169069
:10F7A000189011AA0EAE0123284617941396FDF760
:10F7B00031FB044600287FF498AE07986B689842A6
:10F7C0001AD0089AA9688A4216D0884214D0934267
:10F7D00012D00122013385F84020A6D0AB68013356
:10F7E000A3D02846FCF750FF0446002C9DD07CE6B1
:10F7F00063601B9BA360A8E7DDE91A32C5E901320B
:10F80000E7E72FAE07AF394632462846FBF766FFDB
:10F81000041EFFF66AAE88D0DDE91A400023399055
:10F8200031461A4628463894FDF7F4FA0446002C6F
:10F830003FF47BAF59E6094B094A07489C2105F084
:10F8400065FC064B074A0448122105F05FFC00BF27
:10F85000088C03004C8D0300F08A0300D08A03005B
:10F860000C8D0300FC8C03002DE9F04F2DED028B75
:10F870008B6A0160C5B00446002B00F09780C3611D
:10F88000C86A002800F09E80A0628A69FF2105F006
:10F89000FFFC4FF0FF33226823626361536AD9068D
:10F8A00040F02783002B00F01D83106B002800F030
:10F8B0009280E063D2E90551B1FBF5F305FB131328
:10F8C000002B40F0FA82D769B7FBF1F501FB157503
:10F8D000002D40F000834FF0FF36A7F10803B6FB80
:10F8E000F3F33344B3FA83F3C3F12003B7EB830F8D
:10F8F000C0F0EA82526A25612946C4E90265D2084D
:10F9000084F84050666005F0C3FC2368E562D3E9E3
:10F910000823934228BF1346C4E90C35A26322A9E9
:10F920002046FCF7EDF8054678B123689A6A002A6C
:10F9300063D0DA6A002A5BD01B6B002B54D02846B8
:10F9400045B0BDEC028BBDE8F08F2DA92046FCF739
:10F95000D7F805460028E8D1DDE92E21349B0E9228
:10F96000CDE92E120133049034930D914FF001092B
:10F970002068C36898470546002843D015F1340F26
:10F98000D3D10D9B2662012B0DD90E9B012B0AD9D9
:10F990002EA92046FCF76AFB05460028C5D10123A5
:10F9A0002E990493E4E76FF03305BEE7486901F050
:10F9B0004BFDE061002800F0DF802168C86A002864
:10F9C0007FF462AF886901F03FFDA062002800F07B
:10F9D000D380216859E7D80801F036FDE06300289C
:10F9E00000F0CA80226865E7E06B01F041FDA6E700
:10F9F000A06A01F03DFD23689EE7E06901F038FD53
:10FA0000236896E734AFA2461022394609A8099622
:10FA100000F0BCFC5AF8202B2E9B126A934280F017
:10FA20007D824FF01008CDE900572A46CDF80880B6
:10FA300051462046FBF7EEFC054600289ED1359B3B
:10FA400023F00043043B102B474633D904F1140B39
:10FA50000DF1280822680E9B126A934280F064829E
:10FA6000CDE901890097002259462046FBF770FB3B
:10FA7000054600287FF459AF0122414609A800F04D
:10FA800085FC22682E9B126A934280F047822A46A8
:10FA9000CDE90189009751462046FBF7BBFC05469E
:10FAA00000287FF46BAF359B23F000430137043B04
:10FAB0009F42CFD322682E9B126A934280F02E82FF
:10FAC000042209A9CDE90071029251460022204684
:10FAD000FBF7A0FC054600287FF450AF216A666161
:10FAE0004B1C11D02068A36A826900928568626A03
:10FAF000A847054600287FF441AF2368A06A9A69A9
:10FB0000FF2105F0C5FB266220680369984705467A
:10FB100000287FF433AF359BDDF8B8B00A9623F0A8
:10FB2000004304F11402043B08EE102A3CD01D46A9
:10FB3000234608EE90AA38AF92460446984607E05E
:10FB40000134012239460AA800F020FCA54228D041
:10FB5000D8F800301B6A9B4580F0E681CDE9017939
:10FB600000945B46002251464046FBF7F1FA00281C
:10FB7000E6D005464446D8E623689A6A002A00F093
:10FB8000C881DA6A002A00F0BF811B6B002B00F0ED
:10FB9000B7816FF00B05284645B0BDEC028BBDE880
:10FBA000F08F18EE90AA4446DDE909329A427FF4BC
:10FBB000E8AE049B002B40F0168225698DB1686881
:10FBC0002E9B984200F0B681AA682F998A4200F0D5
:10FBD000B181884200F0AE81934200F0AB812D6884
:10FBE000ECE7A74A23688DF86A50082641F22E47B1
:10FBF000ADF868708DF86B6092E80300D3E90726D2
:10FC00001D9220AA82E803002F9A06954FF001105A
:10FC10002E9D1E9634211026A2601C922C92022248
:10FC20001F9065601B952B9519962A914FF001093D
:10FC300004921846DDE92331299A0C93CDE9231368
:10FC40000132002307932992C3680B919847054618
:10FC5000D8B115F1340F7FF468AE0B9B4FF0FF3233
:10FC6000012B226232D90C9B012B2FD923A92046CC
:10FC7000FCF7FCF9054628BB20682399012307936C
:10FC8000C368984705460028E3D129AF4FF0FF33FA
:10FC90001022394611A8119300F078FB2268239BAB
:10FCA000126A934280F03A811026CDE900572A4625
:10FCB000029651462046FBF7ADFB18B310F1340F06
:10FCC000CBD0054615F1340F7FF42FAE049B012BEA
:10FCD00014D1069B002B3FF466AE22A90026012713
:10FCE00038AA2046CDE93867FBF758FC05460028BE
:10FCF0007FF41BAE23681A6AA26317E6012320680B
:10FD0000049397E72A9B23F00043043BB34259D95D
:10FD100018EE108A37460DF1E00B05902FE02268AF
:10FD20000C9B126A934280F0FF80CDE901B90097E5
:10FD3000002241462046FBF70BFA05460028C1D1B8
:10FD40000122594611A800F021FB2268239B126A68
:10FD5000934280F0E3802A46CDE901B900965146EE
:10FD60002046FBF757FB054600287FF472AF0137AA
:10FD700001362A9B23F00043043B9E4222D2059B7E
:10FD8000002BCCD1102FCAD11AAD2022294611A8A0
:10FD900000F0FCFA2268239B126A934280F0BE8036
:10FDA0002021CDE900650291059A51462046FBF7D6
:10FDB00031FB054600287FF44CAF01232036302765
:10FDC0000593D6E72268239B126A934280F0A680AF
:10FDD000042211A9CDE90061029251460022204679
:10FDE000FBF718FB054600287FF433AF216A4FF07C
:10FDF000FF339942636113D02068A36A826900923D
:10FE00008568626AA847054600287FF422AF236808
:10FE1000A06A9A69FF2105F03BFA4FF0FF33236295
:10FE2000206803699847054600287FF412AF2A9B93
:10FE3000DDF88C8023F0004B4FF0FF32BBF1040B58
:10FE400038921FD018EE105A07460DAE07E0013762
:10FE50000122314638A800F099FABB4512D0236838
:10FE60001B6A984560D2CDE901690097434600229C
:10FE700029462046FBF76CF90028E8D0054621E723
:10FE8000F08C0300389A119B9A427FF4E6AE079BF0
:10FE9000002B57D123696BB15D68239A95424DD0F1
:10FEA00099682498814249D0854247D08A4245D0FA
:10FEB0001B68F0E70123069308E7914B914A9248AB
:10FEC00040F61F0105F022F9904B8E4A8E4840F60D
:10FED000230105F01BF98E4B8A4A8B484FF40261CF
:10FEE00005F014F98B4B874A874840F6140105F05A
:10FEF0000DF9894B834A844840F6130105F006F951
:10FF0000E06B01F0B5FA44E6A06A01F0B1FA2368AB
:10FF10003BE6E06901F0ACFA236832E67F4B804AA9
:10FF200079489C2105F0F2F87C4B7E4A76481221F4
:10FF300005F0ECF86B602F9BAB6050E65A60249A9A
:10FF40009A60B5E76368013300F09F80A3680133CE
:10FF500038AE0BAF00F09B80324639460DAB2046E1
:10FF6000FBF792FC051EFFF6ADAE00F09080DDE9D8
:10FF700023030D9D11950C3515950F900C259DF8BB
:10FF80003B00109331461295149516900025189059
:10FF900011AA0EAE0123204617951396FCF73AFFDF
:10FFA000054600287FF48EAE0B986368984267D0B0
:10FFB0000C9AA1688A4263D0884261D093425FD094
:10FFC0004FF00102013384F840203FF463AFA3688F
:10FFD00001333FF45FAF2046FCF756FB0546002D8A
:10FFE0003FF458AF6EE6636801336ED0A368013307
:10FFF00038AE0DAF6BD03246394611AB2046FBF719
:020000023000CC
:1000000043FC051EFFF691AC61D0DDE92E02119B89
:1000100019930C331D9313900C2312A89DF84B5089
:10002000149231461A931C931B900026012319AA9F
:1000300020461E9520951F96FCF7ECFE05460028ED
:100040007FF473AC0D986368984239D00E9AA1681A
:100050008A4235D0884233D0934231D001220133D5
:1000600084F840203FF4A9ADA36801333FF4A5AD67
:100070002046FCF709FB0546002D3FF49EAD54E4F5
:10008000DDE92332C4E901329AE738AE0BAF3946D5
:1000900032462046FBF722FB051EFFF613AE3FF467
:1000A000F9AEDDE923500023429031461A4620463E
:1000B0004195FCF7AFFE0546002D3FF4EBAE01E69F
:1000C000DDE92E32C4E90132C8E738AE0DAF39465A
:1000D00032462046FBF702FB051EFFF626AC3FF436
:1000E0006CADDDE92E500023429031461A46204681
:1000F0004195FCF78FFE0546002D3FF45EAD14E4FC
:10010000448C0300588D0300F08A0300A48C030084
:10011000748C03002C8C03000C8C0300D08A030029
:100120000C8D0300FC8C0300F0B58B6A01609BB062
:100130000446002B7CD0C361C86A002800F083808D
:10014000A0628A69FF2105F0A3F84FF0FF33216810
:1001500023626361486AC30640F0C380002800F050
:10016000D5800B6B002B75D0E363D1E90503B3FB9E
:10017000F0F200FB1232002A40F0C180C869B0FBE7
:10018000F3F203FB1202002A40F0B2804FF0FF3579
:10019000A0F10803B5FBF3F32B44B3FA83F3C3F1E7
:1001A0002003B0EB830FC0F085800B6AA363C4E922
:1001B0000155C4E90322C4E90B2284F8402062639C
:1001C0000026012704AA0FA92046CDE90467FBF702
:1001D000E5F9054660B123689A6A002A46D0DA6AD2
:1001E000002A3ED01B6B002B45D028461BB0F0BD2B
:1001F0002146109B51F8142B126A934280F08D8097
:100200002020029007AE1020CDE900062A462046A5
:10021000FAF79EFF05460028DDD1DDE90810424BC4
:100220000D9A9A42C4E9011029D06FF03305D2E744
:10023000486901F009F9E061002831D02168C86AF5
:1002400000287FF47DAF886901F0FEF8A06238B322
:10025000216876E7C00801F0F7F8E06300B3216891
:1002600083E7A06A01F004F92368BBE7E06901F0C5
:10027000FFF82368B3E7E06B01F0FAF8B5E70E9AF0
:10028000A3F18773A3F580639A42CED10C9B1A0C1D
:10029000012A02D19BB2012BA7D96FF015059AE76D
:1002A00023689A6AC2B1DA6A8AB11B6B4BB16FF0EC
:1002B0000B059AE71D4B1E4A1E4840F6230104F029
:1002C00025FFE06B01F0D4F86FF00B058DE7A06A15
:1002D00001F0CEF82368E8E7E06901F0C9F8236887
:1002E000E1E7154B124A134840F6130104F00EFFE4
:1002F000124B0F4A0F484FF4026104F007FF104BF6
:100300000B4A0C4840F61F0104F000FF0D4B084A51
:10031000084840F6140104F0F9FE0B4B0B4A05485F
:10032000122104F0F3FE00BF6C697474A48C030006
:10033000588D0300F08A03000C8C0300748C0300BA
:10034000448C03002C8C0300D08A0300FC8C030037
:1003500003689A6A10B504462AB1DA6A52B11B6B77
:100360007BB1002010BDC06901F082F82368DA6A11
:10037000002AF4D1A06A01F07BF823681B6B002BE4
:10038000EFD1E06B01F074F8002010BDE2B170B461
:10039000561E0E4D02680E444C1E14F8013F83EAAF
:1003A000020101F00F01A64255F8211081EA121254
:1003B00082EA131303F00F0355F8233083EA121275
:1003C000EBD170BC02607047704700BF648D0300C2
:1003D00010B5034B03600446FAF7BAFA204610BD85
:1003E000AC8D030010B5054B03600446FAF7B0FA74
:1003F000204603F0CDFB204610BD00BFAC8D0300AE
:1004000008B500F09BF9002008BD00BF70B501F5EC
:100410005A61CC0182B004F18006FF2501222046FA
:100420000DF1070114448DF8075000F08DF9A64234
:10043000F4D1002002B070BD08B501F55A6102EB9D
:10044000C110029A194600F07FF9B0FA80F0400915
:10045000404208BD08B501F55A6102EBC1111846CA
:10046000029A00F089F90028CCBF00200120404208
:1004700008BD00BF38B500210546FAF789FA98B9DA
:100480004FF4DA24204604F5805400F081F958B185
:10049000B4F5E82FF6D12846FAF79CFA2846002151
:1004A000BDE83840FAF774BA38BD00BF10B5074C44
:1004B00007492046FAF754FA064B23602046064ABD
:1004C0000649BDE8104004F01BBE00BFA43F002059
:1004D00008360020AC8D030000360020D103030055
:1004E00010B504460069431C18D0E36823B1616964
:1004F0004FF48052984770B90A2004F0C3F923687A
:1005000020699847D4E9040163684FF48052984702
:100510000A2004F0C5F94FF0FF33236110BD00BF7E
:100520002DE9F04F83B0019343B3DFF87090054697
:100530000E4690461F46C6F30B0ACAF580542B6937
:10054000BC4206EA090B28BF3C465B4528464146AB
:10055000224617D0FFF7C4FFAB686869C5F810B032
:1005600059464FF4805298476869414622465044A4
:1005700004F066FE3F1B2644A044DCD1019803B082
:10058000BDE8F08F6869504404F05AFE3F1BA04458
:100590002644D0D1019803B0BDE8F08F00F0FFFFF2
:1005A0002DE9F84307691D467B1C0646884614461C
:1005B00005D097420BD807F580539A4230D3B368E1
:1005C000214640462A4698472846BDE8F8835319F5
:1005D0009F42F4D207F580539A42F0D2A7EB040968
:1005E0004A462146B3684046E71B98477A1908EB0C
:1005F00009004FF4805C0021624528BF62467369A0
:10060000174619444F4404F01BFEBD42DCD9B368C1
:10061000E11908EB0700EA1B98472846BDE8F88374
:10062000A7EB040C0CF5805CE11B2A4640464FF01A
:100630000009E1E729DF704728DF704712DF7047C4
:1006400008B504F0EFFDB0FA80F0400908BD00BF26
:1006500010B5144604F0F4FD204610BDF0B583B08B
:10066000054600230DF1070017460C4696088DF845
:100670000730FFF7E3FF01E000F088FE3246214635
:100680002846FFF7D7FF112803464FF00100F3D0AB
:1006900073B99DF8073013B9384603B0F0BD064B67
:1006A0004FF0FF31186801F0BDFB384603B0F0BDD4
:1006B0000027384603B0F0BD4850002030B5184D33
:1006C000296883B00446D9B1240B01E000F05EFE36
:1006D0002046FFF7B1FF112803464FF00100F5D087
:1006E00013B1002003B030BD0DF107008DF80730C5
:1006F000FFF7A4FF9DF807304BB9012003B030BDD0
:100700000A2000F035FF28600028DDD1E9E72868DD
:100710004FF0FF3101F086FB012003B030BD00BF78
:1007200048500020044B186820B100231A4619468F
:1007300000F050BF704700BF485000200148FFF74D
:10074000CFBE00BF4036002010B4094CA0420AD3EF
:10075000B0F5E82F07D213465DF8044B0A46014670
:100760000448FFF7DDBE4FF0FF305DF8044B7047E3
:10077000006002004036002010B40C4613460146CB
:10078000224602485DF8044BFFF70ABF40360020BE
:1007900030B5184D296883B00446D9B1240B01E067
:1007A00000F0F4FD2046FFF747FF112803464FF005
:1007B0000100F5D013B1002003B030BD0DF10700EA
:1007C0008DF80730FFF73AFF9DF807304BB901204D
:1007D00003B030BD0A2000F0CBFE28600028DDD138
:1007E000E9E728684FF0FF3101F01CFB012003B05E
:1007F00030BD00BF48500020F8B5174682B105460D
:100800000E46002402E00134A74207D02B6816F8F8
:10081000011B1B68284698470028F4D12046F8BDE4
:100820001446FBE72DE9F0410C46D9B10768804634
:10083000084605F05EFC7B68104A9342064615D1D7
:10084000D0B1002504E00135AE4208D0D8F80070E0
:100850003B6814F8011B404698470028F3D128460E
:10086000BDE8F0810D462846BDE8F08102462146EC
:100870004046BDE8F04118470546F0E7F907030098
:100880002DE9F0470768DFF894A0D7F804900446F4
:100890000E4600293AD0084605F02BFCD14580468B
:1008A00022D1002836D0002503E00135A84527686D
:1008B00020D03B6816F8011B204698470028F4D149
:1008C0002768D7F80490D14518D13B680D21204600
:1008D000984730B1236820461B680A219847B8B171
:1008E00002352846BDE8F087024631462046C84713
:1008F00027680546D7F80490D145E6D0064920463A
:100900000222C84705442846BDE8F0870D46DAE7CD
:100910000135E6E70546D6E7B48D0300F907030085
:1009200090F8A300704700BF38B590F99D30002BB8
:1009300004460DDB5A0920482032012103F01F0331
:1009400001FA03F340F82230BFF34F8FBFF36F8FEC
:100950002369002101224FF48870C3F80803C3F80B
:100960004411C3F858115A60DA6002E003F0ECFA5F
:100970002369D3F85821002AF8D0D3F84421002A5B
:10098000F4D04FF0FF320025C3F8005504F11400F5
:10099000C3F80C25C3F81425C3F80825C3F810259F
:1009A00003F0A6FFD4F8A40001F0C4FBC4F8A450DF
:1009B00084F8A35038BD00BF00E100E0143003F01C
:1009C000A9BF00BF143003F0ABBF00BF143003F069
:1009D00093BF00BF08B5D0F8A40001F09FFB00282A
:1009E00014BF4020002008BD90F8A33003B9704721
:1009F00010B54FF0FF310446D0F8A40001F012FA10
:100A00000023D4F8A4001A46BDE81040194600F0AF
:100A1000E1BD00BF10B503680F4A5B6882B0934226
:100A20008DF8071012D104464FF0FF31D0F8A40022
:100A300001F0F8F99DF8073084F85D302269012350
:100A40001846C2F84835936002B010BD01220DF17E
:100A50000701984702B010BD5D0A03002DE9F04779
:100A600016460AB30746884600F15D0A00254FF096
:100A70000109741B402C28BF40244FF0FF31D7F8E8
:100A8000A40001F0CFF908EB05012246504604F01E
:100A9000D7FB25443B69AE42C3F84845C3F80890EC
:100AA000E7D82846BDE8F08715462846BDE8F08718
:100AB000036870B51B6A744DAB4240F0AE800A46C5
:100AC00090F8A3100446002940F09F80036990F835
:100AD0009F00C3F80C0594F89E00C3F8140594F821
:100AE000A200012800F09D80C3F86C15B2F5966F46
:100AF00045D9B2F5166F40F29F80B2F5965F40F28D
:100B00009E80B2F5165F40F29C80B2F5615F40F2C4
:100B10009A80B2F5964F40F29880B2F5E14F40F2DC
:100B2000968047F612218A4240F29380B2F5164F22
:100B300040F292804DF6C0218A4240F29080B2F598
:100B4000614F40F28F80B2F5963F40F28E80B2F551
:100B5000E13F40F28C80B2F5613F40F28B804B491F
:100B60008A4240F28D80B2F5E12F40F28680B2F5E4
:100B7000612F94BF4FF070624FF0805201E04FF44C
:100B80009E2294F99D00C3F82425082104F15D02FA
:100B90000025C3F800150028C3F8442504F15C01C2
:100BA000C3F820514FF001024FF48875C3F8341593
:100BB000C3F838251A60C3F8045327DB344D4109C4
:100BC00000F01F062B186031B240602045F821204C
:100BD00083F8000394F99D30002B07DB2C4903F0C8
:100BE0001F0001225B09824041F8232003220021DB
:100BF000012000F07BFC00231A461946C4F8A4002B
:100C000000F0E8FC012384F8A33070BD214A00F015
:100C10000F031A4460231376DCE7BDE8704000221E
:100C2000184794F8A010C3F8101594F8A110C3F851
:100C30000815C3F86C0559E74FF41D22A1E7164AC1
:100C40009FE7164A9DE7164A9BE7164A99E7164A18
:100C500097E74FF4000294E74FF41D0291E74FF439
:100C600065028EE74FF46B028BE7104A89E74FF07D
:100C7000EB7286E74FF06C7283E74FF0E86280E733
:100C80004FF080627DE700BFB10C030090D00300FD
:100C900000E100E0FCEC00E000B013000050270091
:100CA00000F03A0000A04E0000C0750000903A012C
:100CB00090F8A330002B40F0B08070B50369044673
:100CC00090F89F00C3F80C0594F89E00C3F8140533
:100CD00094F8A20001284AD0B1F5966FC3F86C25AC
:100CE00054D9B1F5166F40F2A080B1F5965F40F28D
:100CF0009F80B1F5165F40F29D80B1F5615F40F2D3
:100D00009B80B1F5964F40F29980B1F5E14F40F2EA
:100D1000978047F61222914240F29480B1F5164F27
:100D200040F293804DF6C022914240F29180B1F59D
:100D3000614F40F29080B1F5963F40F28F80B1F55F
:100D4000E13F40F28D80B1F5613F40F28C804A4A2C
:100D5000914240F28E80B1F5E12F40F28780B1F5EB
:100D6000612F94BF4FF070624FF0805210E094F802
:100D7000A000C3F8100594F8A100C3F8080542F0DC
:100D80000102B1F5966FC3F86C25AAD84FF49E22E4
:100D900094F99D00C3F82425082104F15D02002583
:100DA000C3F800150028C3F8442504F15C01C3F81A
:100DB00020514FF001024FF48875C3F83415C3F881
:100DC00038251A60C3F8045328DB2C4D410900F084
:100DD0001F062B186031B240602045F8212083F8AF
:100DE000000394F99D30002B07DB244903F01F001A
:100DF00001225B09824041F82320032200210120C7
:100E000000F074FB00231A461946C4F8A40000F051
:100E1000E1FB012384F8A33070BD7047184A00F04D
:100E20000F031A4460231376DBE74FF41D22AFE76C
:100E3000144AADE7144AABE7144AA9E7144AA7E7F6
:100E4000144AA5E74FF40002A2E74FF41D029FE702
:100E50004FF465029CE74FF46B0299E70E4A97E75F
:100E60004FF0EB7294E74FF06C7291E74FF0E8624D
:100E70008EE74FF080628BE790D0030000E100E046
:100E8000FCEC00E000B013000050270000F03A0036
:100E900000A04E0000C0750000903A0108B5054B57
:100EA0001BB1054803F036FD00B908BDAFF3008063
:100EB00008BD00BF000000006050002010B5114CBC
:100EC0002369D3F810213AB10022C3F81021D3F8D6
:100ED0003C2572B901221A60D3F8202102B910BD55
:100EE0000021D4F8A400C3F82011BDE8104000F0A0
:100EF0000DBE94F85C1004F1140003F0EBFC2369C0
:100F0000E8E700BF4C50002038B50E4C0E4A204692
:100F10004FF47A73002540F8142BC4E9015303F011
:100F2000CDFC0A4B0A481A6A9B6984F89F3002215B
:100F3000A4F8A250C4F8A450206184F89D1084F84D
:100F40009E2038BD4C500020C08D0300588E0300F9
:100F500000200040884238B5054607DA0C1A05F033
:100F60001DF890FBF4F101FB14010D44284638BD37
:100F7000F8B50026C0E900660446866079B10846E7
:100F80000D4605F0B6F80746013000F00DFA30B115
:100F9000C4E900070670A760294605F091F82046CD
:100FA000F8BD00BFF8B588424FF00005C0E9005514
:100FB000044685600DD00E685EB18F68781C00F025
:100FC000F3F930B1C4E900070570A760314605F0B8
:100FD00077F82046F8BD00BF30B5044600238BB03B
:100FE000C4E90033A360084601A902F00FFD01A87F
:100FF00005F07FF82368054613B1626890420BD96B
:101000001846691C00F000FA034668B1A268C4E9FA
:1010100000050AB902702368A56001A9184605F009
:101020004FF820460BB030BD206808B100F0D6F96B
:1010300000232046C4E9013323600BB030BD00BF5C
:1010400030B5044600238BB0C4E90033A3600846E2
:1010500001A902F0DDFC01A805F04BF82368054664
:1010600013B1626890420BD91846691C00F0CCF9A4
:10107000034668B1A268C4E900050AB90270236892
:10108000A56001A9184605F01BF820460BB030BD3D
:10109000206808B100F0A2F900232046C4E901331A
:1010A00023600BB030BD00BF70B5044600238AB08A
:1010B00010EE100AC4E90033A3600D468E1C03F045
:1010C000E7FD76B241EC100B01AA2946304600F04C
:1010D0003BF9E0B1054605F00CF82368064613B16C
:1010E000626890420BD91846711C00F08DF90346D6
:1010F00068B1A268C4E900060AB902702368A66054
:101100002946184604F0DCFF20460AB070BD20686E
:1011100008B100F063F900232046C4E901332360DD
:101120000AB070BD10B50446006800F057F92046BB
:1011300010BD00BF884270B504461FD00D6800681E
:10114000ADB18E6810B163689E4209D9711C00F080
:101150005BF958B1A368C4E900060BB903702068B5
:10116000A660294604F0ACFF204670BD206808B197
:1011700000F034F90023C4E901332360204670BD38
:10118000884238B5044612D000680D4628B162681E
:101190008B689A420DD200F021F9D5E90031AA6896
:1011A00023600023C4E90112C5E90033AB60204687
:1011B00038BD096804F084FFAB68A3600023AB600E
:1011C000204638BD814238B5044612D000680D462D
:1011D00028B162688B689A420DD200F0FFF8D5E919
:1011E0000031AA6823600023C4E90112C5E9003375
:1011F000AB60204638BD096804F062FFAB68A360AD
:101200000023AB60204638BD70B50E6804461EB1A1
:101210008D685DB9204670BD206808B100F0DEF829
:101220000023C4E901332360204670BD8268006852
:10123000154410B163689D420BD9691C00F0E4F8B5
:101240000028E9D0A268C4E9000512B9027020683C
:10125000A2683146104404F033FFA560204670BDFB
:1012600070B5044631B108460D4604F042FF58B946
:10127000204670BD206808B100F0B0F80023C4E932
:1012800001332360204670BDA2682368861813B11D
:1012900061688E420DD91846711C00F0B5F80346FE
:1012A0000028E7D0A268C4E9000612B902702368DA
:1012B000A2682946981804F003FFA660204670BD76
:1012C00030B5836883B0044600688DF804100022AE
:1012D0005D1C8DF8052010B1626895420AD9991CF1
:1012E00000F092F870B1A368C4E9000513B9037067
:1012F0002068A368184401A904F0E2FE2046A56016
:1013000003B030BD206808B100F068F80023204623
:10131000C4E90133236003B030BD00BF826808B563
:101320000B463AB161B1006804F0C0FEB0FA80F03B
:10133000400908BD31B11878B0FA80F0400908BD05
:101340000368F8E7012008BDD0B50B4686B0144607
:1013500057EC106B0246064901A804F06BFE3246BA
:101360003B4601A9204604F065FE204606B0D0BDEC
:10137000EC8D030008B501F06BFA4FF47A73A0FB13
:101380000323900A40EA835008BD00BF08B5014618
:1013900000238002890D4FF47A7203F021FDBDE82D
:1013A000084001F08DBB00BF10B5044601F0E4FD1C
:1013B000022804D02046BDE8104003F023BF01F00E
:1013C0003FFA204603F01EFF044601F0E9FA0CB193
:1013D000204610BD02F0C6FDFAE700BF10B5044676
:1013E00001F0CAFD02280AD144B101F029FA2046D1
:1013F00003F010FFBDE8104001F0D2BA10BD204646
:10140000BDE8104003F006BF10B582B0044601915C
:1014100001F0B2FD0228019905D0204602B0BDE8D6
:10142000104004F0EFBD01F00BFA2046019904F0E2
:10143000E9FD044601F0B4FA14B1204602B010BD33
:1014400002F090FDF9E700BF10B582B0019001F005
:10145000F7F9019803F0D6FE044601F0A1FA14B1A1
:10146000204602B010BD02F07DFD204602B010BD46
:1014700050B110B5044601F0E3F9204603F0CAFE6E
:10148000BDE8104001F08CBA704700BF38B51C466B
:101490009DF8105043B3002908BF1A460123C4E940
:1014A0000F01226084F8463002F0BEF8D4E90F1331
:1014B0002268A26001FB03F1CB1A134400200A4406
:1014C000FF21A063E36084F84410626084F8451053
:1014D00004F1100003F02CFA04F1240003F028FAC0
:1014E00002F0ACF884F84C50204638BDF8B50646FA
:1014F00017460D4669B100FB01F05030FFF7A4FF1D
:10150000044690B3002200F1500380F846200360A7
:1015100007E05020FFF798FF044630B384F84650A8
:101520002460C4E90F6502F07FF8D4E90F13226844
:10153000A26001FB03F1CB1A134400200A44FF21EF
:10154000A063E36084F84410626084F8451004F1FD
:10155000100003F0EDF904F1240003F0E9F902F0C2
:101560006DF884F84C702046F8BD00242046F8BD84
:10157000F8B5064650200D46FFF766FF044630B327
:1015800000272060C66380F84670076402F04CF8BC
:10159000D4E90F322168A76303FB02F39A1A0A44C5
:1015A0000B44FF26C4E90131E26084F8446004F191
:1015B000100084F8456003F0BBF904F1240003F047
:1015C000B7F902F03BF80223A56384F84C302046BB
:1015D000F8BD00BF2DE9F047044684B01F460192D4
:1015E000884600F1240602F01FF8A26BE36BDFF8D7
:1015F00040939A424FF0000A7CD3022F00F0E8801B
:10160000019D002D00F0128102ADBAF1000F00F033
:10161000DB8002F013F801F013F902F005F894F8FA
:101620004430FF2B04BF002384F8443094F8453045
:10163000FF2B04BF002384F8453001F0FFFF28464C
:1016400001A901F043FC002840F0F68001F0ECFF16
:10165000A26BE36B9A4261D001F0F0FF01F0E4FF6E
:1016600094F845506DB2002D05DC12E06B1E13F0AE
:10167000FF0F5DB20DD0636A304653B101F0C8FB75
:101680000028F3D001F056FC6B1E13F0FF0F5DB283
:10169000F1D1FF2384F8453001F0D0FF01F0C4FF01
:1016A00094F844506DB2002D15DD04F1100A04E0E9
:1016B0006B1E13F0FF0F5DB20DD02369504653B17E
:1016C00001F0A6FB0028F3D001F034FC6B1E13F0F0
:1016D000FF0F5DB2F1D1FF2384F8443001F0AEFF7B
:1016E00001F05EF901F0A0FFA26BE36B9A424FF0AC
:1016F000010A82D2226CA56B002A40F0E78026689E
:10170000002E00F0F9800135A563636A002B7CD1BF
:1017100001F094FF012004B0BDE8F08704F1100A45
:1017200001F08CFF0199504601F0F6FA01F07CFFC0
:1017300094F845506DB2002D05DC12E06B1E13F0DD
:10174000FF0F5DB20DD0636A304653B101F060FB0C
:101750000028F3D001F0EEFB6B1E13F0FF0F5DB21B
:10176000F1D1FF2384F8453001F068FF01F05CFF00
:1017700094F844506DB2002D05DC12E06B1E13F09E
:10178000FF0F5DB20DD02369504653B101F040FB0D
:101790000028F3D001F0CEFB6B1E13F0FF0F5DB2FB
:1017A000F1D1FF2384F8443001F048FF01F0F8F84C
:1017B000002897D14FF08053C9F8043040BFBFF3E1
:1017C0004F8FBFF36F8F8DE7284601F073FB20E743
:1017D000226CA56B002A92D04146E06803F030FDF0
:1017E000226CE36821689B1A8B42E360C2F100021D
:1017F00004D263681A44E260022F84D1002D83D1A1
:101800000123A363636A002B82D004F1240001F05A
:10181000FFFA00283FF47CAF454B4FF080525A60EE
:1018200040BFBFF34F8FBFF36F8F71E701F006FF2B
:10183000284604B0BDE8F08701F0F6FE94F8455064
:101840006DB2002D15DD04F1240604E06B1E13F0CB
:10185000FF0F5DB20DD0636A304653B101F0D8FA84
:101860000028F3D001F066FB6B1E13F0FF0F5DB292
:10187000F1D1FF2384F8453001F0E0FE01F0D4FE01
:1018800094F844506DB2002D15DD04F1100604E00B
:101890006B1E13F0FF0F5DB20DD02369304653B1BC
:1018A00001F0B6FA0028F3D001F044FB6B1E13F0F0
:1018B000FF0F5DB2F1D1FF2384F8443001F0BEFE8A
:1018C00001F06EF8002004B0BDE8F087414607BB88
:1018D000A06803F0B5FCA368216C62680B449342D6
:1018E000A360FFF410AF0135A563636A2268A260AC
:1018F000002B3FF40DAF88E76068013501F092FBE3
:10190000A563636A6660002B7FF47FAF002883D1F4
:10191000FEE6E06803F094FC226CE36821689B1A01
:101920008B42E360C2F10002BFF466AF61E700BF23
:1019300000ED00E0F8B50C4679B3002501232160E5
:10194000C1E90F3581F84630064601F06DFED4E955
:101950000F322168A56303FB02F39A1A0A440B4471
:10196000FF27C4E90131E26084F8447004F11000FB
:1019700084F8457002F0DCFF04F1240002F0D8FF87
:1019800001F05CFEC4E90055E56084F84C602B462C
:101990002A4629462046FFF71DFE2046F8BD00BF17
:1019A000F8B506465020FFF74FFD044670B30025FA
:1019B00001232060C0E90F3580F8465001F034FE65
:1019C000D4E90F322168A56303FB02F39A1A0A4493
:1019D0000B44FF27C4E90131E26084F8447004F14C
:1019E000100084F8457002F0A3FF04F1240002F017
:1019F0009FFF01F023FEC4E90055E56084F84C60C8
:101A00002B462A4629462046FFF7E4FD2046F8BD2E
:101A10002DE9F043044683B016469946EFF311884A
:101A2000402282F31188806BE26B90421ED3022B1E
:101A300005D0002088F3118803B0BDE8F08394F846
:101A40004550226CA76B6DB232BB2368002B47D088
:101A500001376B1CA76335D001356DB284F8455052
:101A6000012088F3118803B0BDE8F08394F8455055
:101A7000226CA76B6DB2002AE7D0002B38D1A0688A
:101A800003F0DEFBA368216C62680B449342A36001
:101A900024BF2368A360DBE7E06803F0D1FB226C7E
:101AA000E0682168801A8842E060C2F1000205D235
:101AB00061680A44E260B9F1020FC9D1012F38BF51
:101AC0000127C6E7636A002BCAD004F1240001F0A5
:101AD0009FF90028C4D0002EC2D001203060A9E7B1
:101AE0006068019301F09EFA019B63600137B0E7E3
:101AF000E06803F0A5FB226CE0682168801A884248
:101B0000E060C2F10002D6D2D2E700BF10B582B0C9
:101B1000EFF31184402383F31188836BC26B9A42E5
:101B20000FD990F845200133FF2A836353B20DD0BB
:101B300001335BB280F84530012084F3118802B094
:101B400010BD002084F3118802B010BD436A002B41
:101B5000F2D02430019101F05BF90028ECD001991A
:101B60000029E9D001200860ECE700BF2DE9F0432F
:101B7000044685B00F46019201F056FDA56B002D7D
:101B800040F02781019B002B00F0D28002A801F0D9
:101B900091F9DFF88C8204F1240601F04FFD00F08A
:101BA0004FFE01F041FD94F84430FF2B04BF0023A9
:101BB00084F8443094F84530FF2B04BF002384F8A8
:101BC000453001F03BFD01A902A801F07FF9002892
:101BD0005BD101F029FDA36B002B40F0AF8001F039
:101BE0002DFD0199304601F097F801F01DFD94F8A4
:101BF00045506DB2002D05DC12E06B1E13F0FF0F97
:101C00005DB20DD0636A304653B101F001F900288E
:101C1000F3D001F08FF96B1E13F0FF0F5DB2F1D11D
:101C2000FF2384F8453001F009FD01F0FDFC94F834
:101C300044506DB2002D15DD04F1100904E06B1E57
:101C400013F0FF0F5DB20DD02369484653B101F088
:101C5000DFF80028F3D001F06DF96B1E13F0FF0FD1
:101C60005DB2F1D1FF2384F8443001F0E7FC00F0CD
:101C700097FE002853D14FF08053C8F8043040BF7E
:101C8000BFF34F8FBFF36F8F49E001F0CDFC94F8A5
:101C900045506DB2002D05DC12E06B1E13F0FF0FF6
:101CA0005DB20DD0636A304653B101F0B1F800283F
:101CB000F3D001F03FF96B1E13F0FF0F5DB2F1D1CD
:101CC000FF2384F8453001F0B9FC01F0ADFC94F835
:101CD00044506DB2002D15DD04F1100904E06B1EB7
:101CE00013F0FF0F5DB20DD02369484653B101F0E8
:101CF0008FF80028F3D001F01DF96B1E13F0FF0FD1
:101D00005DB2F1D1FF2384F8443001F097FC00F07C
:101D100047FE01F089FCA36B53B101F08FFC01F089
:101D200083FCA56B002D54D1019B002B7FF435AFB4
:101D300001F084FC002005B0BDE8F08301F07EFCDA
:101D400001F072FC94F845506DB2002D05DC12E0F4
:101D50006B1E13F0FF0F5DB20DD0636A304653B1B6
:101D600001F056F80028F3D001F0E4F86B1E13F0F0
:101D7000FF0F5DB2F1D1FF2384F8453001F05EFC26
:101D800001F052FC94F844506DB2002D15DD04F1C1
:101D9000100904E06B1E13F0FF0F5DB20DD0236934
:101DA000484653B101F034F80028F3D001F0C2F8EE
:101DB0006B1E13F0FF0F5DB2F1D1FF2384F84430A6
:101DC00001F03CFC00F0ECFD01F02EFCA56B002DB9
:101DD000AAD0226C52B1E168636811449942E16073
:101DE00024BF2168E160384603F02AFA013DA5636B
:101DF00023692BB901F022FC012005B0BDE8F08376
:101E000004F1100001F004F80028F3D0044B4FF067
:101E100080525A6040BFBFF34F8FBFF36F8FE9E727
:101E200000ED00E02DE9F043044685B000F1240602
:101E3000019101F0F9FBA36BDFF8DC820027B946C2
:101E4000002B40F0D780019D002D00F0418102ADB4
:101E5000B9F1000F00F0DE8001F0F0FB00F0F0FCC3
:101E600001F0E2FB94F84430FF2B04BF002384F818
:101E7000443094F84530FF2B04BF002384F84530EC
:101E800001F0DCFB284601A901F020F800285FD111
:101E900001F0CAFBA36B002B40F0C88001F0CEFB21
:101EA0002368002B00F01B810199304600F034FFBD
:101EB00001F0BAFB94F845506DB2002D05DC12E03C
:101EC0006B1E13F0FF0F5DB20DD0636A304653B145
:101ED00000F09EFF0028F3D001F02CF86B1E13F0E9
:101EE000FF0F5DB2F1D1FF2384F8453001F0A6FB6E
:101EF00001F09AFB94F844506DB2002D15DD04F109
:101F0000100904E06B1E13F0FF0F5DB20DD02369C2
:101F1000484653B100F07CFF0028F3D001F00AF8E6
:101F20006B1E13F0FF0F5DB2F1D1FF2384F8443034
:101F300001F084FB00F034FD002853D14FF08053B2
:101F4000C8F8043040BFBFF34F8FBFF36F8F49E035
:101F500001F06AFB94F845506DB2002D05DC12E0EB
:101F60006B1E13F0FF0F5DB20DD0636A304653B1A4
:101F700000F04EFF0028F3D000F0DCFF6B1E13F0E2
:101F8000FF0F5DB2F1D1FF2384F8453001F056FB1D
:101F900001F04AFB94F844506DB2002D15DD04F1B8
:101FA000100904E06B1E13F0FF0F5DB20DD0236922
:101FB000484653B100F02CFF0028F3D000F0BAFFE0
:101FC0006B1E13F0FF0F5DB2F1D1FF2384F8443094
:101FD00001F034FB00F0E4FC01F026FBA36BEBB155
:101FE00001F02CFB01F020FBA36B4FF00109002B4B
:101FF0003FF429AF2268013BA363002A00F08880E8
:102000002369002B74D101F019FB0127384605B074
:10201000BDE8F083284600F04DFF1DE701F00EFB00
:10202000002F4AD1384605B0BDE8F08301F006FB29
:1020300001F0FAFA94F845506DB2002D05DC12E07B
:102040006B1E13F0FF0F5DB20DD0636A304653B1C3
:1020500000F0DEFE0028F3D000F06CFF6B1E13F0E2
:10206000FF0F5DB2F1D1FF2384F8453001F0E6FAAD
:1020700001F0DAFA94F844506DB2002D15DD04F148
:10208000100904E06B1E13F0FF0F5DB20DD0236941
:10209000484653B100F0BCFE0028F3D000F04AFFE0
:1020A0006B1E13F0FF0F5DB2F1D1FF2384F84430B3
:1020B00001F0C4FA00F074FC94E701F0B5FA616A2B
:1020C00019B1236B1968C1F10501606800F0DAFFEE
:1020D00001F0B4FA0027384605B0BDE8F08301F0FE
:1020E000A3FA606800F058FF074601F0A7FADBE6A4
:1020F00004F1100000F08CFE002884D0064B4FF055
:1021000080525A6040BFBFF34F8FBFF36F8F7AE7A3
:1021100000F0F2FF606073E700ED00E010B50446E8
:1021200082B001F081FAA06B019001F087FA01986A
:1021300002B010BD104B5A68904208D0DA68904245
:1021400008BF012204D090F8463093B170470022B6
:10215000002110B403EBC20443F8321090F846306B
:10216000616013B15DF8044B70475DF8044BFFF7F5
:102170007FB9FFF77DB900BF245B0020074B1A68C9
:102180001AB19A6802B17047012210B403EBC2047D
:1021900043F8321060605DF8044B7047245B002008
:1021A00070B504460E46154601F03EFA94F84430E8
:1021B000FF2B04BF002384F8443094F84530FF2BF4
:1021C00004BF002384F8453001F038FAA36B002BDC
:1021D00045D001F029FA94F845506DB2002D15DD77
:1021E00004F1240604E06B1E13F0FF0F5DB20DD066
:1021F000636A304653B100F00BFE0028F3D000F0C4
:1022000099FE6B1E13F0FF0F5DB2F1D1FF2384F82E
:10221000453001F013FA01F007FA94F844506DB21A
:10222000002D15DD04F1100604E06B1E13F0FF0F06
:102230005DB20DD02369304653B100F0E9FD0028AE
:10224000F3D000F077FE6B1E13F0FF0F5DB2F1D1FB
:10225000FF2384F84430BDE8704001F0EFB92A460E
:10226000314604F1240000F093FDB2E72DE9F0417E
:10227000044601F0D9F9344A344D13680133136030
:102280002B68002B30D0324E336833B3E36A3148C9
:10229000314907680A689F4238BF03602F480132FE
:1022A00003EB83030A6000EB8300E263211D02F06D
:1022B0004FFB01F0C3F933686BB12A68E36AD26A55
:1022C0009A4208D2264B4FF080525A6040BFBFF36B
:1022D0004F8FBFF36F8FBDE8F0812A68E36AD26A3F
:1022E0009A4298BF2C60D2E72C601368012B02D071
:1022F000E36A174ECBE71948DFF89080194F144E68
:1023000002F016FB184802F013FB184802F010FB0D
:10231000174802F00DFB174802F00AFB404602F096
:1023200007FB384602F004FB134802F001FB134898
:1023300002F0FEFA124802F0FBFA124B124AC2F8FF
:1023400000801F60E36AA2E764510020F45000207F
:10235000C451002078510020745100200051002009
:1023600000ED00E090510020145100202851002081
:102370003C51002050510020B0510020DC51002081
:10238000C8510020FC500020F85000207C51002053
:102390002DE9F843DDE909C4002C66D0BCF1000F3B
:1023A00060D00D46960098460223324684F851309C
:1023B000A5210746C4F830C0604602F069FF2A78BC
:1023C00084F83420236B2978321F1A4422F0070640
:1023D00001B36B7884F835306B78DBB1AB7884F877
:1023E0003630AB78B3B1EB7884F83730EB788BB11B
:1023F0002B7984F838302B7963B16B7984F83930D4
:102400006B793BB1AB7984F83A30AB7913B1EB79A6
:1024100084F83B30089D042D28BF04254FF00009A7
:10242000E5626564201D84F83B90C4F8489002F092
:102430008BFAC5F1050504F1180002F085FAC4F81D
:102440004C9042463946A561246184F850906462FC
:10245000304601F0ADF820602046FFF707FF204628
:10246000BDE8F8836046BDE8F8832046BDE8F88300
:102470002DE9F0479600804630460D469946FEF716
:10248000E3FF002862D007465420FEF7DDFF044634
:1024900000285FD000230763324684F85130384665
:1024A000A52102F0F5FE2B7884F834302B78D4F88F
:1024B00030A003B36B7884F835306B78DBB1AB7840
:1024C00084F83630AB78B3B1EB7884F83730EB78FA
:1024D0008BB12B7984F838302B7963B16B7984F820
:1024E00039306B793BB1AB7984F83A30AB7913B1C1
:1024F000EB7984F83B30089D042D28BF0425002784
:10250000E5626564201D84F83B70A764043E02F018
:102510001BFAC5F1050504F11800564402F014FA3F
:10252000E764A56126F0070084F8507024616462B6
:102530004A46414601F03CF8099B206003B11C600B
:102540002046FFF793FE0120BDE8F0874FF0FF30F3
:10255000BDE8F0873846FEF78BFF4FF0FF30F3E71A
:1025600070B50446534E01F05FF8002C00F08280F5
:10257000251D284602F014FAA36A1BB104F11800C5
:1025800002F00EFA29464C484C4D02F0E1F994F85D
:102590005030012B04BF002384F8503001F04EF876
:1025A0002B68002B57D13368A34200D070BD2B6835
:1025B000002B66D14049424A0968126891426AD0AC
:1025C000404B1B68002B68D13F4A13603268336868
:1025D00012681B6B9A4266D93C4C3D4B226802EB59
:1025E000820080009100185828BB501E00EB800527
:1025F000AD0081005D59002D53D1901E00EB800588
:10260000AD0081005D59002D4BD1D01E00EB80053F
:10261000AD0081005D59002D43D1101F00EB8005F6
:10262000AD0081005D59002D3BD1053A02EB8200DF
:10263000800091001858114403EB81000346416863
:10264000496841600833994204BF49684160CB68DA
:102650003360226070BD00F0E7FF1E4B1A681268FD
:1026600052B11A681C4BD268D26852681A6000F0E6
:10267000E5FF98E734687BE7174B4FF0FF321A60AD
:10268000F5E7164B4FF080525A6040BFBFF34F8FB3
:10269000BFF36F8F70BD336070BD0B4B01221A60AA
:1026A00070BD0246C7E730683168343101F058FC2C
:1026B00092E700BFF4500020C8510020C451002010
:1026C0006451002070510020F45100207851002006
:1026D00000510020F8500020A851002000ED00E03B
:1026E00098B130B51D4D2B68834283B004460AD0A3
:1026F00000F09AFF1A4B62699A4207D003B0BDE816
:10270000304000F09BBF03B030BD7047A36A154A4C
:102710009342F3D0002BF1D1211D0846019102F024
:102720003FF9114AE36A1068019983420F4888BF54
:10273000136003EB830300EB830002F009F92B68BD
:10274000E26ADB6A9A42D9D3094B4FF080525A6051
:1027500040BFBFF34F8FBFF36F8FCFE7F450002020
:10276000C8510020B05100207851002000510020B5
:1027700000ED00E070B584B0002503AA02A901A80D
:10278000CDE9015501F0F0FB019C002C46D00298E8
:10279000002843D0039E20630223B6003246A521C1
:1027A00084F8513002F074FD206B1F4B6363043ECC
:1027B0000644C4E91155201D84F8385084F83B5074
:1027C000E56202F0C1F804F1180002F0BDF826F04D
:1027D000070605231549A3612A46E56430462461AE
:1027E000646284F8505000F0E3FE20602046FFF75A
:1027F0003DFD0F4B1C6000F0EFFD012811D140237F
:1028000083F311880B490C4A0C4B4FF0FF340C60DA
:1028100010601D6000F0E2FE04B070BD044B0022A9
:102820001A6004B070BD00BF49444C45452B0300FD
:10283000A4510020A8510020C4510020F0510020D4
:10284000024A136801331360704700BF70510020C3
:10285000014B1868704700BFF0510020024A13680E
:1028600018441060704700BFF05100202DE9F04F70
:10287000404B1B6883B0002B46D13F4B1E6801368E
:102880001E60002E4ED0DFF808B1DBF80030B342F6
:102890005FD83A4F3B681D68002D65D0DFF8F480A3
:1028A000DFF8F4A0DFF8F490002522E0019102F0B7
:1028B00077F8A36A019904F1180013B102F070F8D7
:1028C0000199E36AD8F8002003EB830093420AEBF6
:1028D000800088BFC8F8003002F03AF8D9F800202C
:1028E0003B68E16AD26A1B68914228BF0125002B30
:1028F0003AD03B68DB68DC686368211D9E4208466D
:10290000D4D2CBF8003004E01D4A136801331360C1
:1029100000251C4B1B68002B0CBF2846012003B070
:10292000BDE8F08F154B184A1868184914681C60E8
:1029300010600A6801320A601A6812685AB9DFF832
:1029400050B04FF0FF33CBF80030DBF80030B3422B
:102950009FD90025DDE71B68DFF834B0DB68DB6852
:102960005B68CBF8003090E74FF0FF33CBF80030D6
:10297000CFE700BF70510020F0510020F850002038
:102980006C510020F4510020FC500020AC5100207C
:10299000A85100207851002000510020F450002060
:1029A0002DE9F04F83B000F03FFE3A4B1A68013A30
:1029B0001A601B68002B55D1374B1B68002B51D078
:1029C000364D2B68002B62D0354EDFF8EC80354F4A
:1029D000DFF8E8904FF0010AEB68DC6804F1040BC3
:1029E00004F1180001F0DCFF584601F0D9FFE36A5A
:1029F000326803EB83009342594608EB800088BF9E
:102A0000336001F0A5FF3B68E26ADB6A9A4231D38A
:102A1000C9F800A02B68002BDED1234B1A6812687E
:102A2000002A2FD01A68214BD268D26852681A60E7
:102A30001F4E346844B10125FFF718FF08B1C9F8EB
:102A40000050013CF8D13460D9F8003053B1194B33
:102A50004FF080525A6040BFBFF34F8FBFF36F8F6C
:102A6000012000E00020019000F0E8FD019803B093
:102A7000BDE8F08F2B68002BAED10B4B1A681268A3
:102A8000002ACFD1094B4FF0FF321A60D0E7DFF8B0
:102A90002C90CDE77051002064510020B0510020EF
:102AA00078510020F4500020F8500020A851002058
:102AB0006C51002000ED00E000510020F451002096
:102AC00070B548B9184B4FF080525A6040BFBFF301
:102AD0004F8FBFF36F8F70BD144A15491368154DA2
:102AE000013313600E6804462868043001F058FF73
:102AF0002B68A4195C600FD20F4B18682968043149
:102B000001F036FF0D4B1A68944238BF1C60FFF786
:102B100047FF0028D6D070BD094B186829680431DA
:102B200001F026FFF3E700BF00ED00E07051002048
:102B3000F0510020F4500020F8500020A85100204F
:102B4000FC5000202DE9F84F3A4CDFF804913A4D43
:102B50003A4EDFF800813A4FDFF8FCB02368EBB162
:102B600000F062FDD9F80C30D3F80CA00AF1040093
:102B700001F016FF2B68013B2B602368013B2360AB
:102B800000F05CFD9AF85130002B34D0012BE5D1D8
:102B90005046FEF76DFC2368002BE1D13368012B12
:102BA00008D94FF08053CBF8043040BFBFF34F8FAC
:102BB000BFF36F8F00F0E4FED8F800301BBB3B681A
:102BC000DB6A002BCAD13368012BC7D81D4B1E4AC4
:102BD0001B6812689B1A012BC0D91C4A1368013369
:102BE0001360D8F80030A3B13B68DB6A03B93368DF
:102BF000FFF7D6FEB2E7DAF83000FEF739FC5046B0
:102C0000FEF736FCAAE73B68DB6A002BA6D13368E7
:102C1000A4E73B68DB6A002BEAD13368012BE7D8D5
:102C2000084B1868084B1B68C01A0128E0D900F04F
:102C300075FDDDE76851002064510020005100203F
:102C4000F4500020A8510020F051002070510020C5
:102C5000DC5100207851002000ED00E0294B1B687A
:102C60001BB1294B01221A607047274A70B5274CC7
:102C700013602268236812681B6B9A423CD9244D6A
:102C8000244B2A6802EB820080009100185808BB90
:102C9000501E00EB8006B60081009E5956BB901E68
:102CA00000EB8006B60081009E591EBBD01E00EBD3
:102CB0008006B60081009E59E6B9101F00EB800621
:102CC000B60081009E59AEB9053A02EB8200800041
:102CD00091001858114403EB81000346416849688C
:102CE00041600833994204BF49684160CB68236062
:102CF0002A6070BD0246EDE720682168343101F09A
:102D00002FF9BCE770510020F4510020F45000204E
:102D1000785100200051002070B5174D2B680C46EB
:102D200003F1180101F024FE144B1E6828680430DA
:102D300001F036FE631C17D02B68A4195C6007D322
:102D40000F4B18682968BDE87040043101F010BECF
:102D50000C4B18682968043101F00AFE0A4B1A6806
:102D6000944238BF1C6070BD29680848BDE87040B7
:102D7000043101F0EDBD00BFF4500020F0510020FF
:102D8000FC500020F8500020A8510020C85100201D
:102D900070B5194D2B6816460C4603F1180101F069
:102DA000D7FD164B5EB11B682868043001F0F8FDB2
:102DB00029681348BDE87040043101F0C9BD1E68A0
:102DC0002868043001F0ECFD2B68A4195C6007D37F
:102DD0000C4B18682968BDE87040043101F0C8BD8B
:102DE000094B18682968043101F0C2FD074B1A68C5
:102DF000944238BF1C6070BDF4500020F051002098
:102E0000C8510020FC500020F8500020A85100209C
:102E100030B5C368DC6804F1180583B0284601F0BA
:102E2000BFFD1C4B1B683BBB211D0846019101F0F7
:102E3000B7FD194AE36A106801998342174888BFB1
:102E4000136003EB830300EB830001F081FD144B5F
:102E5000E26A1B68DB6A9A4282BF124B012018604B
:102E6000114B1A68126898BF002052B90F4B4FF0EF
:102E7000FF321A6003B030BD0D48294601F068FDED
:102E8000E5E71A68094BD268D26852681A6003B045
:102E900030BD00BF7051002078510020005100204B
:102EA000F4500020F4510020F8500020A8510020D8
:102EB000B0510020034A044B12681B68C0E900238C
:102EC000704700BFAC510020F0510020F0B50D4616
:102ED00083B0044600F0A8FB2B68144A591C106804
:102EE0001DD0DFF84CC0D4E90061DCF80070BE42B0
:102EF00008D0814206D80120019000F09FFB019884
:102F000003B0F0BD471ABB420BD91B1A0B44DCF8C7
:102F1000001012682B600020C4E90012ECE70020CA
:102F2000EAE700232B600120E6E700BFF051002014
:102F3000AC510020014B01221A607047F45100206F
:102F4000094B186818B9094B1B6813B1704700206A
:102F50007047074A074B10681B68013B984214BF33
:102F600001200220704700BFB0510020F451002022
:102F7000C851002064510020054B1B6833B1054B3C
:102F80001B68002B0CBF02200020704701207047F7
:102F9000C45100207051002070B5044682B0C8B101
:102FA0001D4DC36A2A68D26A934215D28269002AEB
:102FB00004DB2A68D26AC2F105028261174E626997
:102FC00003EB830306EB83039A420ED02B68DB6A84
:102FD000E362012002B070BD2B68406CDC6AA04245
:102FE0002CBF0020012002B070BD211D08460191B8
:102FF00001F0D6FC2A680A4BD06A1A680199E0628F
:10300000904200D9186000EB800006EB800001F0D0
:103010009FFC0120DEE700BFF4500020005100209B
:103020007851002068B130B5836CC16A426C013BB5
:10303000914283B00446836400D023B1002003B0E2
:1030400030BD00207047011D0846019101F0A8FC29
:103050000A4A636C1068E3628342094888BF1360C0
:10306000C3F1050503EB830300EB83000199A56120
:1030700001F06EFC012003B030BD00BF785100208C
:103080000051002070B130B5426CC36A914238BF24
:1030900011468B4283B0044602D0826C012A02D0D2
:1030A00003B030BD70478269114DC162002A03EB45
:1030B00083034269A8BFC1F1050105EB8303A8BFE3
:1030C00081619A42ECD1011D0846019101F068FC32
:1030D000084BE06A1A680199904288BF186000EBBB
:1030E000800005EB800003B0BDE8304001F030BC4B
:1030F0000051002078510020044B1A681AB1196859
:103100008A6C01328A641868704700BFF45000204E
:103110002DE9F0431D4EDFF87C9085B04FF000089C
:103120000CE0DB68DC681F68251D284601F038FCD0
:10313000636A20469847E369012B0AD033681A680E
:10314000002AEED1124A11683160136005B0BDE863
:10315000F083A3693B449F42294610D3D9F800303D
:10316000002BEBD0CDE900870294FFF705FF002389
:10317000D9F800001A466946FEF72CFADEE73068F7
:103180006360246101F0F4FBD8E700BFF851002030
:10319000FC5100207C5400202DE9F04F894E8A4CD0
:1031A000DFF82C82894DDFF82CA28BB03368D3F87E
:1031B00000B0BBF1000F00F0A980DB68D3F800B0CD
:1031C000FFF73EFBFFF744FB22688242814600F294
:1031D000AE808345206040F2BF8000222868ABEBC0
:1031E0000901FEF7DDFFFFF7DBFB40B94FF080532D
:1031F000CAF8043040BFBFF34F8FBFF36F8F28680A
:10320000002202A9FEF7B2FC0028CFD0029B002BBF
:1032100073DBDDF81090D9F814301BB109F104000C
:1032200001F0BEFBFFF714FB236898420746C0F08D
:103230008580029B2760092BE1D801A252F823F078
:10324000693203006932030069320300FF31030071
:10325000C3320300EB32030069320300693203001A
:10326000FF310300C33203000398D9F81830C9F8BE
:103270001090C2182CBF01210021BA42C9F80420C5
:103280005FD8381A834228D8D9F82430484698475E
:10329000D9F81C302868012BB2D10028B0D0D9F859
:1032A0001820039B00211344CDE907390691FFF74D
:1032B00063FE002328681A4606A9FEF78BF92868E2
:1032C0009EE7039BC9F81090DA19BA42C9F8183082
:1032D000C9F8042039D8002B91D0D8F8000009F1A2
:1032E000040101F045FB28688AE799F82C30002B8F
:1032F00085D14846FEF7BCF881E7039BDDE9040170
:103300009847029B002BFFF67AAF82E7FFF798FA07
:10331000FFF79EFA22689042814608D3D8F8002031
:10332000C4F800901268B2FA82F2520956E7FFF729
:10333000EFFEC4F80090FFF733FB60E7FFF7E8FE0D
:1033400077E7B84201D900299ED0306809F104011D
:1033500001F00EFB286853E7FFF722FB3268D268C2
:10336000D768391D0846019101F01AFBF8690199E7
:10337000012803D07B6A3846984740E7BA693F6125
:103380000BEB02004845786003D9306801F0F0FA91
:10339000F0E7A9EB0B039A420FD82B68002BE9D07A
:1033A0000023CDE9063B0897FFF7E6FD00232868D8
:1033B0001A4606A9FEF70EF9DCE7D8F8000001F07E
:1033C000D7FAD7E7F8510020285400207C54002079
:1033D000FC51002000ED00E0F0B51F4C89B000F07A
:1033E00023F92568F5B100F029F92068C0B100245F
:1033F00007AA06A905A8CDE9054400F0C3FDDDE94B
:1034000005310222CDE900210293079A134914489D
:103410002346FEF7BDFF134B1860001B18BF0120A9
:1034200009B0F0BD104F114E384601F081FA304618
:1034300001F07EFA0E4A0F4900950F4B17600E609F
:103440000E4A10212020FEF721F820600028CAD063
:103450000B49FEF793FEC6E77C540020008E030064
:10346000993103008054002000540020145400209F
:10347000F8510020FC5100202C5400200052002064
:10348000F88D03002DE9F04F074685B030208846BF
:1034900016461D46FDF7D8FF0446A0B1DFF884901C
:1034A00000F0C2F8D9F800308BB100F0C7F80E9BDD
:1034B0006362C4E9068627602562201D01F044FA94
:1034C000002384F82C30204605B0BDE8F08FDFF8EB
:1034D00058B0DFF858A00393584601F029FA504637
:1034E00001F026FA0A4A0B49039B00932020C2F8F8
:1034F00000B0C1F800A0084B084A1021FDF7C6FF34
:10350000C9F800000028D0D00549FEF737FECCE707
:10351000F8510020FC5100202C54002000520020C3
:10352000F88D03007C540020005400201454002027
:1035300050B5144E346885B0C4B10529CDE90012E8
:1035400002900BDCFFF718FD022812D00023306830
:103550001A466946FEF73EF805B050BD1A462046A9
:1035600000236946FEF754FA05B050BD204605B069
:1035700050BD3068089A00236946FEF72BF805B065
:1035800050BD00BF7C54002010B5044682B000F04E
:103590004BF86069003818BF0120019000F04EF828
:1035A000019802B010BD00BF402383F31188FEE7ED
:1035B00030B46FF00203084C40F80C4C4FF08075AB
:1035C00040F8045C40F8081C40F8202C40F8243CEB
:1035D00030BC4438704700BFA93503000F4C08B514
:1035E000E02384F8223000F07BF80D4B0D4A0021D7
:1035F0001960D4F8883043F47003C4F888305368F5
:1036000043F040435360236943F01003236100F00B
:1036100065F9402383F31188FEE700BF00ED00E069
:103620008454002030EF00E0402383F31188024AE5
:10363000136801331360704784540020034A1368F1
:10364000013B13600BB983F3118870478454002049
:1036500041DF704712DF704770B51D4B00221A60C2
:1036600082B01B680193019BEFF31186402383F323
:1036700011881849184BD1F804451A601B6800934B
:10368000009BFFF7E5F8201A20F07F4323F00103A9
:1036900020F07F459BB96C1E6DB10025FFF7E6F861
:1036A000013C631C45EA0005F8D125B10B4B4FF0F6
:1036B00080525A6040BF86F3118802B070BDFFF798
:1036C0005BFC0228E7D0FFF7D1F80546EDE700BF25
:1036D00040110140001001400011014000ED00E0E8
:1036E0000B4B0C4930B41F200B4DC3F808050122C9
:1036F0000224E020C3F804232A601A60C3F844437C
:1037000081F811034FF400330B6030BC704700BFE9
:103710000010014000E100E0081001402DE9F041F7
:10372000054684B0EFF3108272B6614CA36883B98A
:10373000604B61480121A160D3F8801001402160F5
:10374000C3F88000D3F8841061604FF0FF31C3F8F4
:10375000841002B962B6594ED6F80485FFF7F0FB23
:1037600078B3574F574AAF4228BF2F4607EB08039D
:1037700023F07F4301214FF0000CC6F80813C6F870
:103780004035C2F800C0136801934FF480330198AC
:10379000C6F80433BFF34F8F25BBC6F80833156056
:1037A0001268494B0392039A1D601B680293414BB8
:1037B000029AC6F804134FF40032D6F80415C3F881
:1037C0008021A3685BB1EFF3108272B6394B216898
:1037D0001960616859600023A36002B962B604B041
:1037E000BDE8F081F1EE103A23F09F03E1EE103ACC
:1037F000F1EE103A2F4D4023C5F8843103A88DF81F
:103800000CC0FFF727FF9DF80C30002B4DD12B4645
:1038100020BFD3F80011D3F804210A43F8D0274B76
:103820002848294A4FF48031C3F808130021016069
:1038300000680390039811601268029201220299B5
:10384000C3F80423D3F804351A4AA3EB080828F078
:103850007F48474528BF47464FF40033012FC2F841
:10386000803120D9781EFEF7F9FF184BDB68DA01AA
:103870000FD5174A1368DB070BD5164B516803FBAE
:1038800007F7A7F57427A7F51077BF0A01EB87178D
:103890005760FEF7EBFF002893D00F4B4FF080529C
:1038A0005A6040BF8DE7F4D08BE7FFF7D1FEB6E753
:1038B000345B002000E100E0FC06FFBD0010014089
:1038C000FDFFFF004011014000110140F0ED00E05C
:1038D000001000E040420F0000ED00E007480068E3
:1038E00080F3088862B661B6BFF34F8FBFF36F8F66
:1038F0004FF0E00080F3118800DF00BF006002009D
:10390000064B19680868B0E8F04F80F30988BFF3E8
:103910006F8F4FF0000080F311887047F450002043
:10392000EFF30980BFF36F8F144B1A681EF0100F6E
:1039300008BF20ED108A20E9F04F10604DF8043DDB
:103940004FF0400080F31188BFF34F8FBFF36F8FAC
:10395000FFF784F94FF0000080F3118808BC196864
:103960000868B0E8F04F1EF0100F08BFB0EC108AE6
:1039700080F30988BFF36F8F704700BFF4500020B9
:10398000704700BF00293ED0931E222B3BD8F0B4D5
:103990000A2A8AB0044631D0002001AF3B467CB1F0
:1039A000B4FBF2F502FB1546092E2C4606F157052D
:1039B00098BF06F13005EDB203F8015B002CEFD1A2
:1039C000302201E003F8012BBB42FBD00D4688B941
:1039D000BB4209D96C1E1A4612F8010D04F8010FFA
:1039E000BA42F9D19B1A1D44002308462B700AB035
:1039F000F0BC70472D2205F8012BE9E70028CBDA4F
:103A000044420120C9E70020704700BFFFF7BABF5A
:103A100061B3931E222B29D870B48BB001AE34460B
:103A200068B1B0FBF2F502FB1503092B94BF3033EC
:103A30005733DBB2284604F8013B0028F1D130238C
:103A400001E004F8013BB442FBD011D94A1E2346E1
:103A500013F8010D02F8010FB342F9D1E41A0C4436
:103A60000023084623700BB070BC704700207047DD
:103A70000C46F5E70A490B4A0B4B9B1A03DD043B46
:103A8000C858D050FBDC094809494FF0AD320260FC
:103A900004300439FBD100F093F8F2F7D9FB0000B1
:103AA000E0910300003600205438002000F8002088
:103AB00000080000FEE7FEE7FEE7FEE7FEE7FEE7A0
:103AC000FEE7FEE7FEE7FEE708B5F2F74BFF114B16
:103AD000BBB1114B63B1F2F7C9FF00F035FAFDF746
:103AE000DDF9F2F7C3FF00F02FFAFDF7D7F9F2E79F
:103AF000F2F7BCFF00F028FAF2F7B8FF00F024FA62
:103B0000F6E7F2F7B3FF00F01FFAF2F7AFFF00F0AD
:103B10001BFAF6E7000000009D0E030000B583B01D
:103B200000F0BAFC00F0A6FC0E4B019301230E49F5
:103B300000934FF4806200230C48FEF799FC4FF489
:103B4000407000F023FBFEF715FEBFF34F8F0849CE
:103B5000084BCA6802F4E0621343CB60BFF34F8F97
:103B600000BFFDE788540020088E0300C93A030017
:103B700000ED00E00400FA05034B93F8A30000B940
:103B800070471846FCF76ABF4C500020FDF70CBC8C
:103B9000FDF724BC084A094908B51368184488424F
:103BA00002D81060184608BD01F0DCFA0C2303604F
:103BB0004FF0FF33184608BD5836002000F80020AB
:103BC000914B1B6830B45D1C00F0F5808F4A126881
:103BD000062B00F0E5808E4B1B78062B00F0CF8083
:103BE000894B1B685C1C00F0C380884A1268062B56
:103BF00000F0B380864B1B78062B00F09B80824B35
:103C00001B68581C00F08F80804A1268062B7CD0FD
:103C10007F4B1B78062B5AD07B4B1B68591C1ED040
:103C20007A4A062B11680FD07A4AD2F8883043F4CA
:103C30007003C2F88830BFF34F8FBFF36F8F764B9E
:103C4000764A1A6030BC7047CA1E032A40F21281BD
:103C50000339032940F2B6806C4B1B68C2E06C4903
:103C60006F4A097812680629C2F30312DCD1033ABD
:103C7000032A40F2FF80664A694B12781B68062AC5
:103C8000C3F30313D0D1033B032B40F29B80604A64
:103C9000634B12781B68062AC3F3031308BF4FF067
:103CA000FF32C1D1033B032B40F2A280574B1B686C
:103CB000062AB9D1033B032BB6D85A4AD35C002B52
:103CC000B2D0594A136843F480631360ACE7544B95
:103CD0001B68C3F30313033B032B9DD8534AD25CE9
:103CE00012B1534A03211160524AD35C002B93D086
:103CF000514A524C5249534B052010600125002077
:103D00003F22256008601A6086E7033A032A3FF6DF
:103D10007FAF4FF080430022C3F80C21C3F810217D
:103D2000C3F8382574E73E4A394B12681B78C2F352
:103D300003126BE73A4B1B68C3F30313033B032BDC
:103D40003FF65DAF404AD35C002B3FF458AF3F4A8B
:103D5000D36823F08073D36051E7033A032A3FF618
:103D600049AF3B4B3B4A1B68C3F34233136041E707
:103D70002B4A274B12681B78C2F3031237E7284BF4
:103D80001B68C3F30313033B032B3FF629AF324AEF
:103D9000D35C002B3FF424AF304B314A1A601FE74D
:103DA000033A032A3FF617AF2E4B2F4A1B68C3F383
:103DB000042313600FE71A4A154B12681B78C2F3ED
:103DC000031205E7294B104A1B681268284903F0C3
:103DD0004F030B60531C3FF45AAF0C4B062A1B6871
:103DE0007FF422AF033B032B4FF006023FF65EAF9A
:103DF0004FF08041D1F8003413F0010F034B40F035
:103E000093801B6854E700BF30010010340100109C
:103E1000E00F00F000ED00E05C3600200090D003E1
:103E2000E80F00F0148E03003C170040188E0300CA
:103E3000A0050040188E0300105600408856004030
:103E40001856004014560040188E0300F0ED00E0B4
:103E5000440200103C050040188E030074C0074067
:103E60000DF0ADBA24030010403501405802001097
:103E7000E40E004030498A5C002A48D04FF080535D
:103E80002E4AD3F80414C2F82015D3F80814C2F847
:103E90002415D3F80C14C2F82815D3F81014C2F85E
:103EA0002C15D3F81414C2F83015D3F81814C2F82E
:103EB0003415D3F81C14C2F84015D3F82014C2F8F6
:103EC0004415D3F82414C2F84815D3F82814C2F8BE
:103ED0004C15D3F82C14C2F85015D3F83014C2F88E
:103EE0005415D3F83414C2F86015D3F83814C2F856
:103EF0006415D3F83C14C2F86815D3F84014104880
:103F0000C2F86C15D3F844140368C2F870155A1C33
:103F10003FF4B1AE0B4A062B11687FF485AE03392E
:103F200003293FF699AE4DE7054A1B6812686FF00A
:103F30000100C1F80004BBE6108E030000C0004081
:103F40003001001034010010044B4FF080525A60D1
:103F500040BFBFF34F8FBFF36F8F704700ED00E09E
:103F6000704700BF704700BF044B036010B4642368
:103F7000034C0C605DF8044B136070478C540020B8
:103F8000E0540020054B036010B44FF48073044CE0
:103F90000C605DF8044B1360704700BF7056002042
:103FA000C456002070B51F4D84B028684FF0FF3212
:103FB00003A9FDF7DBFD0028F7D0039C237A666890
:103FC000052B0CD8DFE803F02629211B1403D4E9C4
:103FD0000523D4E90301E4690094B047039C2068F9
:103FE00010B1FDF7FBF9039C2046FDF7F7F9DCE77C
:103FF000D4E90523D4E90301B047039CEFE7D4E9F2
:104000000412E068B047039CE9E7D4E90301B04734
:10401000039CE4E7B047039CE1E7E068B047039CFA
:10402000DDE700BFC85A00202DE9F043304B314D89
:104030005B6885B0C3F30803019001AF53B100235F
:10404000286839461A46FDF7E3FC012809D105B076
:10405000BDE8F083286839466422FDF7BBFA0128E1
:10406000F5D0DFF89480D8F8000000224000042149
:10407000FDF73CFA06460028E9D0DFF88090D9F831
:104080000000FEF76DFAFFF7CFFA01E0FDF7A2FAA4
:10409000002203A92868FDF769FD04460023642275
:1040A00003A93046002CF1D12868FEF743F82E60B2
:1040B000FFF7C4FAD9F80000FEF712FBD8F8003079
:1040C0000B4A28685B00C8F800305368C3F3080344
:1040D000394633B123462246FDF79AFC05B0BDE8C8
:1040E000F0836422FDF776FA05B0BDE8F08300BFE7
:1040F00000ED00E0C85A0020C45A0020CC5A00202D
:104100002DE9F8439DF8206005460F4690469946F4
:104110009EB1B0000C30FDF747F9044658B10023BA
:10412000C0F804800672036005B147B90EBB204693
:10413000FFF77AFF0120BDE8F8831020EBE738464F
:10414000FDF732F980462060D0B13A46294601F0A9
:1041500077F8002EEBD0711EC9B209EB8101A9F1ED
:10416000040252F8043FAB4208BFC2F800809142FB
:10417000F7D1B200494604F10C0001F061F8D6E72E
:104180002046FDF72BF94046D5E700BF70B5402328
:104190000B4D82B004460022184604212B60FDF727
:1041A000A5F9084D084B01930646022300930749E1
:1041B0002E60A2B200230648FEF75AF902B070BD85
:1041C000C45A0020C85A0020CC5A00201C8E03007C
:1041D000A53F030010B504464069054B236008B1B4
:1041E000FDF7A8FF606808B1FDF7F8F8204610BD9C
:1041F000308E030010B504464069074B236008B1B8
:10420000FDF798FF606808B1FDF7E8F82046FFF772
:10421000BFFC204610BD00BF308E030010B4074C19
:104220008172002101820460C1815DF8044B02812A
:1042300041604161C1728181704700BF308E0300CF
:1042400010B50446807A218101FB00F0FDF7ACF83F
:1042500060600120FDF7A4FB606110BD10B54FF058
:10426000FF3104464069FDF7DDFD0023A38160694D
:10427000E3811A4623821946BDE81040FDF7AAB92A
:10428000F8B516460AB93046F8BD04460D464069F1
:104290004FF0FF31FDF7C6FDE37A3BB9A2892389D0
:1042A0009B1A9BB29E4228BF1E4626B3A27A0027C5
:1042B000E38960689BB202FB0300294600F0C0FF5F
:1042C000E38921899BB20133B3FBF1F201FB123385
:1042D0009BB2E381A3899BB2994214D0A389A27AAD
:1042E00001370133B9B29BB2B142A3811544DFD388
:1042F000002E08BF0126002360691A461946FDF703
:1043000069F93046F8BDE389A27A0137B9B29BB2A8
:104310008E4223821544CBD8EAE700BFF8B5164693
:104320000AB93046F8BD04460D4640694FF0FF31EA
:10433000FDF778FDA3899BB2B34202D2A689B6B23B
:1043400006B3A27A0027238A61689BB202FB03119D
:10435000284600F075FF238A2089A27A9BB2013398
:10436000B3FBF0F100FB11339BB22382A389013729
:10437000013BB9B29BB28E42A3811544E3D8002E13
:1043800008BF0126002360691A461946FDF722F985
:104390003046F8BD83899BB21BB183899BB28B42A7
:1043A00001D80020704770B5038A0589847A466871
:1043B00011FA83F1B1FBF5F305FB1311104604FB71
:1043C0000161224600F03CFF012070BD1A4B1978B4
:1043D00009BB70B54FF4405382B01B78102B1CD929
:1043E00043F21002142B126823D943F21401134B29
:1043F0000C68134D1348A3FB04139B0CA5FB04612D
:1044000000FB134089094FF47A76A5FB005006FBA8
:104410001141800904E00848704708460B460A46E7
:10442000CDE900010849044801F004FE024802B049
:1044300070BD08460B46F3E7D05A002083DE1B43CD
:10444000D34D621040420F00388E030008B5074874
:1044500003780BB1054808BD4FF0805304495A6EEC
:104460001B6E01F0E7FD014808BD00BFF05A0020B7
:104470004C8E030008B501210A2000F01BF90A2028
:1044800000F00EFA0B20012100F014F9BDE80840FD
:104490000B2000F005BA00BF4FF08043174AD3F855
:1044A0000014174830B41160D3F80054D3F8002436
:1044B000144C15492A43C3F80024D4F8402502605F
:1044C00001224FF40030C3F818259A60C1F880002B
:1044D000BFF34F8FBFF36F8F4FF0A04003F58833CA
:1044E0004FF480314FF0FF34C3F84813C3F808137A
:1044F0005A609A60C0F8084530BC7047045B0020E1
:10450000085B002000A0004000E100E0F0B44B4B4D
:104510001D6882B00023082DADF8063005DD0A2D98
:1045200000F385800A26012300E00826444C454A12
:10453000C4F8F03501270023DFF814C14249C4F85C
:104540000075C4F81435C4F81035C2F81435C2F833
:104550001035C2F82435C2F82035C2F83435C2F817
:104560003035C2F84435C2F84035C2F85435C2F887
:104570005035C2F86435C2F86035C2F87435C2F8F7
:104580007035324ADCF8003009681268DFF8C4C0C0
:104590001B02090301F4805103F4E06312040B438E
:1045A00002F4E0229CF80010134343EA01630DF18A
:1045B0000602C4F818352146C4F81405C4F81005DD
:1045C000C4F82C26C4F830762760D1F80031002BCF
:1045D000FBD0002001231A4AC1F800014B60D2F839
:1045E0000431002BFBD0002001231549C2F804013F
:1045F0009360D1F81431002BFBD00023C1F81431A3
:10460000BDF80620120448BFADF806300C4B00225E
:10461000C3F80025BDF80600B54200B204D035BF8E
:10462000751BAD1BE840A84002B0F0BC70470D2DD3
:10463000B5BF0C260E260223032377E76036002041
:104640000070004010700040145B0020185B0020D8
:10465000105B00200C5B00201F2816D8144B53F869
:104660002030023B1D2B10D8DFE803F01E2014166B
:104670000F0F0F0F0F0F0F0F0F0F0F0F0F0F0F0F4A
:104680000F0F0F0F0F0F181A1C1100207047082072
:10469000FFF73CBF0320FBE70420F9E70520F7E71D
:1046A0000620F5E70720F3E70120F1E70220EFE716
:1046B000588E03001F2816D8474B53F820300E2978
:1046C00011D8DFE801F081797169615950473E35B1
:1046D0002C231A11080003F5E0734FF0A04240F2BA
:1046E000037142F82310704703F5E0734FF0A042C6
:1046F00040F2036142F82310704703F5E0734FF076
:10470000A04240F2035142F82310704703F5E073D2
:104710004FF0A04240F2034142F82310704703F5E6
:10472000E0734FF0A04240F2033142F8231070478B
:1047300003F5E0734FF0A04240F2032142F823104A
:10474000704703F5E0734FF0A04240F2031142F8C6
:104750002310704703F5E0734FF0A0424FF440314F
:1047600042F82310704703F5E0734FF0A0424FF476
:10477000003142F82310704703F5E0734FF0A04278
:10478000164942F82310704703F5E0734FF0A0423A
:10479000134942F82310704703F5E0734FF0A0422D
:1047A000042142F82310704703F5E0734FF0A04254
:1047B0000C2142F82310704703F5E0734FF0A0423C
:1047C000032142F82310704703F5E0734FF0A04235
:1047D000002142F823107047588E030004000200A5
:1047E0000C0003001F2809D8084B53F82020012390
:1047F00029B14FF0A0419340C1F8083570474FF000
:10480000A0419340C1F80C35704700BF588E03009B
:104810001F2813D80A4B4FF0A04253F82000D2F8BB
:104820001415012383400B4214BFD2F80425D2F89B
:104830001025134214BF012000207047002070474C
:10484000588E03001F2815D80D4B4FF0A04253F887
:104850002000D2F81415012383400B4214BFD2F874
:104860000425D2F81025134205D04FF0A042C2F81B
:104870000C35704770474FF0A042C2F808357047BA
:10488000588E03001F2808D8044B53F820104FF00F
:10489000A04201238B40C2F808357047588E0300B0
:1048A0001F2808D8044B53F820104FF0A0420123D2
:1048B0008B40C2F80C357047588E030010B540226B
:1048C0000021044600F0E4FC0023C4E91033204634
:1048D00010BD00BF10B4D0E91024531C03F03F03F7
:1048E0009C4218BF81545DF8044B18BF03647047A5
:1048F0000023C0E910337047D0E91023934206D05B
:104900005A1CC35C02F03F024264184670474FF0E5
:10491000FF307047D0E91030181A48BF4030704758
:10492000D0E91023934214BFC05C4FF0FF307047B2
:1049300000F108034FF0FF310022C0E9033381602A
:1049400002604360704700BF00230361704700BFEF
:104950004368026810B49C688C609C684B600132AC
:10496000616099605DF8044B08610260704700BFA8
:1049700030B40D686B1C10D000F108031C465B6856
:104980001A68AA42FAD902684B60013299608C60B9
:104990006160086130BC0260704704696368F2E7D7
:1049A000036910B4D0E901125C688A6084425160E6
:1049B00008BF5A601A685DF8044B0021013A016192
:1049C0001A601868704700BF81F0004102E000BF24
:1049D00083F0004330B54FEA41044FEA430594EABF
:1049E000050F08BF90EA020F1FBF54EA000C55EAFA
:1049F000020C7FEA645C7FEA655C00F0E2804FEACB
:104A00005454D4EB5555B8BF6D420CDD2C4480EAAC
:104A1000020281EA030382EA000083EA010180EADC
:104A2000020281EA0303362D88BF30BD11F0004F2A
:104A30004FEA01314FF4801C4CEA113102D0404260
:104A400061EB410113F0004F4FEA03334CEA13339B
:104A500002D0524263EB430394EA050F00F0A780B3
:104A6000A4F10104D5F1200E0DDB02FA0EFC22FAAE
:104A700005F2801841F1000103FA0EF2801843FAA2
:104A800005F359410EE0A5F120050EF1200E012A93
:104A900003FA0EFC28BF4CF0020C43FA05F3C018D1
:104AA00051EBE37101F0004507D54FF0000EDCF14A
:104AB000000C7EEB00006EEB0101B1F5801F1BD3F3
:104AC000B1F5001F0CD349085FEA30004FEA3C0CF7
:104AD00004F101044FEA445212F5800F80F09A80ED
:104AE000BCF1004F08BF5FEA500C50F1000041EBF1
:104AF000045141EA050130BD5FEA4C0C404141EBF5
:104B00000101013C28BFB1F5801FE9D291F0000FEF
:104B100004BF01460020B1FA81F308BF2033A3F19E
:104B20000B03B3F120020CDA0C3208DD02F1140C95
:104B3000C2F10C0201FA0CF021FA02F10CE002F1D0
:104B40001402D8BFC2F1200C01FA02F120FA0CFCC9
:104B5000DCBF41EA0C019040E41AA2BF01EB045112
:104B6000294330BD6FEA04041F3C1CDA0C340EDC10
:104B700004F11404C4F1200220FA04F001FA02F353
:104B800040EA030021FA04F345EA030130BDC4F111
:104B90000C04C4F1200220FA02F001FA04F340EA06
:104BA0000300294630BD21FA04F0294630BD94F0B7
:104BB000000F83F4801306BF81F480110134013D9E
:104BC0004EE77FEA645C18BF7FEA655C29D094EA0F
:104BD000050F08BF90EA020F05D054EA000C04BF8D
:104BE0001946104630BD91EA030F1EBF0021002078
:104BF00030BD5FEA545C05D14000494128BF41F017
:104C0000004130BD14F580043CBF01F5801130BD7A
:104C100001F0004545F0FE4141F470014FF0000005
:104C200030BD7FEA645C1ABF194610467FEA655CB6
:104C30001CBF0B46024650EA013406BF52EA033558
:104C400091EA030F41F4002130BD00BF90F0000F46
:104C500004BF0021704730B54FF4806404F1320482
:104C60004FF000054FF0000150E700BF90F0000F3B
:104C700004BF0021704730B54FF4806404F1320462
:104C800010F0004548BF40424FF000013EE700BF32
:104C900042004FEAE2014FEA31014FEA02701FBFC2
:104CA00012F07F4393F07F4F81F06051704732F0F4
:104CB0007F4208BF704793F07F4F04BF41F400214B
:104CC000704730B54FF4607401F0004521F00041A9
:104CD0001CE700BF50EA010208BF704730B54FF033
:104CE00000050AE050EA010208BF704730B511F034
:104CF000004502D5404261EB41014FF4806404F16C
:104D000032045FEA915C3FF4D8AE4FF003025FEAF1
:104D1000DC0C18BF03325FEADC0C18BF033202EB75
:104D2000DC02C2F1200300FA03FC20FA02F001FACF
:104D300003FE40EA0E0021FA02F11444BDE600BF72
:104D40004FEA4102B2F1E04324BFB3F5001CDCF1AD
:104D5000FE5C0DD901F0004C4FEAC0024CEA5070E5
:104D6000B2F1004F40EB830008BF20F00100704714
:104D700011F0804F21D113F13872BCBF01F0004017
:104D8000704741F480114FEA5252C2F11802C2F149
:104D9000200C10FA0CF320FA02F018BF40F00100CA
:104DA0004FEAC1234FEAD32303FA0CFC40EA0C007C
:104DB00023FA02F34FEA4303CCE77FEA625307D1B9
:104DC00050EA01331EBF4FF0FE4040F440007047F0
:104DD00001F0004040F0FE4040F40000704700BF8A
:104DE00053B94AB9002908BF00281CBF4FF0FF3152
:104DF0004FF0FF3000F082B9ADF1080C6DE904CE40
:104E000000F01AF8DDF804E0DDE9022304B0704791
:104E1000430803F05533C01A830803F0333300F01E
:104E20003330184400EB101000F00F3000EB00207E
:104E300000EB0040000E70472DE9F047089D044646
:104E40008C46002B40F083808A42174647D9B2FA3D
:104E500082F242B1C2F1200024FA00F09140974062
:104E600040EA010C94404FEA1748230CBCFBF8F6CB
:104E70001FFA87FE08FB16C143EA014306FB0EF149
:104E8000994209D9FB1806F1FF3080F01981994247
:104E900040F21681023E3B445B1AA4B2B3FBF8F029
:104EA00008FB103344EA034400FB0EFEA64509D973
:104EB0003C1900F1FF3380F00581A64540F20281E4
:104EC00002383C4440EA0640A4EB0E0400261DB123
:104ED000D4400023C5E900433146BDE8F08702B95C
:104EE000FFDEB2FA82F2002A50D1CB1B4FEA174EF6
:104EF0001FFA87F80126B3FBFEFC210C0EFB1C33C6
:104F000041EA034108FB0CF38B4207D979180CF1F5
:104F1000FF3002D28B4200F2E9808446C91AA3B264
:104F2000B1FBFEF00EFB101143EA014408FB00F850
:104F3000A04507D93C1900F1FF3302D2A04500F289
:104F4000D9801846A4EB080440EA0C40BFE78B4226
:104F500009D9002D00F0B1800026C5E900013046D6
:104F60003146BDE8F087B3FA83F6002E4AD18B4272
:104F700002D3824200F2B880841A61EB030101205F
:104F80008C46002DA8D0C5E9004CA5E7C2F120034E
:104F900020FA03F6974001FA02F04FEA174ED94083
:104FA0003043030CB1FBFEF61FFA87F80EFB161117
:104FB00043EA014306FB08F1994204FA02F409D9D5
:104FC000FB1806F1FF3C80F08D80994240F28A8008
:104FD000023E3B445B1A81B2B3FBFEF00EFB103382
:104FE00041EA034100FB08F38B4207D9791800F12D
:104FF000FF3C73D28B4271D902383944CB1A40EA54
:10500000064678E7C6F1200C03FA06F422FA0CF300
:105010001C4320FA0CF701FA06F34FEA144E21FA6A
:105020000CF11F433B0CB1FBFEF91FFA84F80EFB99
:10503000191143EA014109FB08FA8A4502FA06F20E
:1050400000FA06F308D9611809F1FF3048D28A4501
:1050500046D9A9F102092144A1EB0A01BFB2B1FB73
:10506000FEF00EFB101147EA014700FB08F8B845B7
:1050700007D9E71900F1FF312ED2B8452CD90238F3
:10508000274440EA0940A7EB0807A0FB02894F45E7
:10509000C64649461AD317D05DB1B3EB0E0267EB93
:1050A000010707FA0CFCF2404CEA0202F740C5E99E
:1050B000002700263146BDE8F0872E4628460BE73C
:1050C0000646E9E61846FDE64345E5D2B8EB020E92
:1050D00069EB04010138DFE70846D2E760468DE757
:1050E0008146B9E7664675E730464AE7ACF1020CFF
:1050F000394413E702383C4424E700BF704700BF3F
:105100000B460146184600F01FB800001FB51446B4
:105110001A46094B1B680546D8684CB1074B0091ED
:10512000CDE9013406492B4600F036F801F066F966
:10513000044B1C46F3E700BF64360020D88E030002
:10514000E58E0300138F030010B5054C13462CB1F8
:105150000A4601460220AFF3008010BD2046FCE75E
:1051600000000000014B1868704700BF6436002043
:1051700008B5074B044613B10021AFF30080054B7F
:105180001868836A03B19847204603F0DFFA00BF2E
:1051900000000000148F03000EB403B5014603ABFA
:1051A000054853F8042B0068019300F05DF902B044
:1051B0005DF804EB03B070476436002070B50D4D08
:1051C0000D4C641BA4100026A64209D10B4D0C4CBB
:1051D00003F0BEFA641BA4100026A64205D170BDE0
:1051E00055F8043B98470136EEE755F8043B9847DD
:1051F0000136F2E7343800203438002034380020FB
:1052000050380020024B0146186800F0A9B800BFD2
:1052100064360020024B0146186800F051B800BF08
:105220006436002030B501390024A24201D10020AB
:1052300005E0035D01340D5DAB42F6D0581B30BD77
:105240000A44914200F1FF3300D1704710B511F8C4
:10525000014B03F8014F9142F9D110BD884210B5BE
:1052600001EB020402D98442234607D8431EA1421F
:1052700008D011F8012B03F8012FF8E7024401468A
:105280008A4200D110BD13F8014D02F8014DF7E735
:1052900002440346934200D1704703F8011BF9E72B
:1052A00013B54A431146019200F05AF8044618B16A
:1052B000019A0021FFF7ECFF204602B010BD00006C
:1052C00037B5002948D051F8043C0190002BA1F1DA
:1052D0000404B8BFE41802F08BF9204A019813685F
:1052E000154633B96360146003B0BDE8304002F086
:1052F00085B9A3420BD921686218934204BF1A688A
:105300005B68636004BF521822602C60ECE71A46A9
:105310005B680BB1A342FAD911685518A5420BD1AD
:10532000246821445418A3421160DDD11C685B68D5
:10533000536021441160D7E702D90C230360D3E7FF
:10534000256861198B4204BF19685B68636004BFFC
:10535000491921605460C7E703B030BD1C5B0020D1
:10536000F8B5CD1C25F0030508350C2D38BF0C25EC
:10537000002D064601DBA94203D90C23336000202F
:10538000F8BD02F035F921490A6814469CB9204F4E
:105390003B6823B92146304600F03CFE3860294680
:1053A000304600F037FE431C23D10C2333603046D7
:1053B00002F024F9E3E723685B1B17D40B2B03D916
:1053C00023601C44256004E06368A2420CBF0B60AC
:1053D0005360304602F012F904F10B00231D20F057
:1053E0000700C21ACCD01B1AA350C9E72246646832
:1053F000CCE7C41C24F00304A042E3D0211A3046B9
:1054000000F008FE0130DDD1CFE700BF1C5B0020BB
:10541000205B00209368013B002B10B4936008DAF6
:105420009469A34201DB0A2903D15DF8044B00F023
:1054300025BF1368581C1060197008465DF8044BAE
:105440007047F8B506460F461446D518AC4201D150
:10545000002007E014F8011B3A463046FFF7DAFF58
:10546000431CF3D1F8BD00002DE9F04F0D469DB06F
:1054700014469846064618B183690BB901F048FFF7
:10548000894B9D421BD175686B6ED90705D4AB89DA
:105490009A0502D4A86D01F0DEFFAB891B0701D588
:1054A0002B69EBB92946304600F03AFFC0B16B6E6C
:1054B000DC070ED54FF0FF301DB0BDE8F08F7B4B01
:1054C0009D4201D1B568DFE7794B9D4208BFF56881
:1054D000DAE7AB899805EDD4A86D01F0BDFFE9E7E7
:1054E0000023099320238DF82930CDF80C80302338
:1054F000DFF8C0818DF82A304FF0010923469A4623
:1055000013F8012B0AB1252AF9D1BAEB040B0BD001
:105510005B46224629463046FFF793FF013000F0F4
:10552000AA80099A5A4409929AF80030002B00F098
:10553000A28000234FF0FF32CDE905230AF1010AD2
:10554000049307938DF853301A935446052214F8A8
:10555000011B584801F0FCFF049AD8B9D10644BF9A
:1055600020238DF85330130744BF2B238DF853307D
:105570009AF800302A2B15D0079A544600204FF095
:105580000A0C214611F8013B303B092B4ED9B0B132
:10559000079214E0A0EB080309FA03F31343049302
:1055A000A246D2E7039B191D1B680391002BBBBFCA
:1055B0005B4242F0020207930793B8BF049223783C
:1055C0002E2B0CD163782A2B35D1039B1A1D1B6817
:1055D0000392002BB8BF4FF0FF3302340593DFF87E
:1055E000E4A021780322504601F0B2FF40B14023ED
:1055F000A0EB0A0003FA00F0049B03430134049378
:1056000014F8011B2C488DF82810062201F0A0FF89
:1056100000283FD0294B1BBB039B073323F0070314
:1056200008330393099B3B44099367E70CFB023261
:105630000C460120A5E700230134059319464FF0DD
:105640000A0C204610F8012B303A092A03D9002B06
:10565000C5D00591C3E70CFB012104460123F0E707
:1056600003AB00932A46164B04A9304600F0CCF851
:105670000746781CD6D16B6ED90705D4AB899A053D
:1056800002D4A86D01F0E8FEAB895B063FF512AFCE
:10569000099811E703AB00932A46094B04A9304649
:1056A00000F056FBE4E700BF8C900300AC900300D1
:1056B0006C900300188F0300228F03000958030029
:1056C000435403001E8F03002DE9FF4755EC104B98
:1056D000002D0E4619462B46BBBF05F100431D4663
:1056E00000232D230B700D9BDDF830A0914623F095
:1056F0002008BCBF22461446B8F1460F05D0B8F1C9
:10570000450F00D10136022100E0032103AB0193D4
:1057100002AB009345EC104B5346324600F000FFBD
:10572000B8F1470F074602D119F0010F22D0B8F1A6
:10573000460F07EB060910D13B78302B0AD1002227
:1057400000232046294602F059FF18B9C6F1010688
:10575000CAF80060DAF8003099440022002320469D
:10576000294602F04BFF08B1CDF80C903022039B84
:105770004B4507D3039B0E9ADB1B3846136004B0DE
:10578000BDE8F087591C03911A70F0E7F7B503469E
:105790000029B8BF494203F8022BB4BF2D222B22A7
:1057A000092942702ADD0DF10704A4460A27A646FE
:1057B0000A4691FBF7F607FB16153035632A04F10C
:1057C000FF340EF8015C3146F1DC3031AEF10205F8
:1057D00004F8011C441C294661450AD30DF1090255
:1057E000A2EB0E02654588BF00221344181A03B0CD
:1057F000F0BD11F8012B04F8012FEDE73023303113
:105800008370C170031DF1E72DE9F04F2DED028B80
:105810008DB00C46DDF8608016461F46054601F047
:1058200015FED0F800A0504600F063FC00230A9358
:1058300023680593D8F8003094F818B0073323F0A4
:10584000070303F10802C8F80020D3E90023C4E9E4
:105850001223D4E9128929F000430793CDF8188068
:1058600008EE100A9F4BDDE906014FF0FF3202F00F
:10587000F7FE88BBDDE906019A4B4FF0FF3202F0DC
:10588000D1FE48BB002200234046494602F0C0FE3C
:1058900010B12D2384F84330934B9448BBF1470F4C
:1058A00094BF9846804603232361059B23F004029E
:1058B00022604FF00009009733460BAA2146284684
:1058C00000F0D8F9013040F090804FF0FF300DB07B
:1058D000BDEC028BBDE8F08F42464B464046494640
:1058E00002F0BEFE40B14B46002BBCBF2D2384F816
:1058F00043307F487F4BD1E763680BF0DF020692AD
:105900005A1C3FD106236360059B616843F48062A3
:10591000002303930AABCDE901B309AB49EC108B2B
:10592000009322600DF123032846FFF7CDFE069B6E
:105930000999472B804608D1C81C02DB636899424D
:1059400041DDABF1020B5FFA8BFBBBF1650F20D899
:1059500001395A4604F150000991FFF717FF0A9ADE
:105960001318012A8146236102DC2268D20701D57F
:10597000013323619DF82330002B9CD02D2384F824
:10598000433098E7069A472ABED1002BBCD10123A9
:10599000B9E7BBF1660F18D1002963680BDD2161FF
:1059A00013B92268D00702D501330B442361A165E6
:1059B0004FF00009DEE713B92268D20701D50233A0
:1059C000F4E70123F2E74FF0670B0A9B994205DBEE
:1059D00023682161D807EAD54B1CE7E70029D4BF2B
:1059E000C1F1020201221344E0E723685A0507D4FB
:1059F0002369424631462846B84701302CD164E736
:105A0000BBF1650F40F2E080D4E9120100220023CF
:105A100002F0F4FD002834D0374A012331462846ED
:105A2000B84701303FF451AFDDE909239A4202DB68
:105A30002368D80710D518EE103A5246314628464A
:105A4000B84701303FF441AF4FF0000804F11A09A4
:105A50000A9B013B434509DC23689B0700F1058154
:105A6000E0680B9B9842B8BF184630E701234A46CE
:105A700031462846B84701303FF427AF08F1010806
:105A8000E6E7099B002B39DC1B4A012331462846F7
:105A9000B84701303FF419AFDDE90923134302D1C0
:105AA0002368D907D8D518EE103A52463146284611
:105AB000B84701303FF409AF4FF0000904F11A0A6A
:105AC000099B5B424B4501DC0A9B92E7012352464E
:105AD00031462846B84701303FF4F7AE09F10109D5
:105AE000EEE700BFFFFFEF7F298F03002D8F03003C
:105AF000358F0300318F0300398F03000A9AA36D9D
:105B00009A42A8BF1A46002A914637DC4FF0000B94
:105B100029EAE97904F11A02A36D0593A3EB0903BD
:105B20005B4533DCDDE909239A423BDB2368DA0776
:105B300038D40A9A059B0999D31AA2EB0109994511
:105B4000A8BF9946B9F1000F35DC4FF0000829EAEB
:105B5000E97904F11A0ADDE909239B1AA3EB090389
:105B600043457FF779AF0123524631462846B8476F
:105B700001303FF4AAAE08F10108ECE713463146C4
:105B800042462846B8470130C0D19EE6012331463F
:105B900028460592B84701303FF497AE059A0BF1BD
:105BA000010BB9E718EE103A524631462846B8477D
:105BB0000130BED189E6059A4B464244314628461B
:105BC000B8470130C1D180E60A9A012A01DCDB071F
:105BD00038D50123424631462846B84701303FF4C4
:105BE00074AE18EE103A524631462846B847013096
:105BF0003FF46BAED4E912010022002302F0FEFC58
:105C0000D8B90A9B08F10102013B31462846B84742
:105C100001300ED159E60123524631462846B84795
:105C200001303FF452AE08F101080A9B013B4345A5
:105C3000F1DC4B4604F15002DCE64FF0000804F1C1
:105C40001A0AF2E701234246DFE701234A463146BA
:105C50002846B84701303FF438AE08F10108E36840
:105C60000B995B1A4345F0DCFAE64FF0000804F1AB
:105C70001909F4E72DE9F047164699468A680B6939
:105C8000DDF820809342B8BF1346336091F843207B
:105C900007460C460AB1013333602368990642BFB8
:105CA000336802333360256815F0060506D104F128
:105CB000190AE36832689B1AAB4226DC94F8432049
:105CC000131E226818BF012392062BD404F143024D
:105CD00049463846C04701301ED02368E56832681F
:105CE00003F00603042B08BFAD1AA36822690CBF9A
:105CF00025EAE57500259342C4BF9B1AED180026DE
:105D00001A34B5421AD1002008E001235246494610
:105D10003846C047013003D14FF0FF30BDE8F0876F
:105D20000135C6E7E1185A1C302081F843002244AF
:105D300094F8451082F843100233C7E70123224646
:105D400049463846C0470130E6D00136D9E7000061
:105D50002DE9FF470C469146277E0C99782F804607
:105D60009A4604F1430207D8622F0AD8002F00F0A8
:105D7000D880582F00F0A38004F1420684F84270C6
:105D80003AE0A7F16303152BF6D801A050F823F0F1
:105D9000E95D0300FD5D0300795D0300795D0300AB
:105DA000795D0300795D0300FD5D0300795D03000B
:105DB000795D0300795D0300795D0300095F0300ED
:105DC0002D5E0300EB5E0300795D0300795D030047
:105DD0002B5F0300795D03002D5E0300795D0300F6
:105DE000795D0300F35E03000B681A1D1B680A60EF
:105DF00004F1420684F842300123A3E025680868D4
:105E00002E0600F104030AD505680B60002D03DAA5
:105E10002D236D4284F843305E480A2319E015F0C3
:105E2000400F05680B6018BF2DB2EFE70B682568BF
:105E3000181D0860280601D51D6802E06906FBD51B
:105E40001D8854486F2F0CBF08230A23002184F8B3
:105E500043106668A660002EA2BF216821F00401ED
:105E600021600DB9002E4DD01646B5FBF3F103FBB2
:105E70001157C75D06F8017D2F46BB420D46F4D988
:105E8000082B0BD12368DF0708D523696168994285
:105E9000DEBF302306F8013C06F1FF36921B22617B
:105EA000CDF800A04B4603AA21464046FFF7E2FE8C
:105EB00001304CD14FF0FF3004B0BDE8F0873548D9
:105EC00084F8457023680E681F0656F8045B0E6060
:105ED00014D5D90744BF43F0200323601DB92368BC
:105EE00023F0200323601023B0E7236843F020034E
:105EF00023607823284884F84530E3E75E0648BFEE
:105F0000ADB2E6E71646BBE70B68266860691D1D63
:105F10000D6035061B6801D5186002E07106FBD5DF
:105F20001880002323611646BAE70B681A1D0A6021
:105F30001E6862680021304601F00AFB08B1801B30
:105F4000606063682361002384F84330A8E7236915
:105F5000324649464046D0470130ABD023689B07C4
:105F600013D4E068039B9842B8BF1846A4E7012306
:105F7000324649464046D04701309BD00135E36860
:105F800003995B1AAB42F2DCEBE7002504F119063A
:105F9000F5E700BF3B8F03004C8F0300134B10B598
:105FA0001C68A36B7BB91820FBF7FEF9104A114B54
:105FB000A063C0E90023104B83600B23838101227F
:105FC0000023C0E90423A16B0C480A694B690C4CFF
:105FD000504304FB0300A2FB04345A1C044444F164
:105FE0000000C1E9042020F0004010BD643600200C
:105FF0000E33CDAB34126DE6ECDE05002DF45158B6
:106000002D7F954C024B0A460146186801F009BEE7
:106010006436002038B5064D0023044608462B6040
:10602000FDF7B8FD431C02D12B6803B1236038BDD6
:106030004C5B00200EB400B59CB01DAB02900690E6
:106040006FF00041094807910491094953F8042B66
:1060500005910068019302A901F064FE029B0022F1
:106060001A701CB05DF804EB03B070476436002072
:106070000802FFFF10B50246147813460132002CC7
:10608000FAD1013B11F8012B03F8012F002AF9D1B5
:1060900010BDC9B2034610F8012B1AB18A42F9D1DA
:1060A00018467047002918BF0023F9E710F8012BA4
:1060B00011F8013B012A28BF9A42F7D0D01A704745
:1060C000034611F8012B03F8012B002AF9D1704780
:1060D00070B503461E4613F8014B44B14A1E01E059
:1060E000A54204D012F8015F002DF9D1F2E7301A71
:1060F00070BD034613F8012B002AFBD1181A013892
:10610000704710B50139034632B111F8014F03F859
:10611000014B013A002CF7D11A440021934200D1DF
:1061200010BD03F8011BF9E738B503460C4669B901
:10613000BDE83840FFF7ADBF431C05462146184671
:10614000FFF7A7FF0028F7D1284638BD0025F5E75F
:1061500070B503461E4613F8014B3CB14A1E01E0E0
:10616000A542F7D012F8015F002DF9D1301A70BDA9
:106170002DE9F0433B4E86468C4660461CF8014BA9
:10618000A55D15F00805F8D12D2C34D19CF8004000
:106190004FF0010800F1020C002B5ED0102B0CD147
:1061A000302C0AD19CF8000000F0DF0058284FD1B5
:1061B0009CF8014010230CF1020C4FF0FF37002532
:1061C000B7FBF3F703FB07F96FEA09092846A4F1C7
:1061D0003006092E18D83446A34224DD002D1FDBDB
:1061E00087421DD301D1A1451ADB00FB03400125E5
:1061F0001CF8014BEBE72B2C08BF9CF80040A8468D
:1062000008BF00F1020CC7E7A4F14106192E01D81E
:10621000373CE1E7A4F16106192E04D8573CDBE7CF
:106220004FF0FF35E4E7002D07DA2223CEF80030E7
:106230004FF0FF3042B9BDE8F083B8F1000F00D055
:106240004042002AF7D00DB10CF1FF311160F2E7A6
:106250003024002BB1D10823AFE7302CA2D00A2381
:10626000ABE700BF5E8F030013460A4601460248B3
:106270000068FFF77DBF00BF64360020F8B50E460A
:106280001446054618B183690BB901F041F8214B5A
:106290009C422BD16C68A369A360A3891A072FD5F0
:1062A00023696BB323692068C01A6369F6B283421D
:1062B000374604DC2146284600F096FF30BBA36831
:1062C000013BA36023685A1C22601E706369013081
:1062D000834204D0A389DB0706D50A2E04D12146C8
:1062E000284600F081FF88B93846F8BD0A4B9C4229
:1062F00001D1AC68CFE7094B9C4208BFEC68CAE704
:106300002146284600F00CF80028CBD04FF0FF378C
:10631000EAE700BF8C900300AC9003006C90030090
:10632000324B70B51D6806460C4625B1AB6913B9F2
:10633000284600F0EDFF2E4B9C420FD16C68A389DC
:10634000B4F90C2019072CD4DD0611D409233360CD
:1063500042F04003A3814FF0FF303EE0254B9C42CA
:1063600001D1AC68EBE7244B9C4208BFEC68E6E740
:10637000580712D5616B41B104F14403994202D030
:106380003046FEF79DFF00236363A38923F02403B7
:10639000A3810023636023692360A38943F008037A
:1063A000A38123694BB9A38903F42073B3F5007F5C
:1063B00003D02146304601F075F8A089B4F90C20CD
:1063C00010F001030AD00023A36063695B42A3615C
:1063D000236943B910F08000BAD170BD810758BF5E
:1063E0006369A360F4E70020F7E700BF643600208C
:1063F0008C900300AC9003006C90030008B506205D
:1064000001F0B8FD012002F0A1F92DE9F74F036971
:106410000C69A3420746C0F28180013C01F11408D7
:1064200000F1140505EB8403019358F8243055F866
:10643000242001339A424FEA840B08EB8409B2FB13
:10644000F3F631D34FF0000E4046AC46F24650F81A
:10645000042B93B206FB03E34FEA134E9BB2AAEB65
:106460000303120CDCF800A006FB02E213FA8AF325
:106470004FEA124E1FFA82FADCF80020CAEB1242F1
:1064800002EB23429BB243EA024381454CF8043BB2
:106490004FEA224ADBD255F80B302BB9019B043B63
:1064A0009D421A462ED33C61384601F0D8FA0028A6
:1064B00024DB013628464FF0000C58F8042BD0F8A6
:1064C00000E093B2ACEB0303120C13FA8EF3C2EBB1
:1064D0001E4202EB23429BB243EA0243C14540F80D
:1064E000043B4FEA224CE8D255F8242005EB840304
:1064F00022B9043B9D421A460AD33C61304603B0A0
:10650000BDE8F08F1268043B002ACCD1013CC7E7FC
:106510001268043B002AF0D1013CEBE70020EEE7D3
:106520002DE9F04F2DED028B57EC106B95B0456ABD
:10653000DDF880800591CDE90267044609920F934A
:106540003DB91020FAF730FFC0E9015560620560DF
:10655000C560636A196851B15A684A600123934063
:106560008B60204601F084F8636A00221A603B1EAB
:10657000B9BF23F0004303930023C8F80030DDF8CF
:106580000C90B74BBCBF0122C8F8002033EA0903C6
:106590001BD10F9A42F20F731360C9F313033343F5
:1065A00000F07585219B63B9AE4B25E0AE4B00939F
:1065B0000833219A1360009815B0BDEC028BBDE83A
:1065C000F08FA84B00930333F3E79DED027B00228D
:1065D00051EC170B00238DED0A7B02F00FF880467B
:1065E00060B10F9A01231360219B002B00F04C85B2
:1065F0009E4B219A1360013B0093DCE79DED0A0B53
:1066000012AA13A9204601F0BCFAC9F30A55824622
:10661000002D7ED00B9BCDF84080C3F31303DDE942
:106620000A6743F07F5747F44017A5F2FF35904BB8
:10663000002230463946FEF7CBF983A3D3E9002385
:1066400001F074FD82A3D3E90023FEF7C3F90646E7
:1066500028460F46FEF70AFB7FA3D3E9002301F08B
:1066600065FD02460B4630463946FEF7B3F906464D
:106670000F4602F00BF800228146002330463946CF
:1066800001F0C6FF48B14846FEF7F0FA32463B46F5
:1066900001F0B4FF08B909F1FF39B9F1160F56D866
:1066A000744B03EBC903D3E90023DDE90A0101F0D0
:1066B000AFFF00284DD009F1FF3900230E93129B44
:1066C0005D1B6B1E049343BF0023C5F101080493B7
:1066D0004FF00008B9F1000F3DDB049BCDF834907A
:1066E0004B44049300230693059B092B00F29A80E8
:1066F000052BC4BF043B0593059BA3F10203CCBF4C
:1067000000250125032B00F29980DFE803F02C7DA2
:106710007B89DDE912531D4405F23243202BC1BFB2
:10672000C3F1400305F2124009FA03F326FA00F020
:10673000DABFC3F1200306FA03F01843FEF786FA26
:1067400001230646A1F1F877013D10936FE701237D
:10675000B4E70E90B3E7C9F1000306930023A8EB5A
:1067600009080D93C0E700230893099B002B00F351
:1067700085804FF0010BCDF804B05B46CDF824B016
:10678000666A00227260042202F114009842716865
:106790007AD9204600F038FF636A30601B680093A6
:1067A000019B0E2B00F2F580002D00F0F280B9F174
:1067B000000F7DDD2F4A09F00F0302EBC30393EDB9
:1067C000007B19F4807F4FEA2917B0EE478AF0EE7C
:1067D000678A5DD0284BDDE90A01D3E9082301F07F
:1067E000CFFDCDE9020107F00F070325224E002F50
:1067F00050D1DDE9020153EC182B01F0C1FDCDE9C8
:1068000002016FE00123AFE700230893099B09EB26
:10681000030B0BF10103012B0193B8BF0123AFE779
:106820000123F2E701250023059308954FF0FF3B74
:106830000022CDF804B012230992A1E701230893A6
:10684000F4E700BFAFF3008061436F63A787D23FD7
:10685000B3C8608B288AC63FFB799F501344D33F4F
:106860000000F07F679003005E9003003A8F030002
:106870000000F83F00910300D8900300DDF824B039
:10688000CDF804B05B467BE70131716052007BE7D5
:106890000225ABE7F90708D551EC180BD6E9002320
:1068A00001F044FC41EC180B01357F1008369EE7DF
:1068B00000F0AB80C9F10006AA4BAB4F06F00F0207
:1068C00003EBC203D3E90023DDE90A0101F02EFC4A
:1068D000CDE90201361100230225002E40F08A8006
:1068E000002B8CD10E9B002B00F09180DDE902671C
:1068F0009E4B00223046394601F08AFE002800F007
:106900008680019B002B00F08280BBF1000F3CDDF4
:1069100009F1FF3307930022954B3046394601F0C9
:1069200005FCCDE902010135CDF830B0DDE90267A3
:106930002846FEF79BF932463B4601F0F7FB8D4BAC
:106940000022FEF747F8A1F15073CDE9020103934D
:106950000C9B002B60D1884B002230463946FEF755
:1069600037F8DDE9022306460F4601F06FFE0028E6
:1069700040F09982DDE90221304601F100433946B9
:1069800001F046FE002840F08B82DDE90A23CDE9C4
:106990000223139B002BC0F25B81B9F10E0F00F3B1
:1069A0005781704B03EBC90393ED007B099BB0EE5D
:1069B000478AF0EE678A002B80F2E280019B002B71
:1069C00000F3DE8040F06C826B4B51EC170B002221
:1069D00001F0ACFBDDE9022301F02EFE019E3746FB
:1069E000002840F04282009D312305F8013B09F167
:1069F00001093EE2F20705D5D7E9002301F096FB35
:106A0000013501237610083767E702256AE7019B05
:106A1000CDF81C900C9389E700990C980C9A514B77
:106A20009DED027B014402910899B0EE478AF0EE99
:106A3000678A03EBC20353E90223002945D04F497B
:106A4000002001F09DFC53EC182BFDF7C1FF009DC9
:106A500041EC180B3946304601F018FE0C90FEF759
:106A600005F902460B4630463946FDF7B1FF0C9B4F
:106A7000303305F8013B53EC182B06460F4601F066
:106A8000C7FD002865D132463B4638490020FDF756
:106A90009FFF53EC182B01F0BBFD002840F0B8809D
:106AA000029B9D423FF471AF314B51EC180B002219
:106AB00001F03CFB2E4B41EC180B002230463946CE
:106AC00001F034FB06460F46C4E751EC170B01F00A
:106AD0002DFB029B009D0C9341EC180B3946304670
:106AE00001F0D4FD1190FEF7C1F802460B46304686
:106AF0003946FDF76DFF119B303305F8013B029BD2
:106B00009D4206460F464FF0000225D11B4B51EC2B
:106B1000180BFDF75FFF02460B463046394601F081
:106B200095FD002874D153EC182B14490020FDF773
:106B30004FFF02460B463046394601F069FD0028FA
:106B40003FF423AF0C9D6B1E0C9315F8013C302BCA
:106B5000F8D0DDF81C9049E0054B01F0E7FA064655
:106B60000F46BBE700910300D89003000000F03F00
:106B70000000244000001C40000014400000E03FE2
:106B8000DDE90267009D53EC182B3046394601F0D1
:106B9000F7FB01F07BFD8046FEF768F853EC182BFD
:106BA00001F0C4FA02460B463046394608F1300679
:106BB000FDF70EFF05F8016B009E019FAE1BB7426B
:106BC00002460B4637D1FDF705FF53EC182B06465E
:106BD0000F4601F03BFDC8B953EC182B304639463F
:106BE00001F00CFD10B118F0010F0FD120465146F5
:106BF00000F03EFD00232B700F9B09F1010018608F
:106C0000219B002B3FF4D7AC1D60D4E4CDF81C9041
:106C10002B461D4613F8012D392A08D1009A9A42B5
:106C2000F7D1079A00990132079230220A701A7838
:106C300001321A708DE79E4B002201F077FA002294
:106C4000002306460F4601F0D9FC00289BD0CDE773
:106C5000089A002A00F0C680059A012A00F3AA804B
:106C6000109A002A00F0A28003F23343069E4546A4
:106C7000049A01211A4420469844049200F09DFD94
:106C80000746002D0BDD049B002B08DDAB42049A68
:106C9000A8BF2B46A8EB0308ED1AD31A0493069B52
:106CA000FBB1089B002B00F0A180002E11DD3946BE
:106CB0003246204600F026FE524601460746204650
:106CC00000F084FD51460790204600F0D1FC079B60
:106CD0009A46069B9A1B04D05146204600F012FEAD
:106CE00082460121204600F068FD0D9B002B0646E0
:106CF0007EDD1A460146204600F004FE059B012B6E
:106D0000064678DD00230693336906EB8303186992
:106D100000F003FDC0F12000049B184410F01F0098
:106D200000F08880C0F12003042B40F38180C0F183
:106D30001C00049B0344804405440493B8F1000FF5
:106D400005DD51464246204600F02AFE8246049B5D
:106D5000002B05DD31461A46204600F021FE06468E
:106D60000E9B002B68D03146504600F078FE00287C
:106D700062DA002351460A22204600F090FC089B6C
:106D800009F1FF398246002B00F088813946002343
:106D90000A22204600F083FCBBF1000F074600F3F7
:106DA0008F80059B022B40F38B804DE0129BC3F13B
:106DB00036035BE7019B5E1E069BB342BFBF069B8B
:106DC0000696F21A0D9BB6BF9B189E1B0D93019B56
:106DD000B8BF0026002BB5BFA8EB0305019B00231D
:106DE000454645E7069E089F45464AE7069A73E7EB
:106DF000059B012B18DC029BB3B9039BC3F3130360
:106E0000A3B9039B23F000431B0D1B052BB1049B6F
:106E10000133049308F10108012306930D9B002B15
:106E20007FF472AF012077E70023F6E7029BF4E7D7
:106E300084D018461C307CE7019B002B3ADC059B74
:106E4000022B37DDDDF804B0BBF1000F0DD1314668
:106E50005B460522204600F022FC014606465046CD
:106E600000F0FDFD00283FF7BEAD099B009D6FEAD5
:106E700003094FF000083146204600F0F9FB002FCF
:106E80003FF4B4AEB8F1000F05D0B84503D0414689
:106E9000204600F0EDFB3946204600F0E9FBA5E670
:106EA00000263746E1E70C9EDDF81C9037469AE550
:106EB00000002440089BDDF804B0002B00F0F580B2
:106EC000002D05DD39462A46204600F069FD0746BB
:106ED000069B002B55D07968204600F095FB3A6957
:106EE00002320546920007F10C010C30FEF7A8F9BA
:106EF00001222946204600F053FD009B01330193F7
:106F0000009B5B440793029B03F00103B846069382
:106F10000746019B3146504603F1FF3BFFF775FAE8
:106F200003463033029041465046089300F097FDE7
:106F30003A4604903146204600F0ADFDC268089BF9
:106F4000054602BB0146504600F089FD089B0246FB
:106F500029462046CDE9083200F08AFB059B099AB4
:106F6000019D43EA0201069B0B43089B0DD1392B7F
:106F700027D0049A002A01DD029B31338BF80030C0
:106F800079E73846B9E70122E2E70499002904DBF2
:106F9000059801430698014320D1002AEEDD5146B1
:106FA00001222046019300F0FBFC3146824600F0AE
:106FB00056FD0028019B02DCE0D1DA07DED5392B33
:106FC000DAD139238BF800302B461D46013B15F8EA
:106FD000012C392A50D001321A704CE7002A03DD07
:106FE000392BEED00133C9E7019A079902F8013C29
:106FF0008A422AD0514600230A22204600F04FFB45
:10700000B84582464FF000034FF00A024146204641
:1070100007D100F044FB80460746019B01330193F2
:1070200077E700F03CFB3946804600230A222046E1
:1070300000F035FB0746F0E7BBF1000F009ACCBF2C
:107040005D46012515444FF00008514601222046B7
:10705000019300F0A5FC3146824600F000FD0028B7
:10706000B2DC02D1019BDB07AED42B461D4613F8E0
:10707000012D302AFAD0FEE6009A9A42A5D131239A
:1070800009F101091370F6E6124BFFF7B5BA219B1F
:10709000002B7FF48BAA104BFFF7AEBABBF1000FA9
:1070A00003DC059B022B3FF7CFAE009D31465046D7
:1070B000FFF7ABF900F1300305F8013B009AAA1A7B
:1070C0009345B9DD514600230A22204600F0E7FA35
:1070D0008246EBE7398F03005E9003008A892DE931
:1070E000F041054610070C4658D44B68002B05DCD0
:1070F0000B6C002B02DC0020BDE8F081E66A002E5C
:10710000F9D0002312F480522F682B6032D0606DCA
:10711000A3895A0705D56368C01A636B0BB1236C4A
:10712000C01A00230246E66A216A2846B047431C7B
:10713000A38906D129681D292CD82A4ACA40D60716
:1071400028D500226260D9042269226004D5421C3D
:1071500001D12B6803B96065616B2F600029CAD02B
:1071600004F14403994202D02846FEF7A9F8002012
:107170006063C1E7216A01232846B047411CC7D19B
:107180002B68002BC4D01D2B01D0162B01D12F60F2
:10719000B1E7A38943F04003A381ADE70F69002F56
:1071A000A9D093070E6808BF4B690F6018BF002372
:1071B000A6EB07088B60B8F1000F9CDD216AA66A78
:1071C00043463A462846B047002806DCA38943F0E8
:1071D0004003A3814FF0FF308EE70744A8EB00087F
:1071E000E9E700BF0100402038B50B6905460C46B1
:1071F00013B90025284638BD18B183690BB900F0D2
:1072000087F8144B9C421BD16C68B4F90C30002BEE
:10721000EFD0626ED00704D4990502D4A06D00F0BF
:107220001AF928462146FFF759FF636EDA0705462B
:10723000E0D4A3899B05DDD4A06D00F00DF9D9E75A
:10724000054B9C4201D1AC68DFE7044B9C4208BF70
:10725000EC68DAE78C900300AC9003006C900300BC
:10726000002310B50446C0E90033C0E9043383604D
:1072700081814366C2818361194608225C30FEF732
:1072800007F8054B6362054BA362054BE362054BB0
:107290002462236310BD00BFAD7F0300CF7F0300D6
:1072A000078003002B800300014900F0AFB800BF46
:1072B000E971030070B54A1E682555430E4605F175
:1072C0007401FEF74DF8044640B10021C0E90016F4
:1072D0000C30A06005F16802FDF7DAFF204670BDB2
:1072E000014800F0B8B800BF485B0020014800F03A
:1072F000B3B800BF485B0020014800F0ACB800BF45
:10730000435B0020014800F0A7B800BF435B0020AA
:1073100010B50446FFF7F0FFA3691BB1BDE81040AC
:10732000FFF7F0BFC4E912332365134B134A1B6800
:10733000A262A34204BF0123A361204600F020F80B
:107340006060204600F01CF8A060204600F018F8AD
:107350000022E06004216068FFF782FFA06801223C
:107360000921FFF77DFFE06802221221FFF778FF75
:107370000123A361D2E700BF148F0300A9720300A9
:10738000F8B50746FFF7ACFF1E4B1E68B36913B98B
:107390003046FFF7BDFF4836D6E90134013B03D53F
:1073A00033680BB33668F7E7B4F90C50D5B9164B10
:1073B000E36004F15800656600F04CF8FFF796FFB3
:1073C000C4E90155C4E904552560A5610822294690
:1073D00004F15C00FDF75CFFC4E90D55C4E91255EA
:1073E0002046F8BD6834D9E704213846FFF762FF2C
:1073F000044630600028D5D1FFF778FF0C233B60AE
:10740000EEE700BF148F03000100FFFF2DE9F843F2
:107410000646884600F148040027D4E90195B9F1F1
:10742000010905D52468002CF7D13846BDE8F8835A
:10743000AB89012B07D9B5F90E30013303D02946AA
:107440003046C04707436835E9E700000048704709
:10745000B837002070477047704770B50E46B1F9D5
:107460000E10002996B014461D4607DA00232B6043
:10747000B3891A0610D44FF480630EE06A4600F018
:1074800007FE0028F2DB019A02F47042A2F50053D5
:107490005A425A412A60EEE740230020236016B08A
:1074A00070BD00008B8973B59D0706460C4607D555
:1074B00004F14703236023610123636102B070BDBF
:1074C00001AB6A46FFF7C9FF009905463046FDF754
:1074D00047FF48B9B4F90C309A05EFD423F0030301
:1074E00043F00203A381E3E70D4BB362A38920605D
:1074F00043F08003A381009B6361019B20615BB12A
:10750000B4F90E10304600F0D5FD28B1A38923F060
:10751000030343F00103A381A0890543A581CDE7BF
:10752000A972030082B001B901A942B14BB113782D
:107530000B601278101E18BF012002B07047104671
:10754000FBE76FF00100F8E700000000000000001A
:1075500001F0FF01102A2BDB10F0070F08D010F804
:10756000013B013A8B422DD010F0070F42B3F6D108
:10757000F0B441EA012141EA014122F007047FF021
:1075800000070023F0E80256083C85EA010586EA78
:10759000010685FA47F5A3FA87F586FA47F6A5FAB4
:1075A00087F68EB9EED1F0BC01F0FF0102F00702C0
:1075B00032B110F8013B013A83EA010313B1F8D16B
:1075C0000020704701387047002D06BF354603384C
:1075D000073815F0010F07D1013015F4807F02BF85
:1075E000013015F4C03F0130F0BC0138704700BFD6
:1075F0000148FFF730BF00BF445B00200148FFF7A0
:107600002BBF00BF445B002070B5466A04460D46A0
:107610003EB91020F9F7C8FEC0E901666062066055
:10762000C660666AF36883B1636ADB6853F8250055
:10763000B8B9012101FA05F6721D92002046FDF746
:107640002FFE60B1C0E901560EE021220421204640
:10765000FDF726FE636AF060DB68002BE4D10020B2
:1076600070BD026843F825200023C0E90333F7E723
:1076700070B5466A05460C463EB91020F9F794FEEF
:10768000C0E9016668620660C6603CB16B6A626808
:10769000DB6853F82210216043F8224070BD2DE9C9
:1076A000F0410E69074698460C4601F1140000238C
:1076B0000568A9B202FB01814FEA114C2D0C02FBB7
:1076C00005C589B2013301EB05419E4240F8041B18
:1076D0004FEA1548ECDCB8F1000F1BD0A368B342A9
:1076E00012DC616838460131FFF78EFF22690232F1
:1076F00004F10C01054692000C30FDF7A1FD214676
:107700003846FFF7B5FF2C4604EB86030136C3F875
:10771000148026612046BDE8F081030C1B04D3B918
:107720000004102310F07F4F04BF0002083310F054
:10773000704F04BF0001043310F0404F04BF8000BD
:107740000233002805DB10F0804F03F1010308BF6E
:107750002023184670470023E4E7036813F007026C
:1077600001460BD0DA0724D4980749BF5B089B0871
:1077700001200B605CBF0B600220704798B2B0B96B
:107780001B0C102013F0FF0F04BF1B0A08301A0750
:1077900004BF1B0904309A0704BF9B080230DA07B4
:1077A00003D45B0800F1010005D00B607047104660
:1077B000E8E7002070472020704710B50C460121F3
:1077C000FFF722FF01224461026110BD2DE9F04F55
:1077D00015460A692B699A42B8BF0B460C46BCBFD6
:1077E0002C461D462769D5F81090A368616807EB01
:1077F0000906B342B8BF013185B0FFF705FF00F1BC
:10780000140101EB86080B46002243451DD304F109
:10781000140305F1140203EB870702EB89030293BB
:107820003B1B153B23F00303043304F11505AF4262
:1078300038BF04230193029B0392934208D8002E81
:107840005ADC066105B0BDE8F08F43F8042BDCE795
:10785000B2F800A0BAF1000F24D004F1140E89464A
:107860004FF0000C5EF8045BD9F800B0ABB21FFA21
:107870008BFB0AFB03B34FEA154BD9F80050634466
:107880004FEA154C0AFB0BC505EB13459BB243EAC7
:107890000543774549F8043B4FEA154CE2D8019B74
:1078A00041F803C0039BB3F802900432B9F1000F12
:1078B00020D00B6804F1140C8E464FF0000ABCF87F
:1078C0000050BEF802B009FB05B5AA449BB243EADA
:1078D0000A434EF8043B5CF8043BBEF800501B0C16
:1078E00009FB035303EB1A4367454FEA134AE6D8F3
:1078F000019D4B5104319EE758F8043D002BA0D167
:10790000013E9CE72DE9F843154612F003020646B6
:107910000F4607D0214C013A002354F82220FFF7EC
:10792000BEFE0746AD1035D0746A3CB91020F9F799
:107930003BFDC0E9014470620460C460D6F8248055
:10794000D8F808404CB940F271213046FFF735FFB6
:107950000023C8F80800044603604FF00009EB0755
:107960000AD5394622463046FFF730FF3946804671
:107970003046FFF77DFE47466D100BD0206838B9C2
:10798000224621463046FFF721FF2060C0F80090D4
:107990000446E4E73846BDE8F88300BFC891030019
:1079A0002DE9F0470C464968236903EB6218A36888
:1079B000074691464FEA621A08F10106B3423FDBDF
:1079C0003846FFF721FE0023054600F1140100F1BF
:1079D00010021846534536DB20692AEAEA7A04F198
:1079E000140319F01F0901EB8A0103EB800C2ED060
:1079F000C9F1200E8A460022186800FA09F00243F5
:107A00004AF8042B53F8042B9C4522FA0EF2F3D8C3
:107A1000ACEB0403153B23F00303043304F115001E
:107A2000604588BF0423CA500AB108F10206013E2E
:107A300038462E612146FFF71BFE2846BDE8F08739
:107A400001315B00BAE742F8040F0133C2E70439A1
:107A500053F8042B41F8042F9C45F9D8E7E730B5DB
:107A600002690C69121B0ED100F11403143103EBEF
:107A7000840001EB840150F8045D51F8044DA542E7
:107A800003D005D30122104630BD8342F3D3FAE779
:107A90004FF0FF32F7E72DE9F84F0C460646114646
:107AA00020461746FFF7DBFF051E08D12946304662
:107AB000FFF7AAFD0123C0E90435BDE8F88FA4BF94
:107AC0003B46274630467968A6BF1C46002501255F
:107AD000FFF79AFD3E69C560256907F1140104F1BD
:107AE000140900F1140E07F1100201EB860C09EBEA
:107AF0008505F246002759F8043B52F804BF1FFAE7
:107B000083F817FA8BF71B0CA7EB0808C3EB1B4392
:107B100003EB28431FFA88F81F144D4548EA034336
:107B20004AF8043BE7D82B1B153B23F0030304332F
:107B30001534A54238BF0423194473449E460D46AC
:107B400065450ED30CF10302521A22F003020339E9
:107B50008C4538BF00221A4452F8043D7BB10661BF
:107B6000ABE755F8048B17FA88F4221402EB18429D
:107B7000A4B244EA02444EF8044B1714E0E7013E75
:107B8000EAE72DE9F7438946012157EC106B90464F
:107B9000FFF73AFDC7F30A550446C7F3130335BB95
:107BA000002E019328D068460096FFF7D6FD009975
:107BB00000B3019AC0F1200302FA03F30B43C24061
:107BC00063610192019BA361002B14BF0222012279
:107BD0002261D5B1A5F233450544C9F80050C0F182
:107BE0003500C8F80000204603B0BDE8F08343F438
:107BF0008013D5E76161E5E701A8FFF7AEFD019BC2
:107C00006361012222612030E3E704EB8203A0F2EA
:107C10003240C9F800001869FFF77FFDC0EB421041
:107C2000DFE7F8B5074614460E4621B9BDE8F8402F
:107C30001146FDF795BB22B9FDF742FB25462846C4
:107C4000F8BD00F059FAA0420FD221463846FDF7A0
:107C500087FB05460028F2D031462246FDF7F0FAB0
:107C600031463846FDF72CFBE9E73546E7E72DE9D5
:107C7000F0478E689E4282460C4690461F4638D892
:107C80008A8912F4906F32D025680969A5EB010941
:107C9000656905EB450505EBD57501334B446D1062
:107CA0009D4238BF1D46530531D52946FDF758FB87
:107CB000064650B90C23CAF80030A38943F04003AC
:107CC000A3814FF0FF30BDE8F08721694A46FDF7F8
:107CD000B7FAA38923F4906343F08003A38126615C
:107CE00065614E44A5EB09052660A5603E46BE428F
:107CF00000D93E46324620684146FDF7AFFAA368F8
:107D000022689B1B3244A36022600020DBE72A46E6
:107D1000FFF787FF06460028E1D121695046FDF7AD
:107D2000CFFAC7E72DE9F04F98468B891B069DB027
:107D300007460D4614460ED50B6963B94021FDF781
:107D40000FFB2860286120B90C233B604FF0FF3007
:107D5000D1E040236B610023099320238DF8293063
:107D6000CDF80C803023DFF8A8818DF82A304FF051
:107D7000010923469A4613F8012B0AB1252AF9D1A5
:107D8000BAEB040B0BD05B46224629463846FFF778
:107D90006EFF013000F0AA80099A5A4409929AF8BD
:107DA0000030002B00F0A28000234FF0FF32CDE91D
:107DB00005230AF1010A049307938DF853301A93AF
:107DC0005446052214F8011B5148FFF7C1FB049AE1
:107DD000D8B9D00644BF20238DF85330110744BFD3
:107DE0002B238DF853309AF800302A2B15D0079AA0
:107DF000544600204FF00A0C214611F8013B303B5D
:107E0000092B4ED9B0B1079214E0A0EB080309FA90
:107E100003F313430493A246D2E7039B191D1B6887
:107E20000391002BBBBF5B4242F002020793079312
:107E3000B8BF049223782E2B0CD163782A2B35D12E
:107E4000039B1A1D1B680392002BB8BF4FF0FF3332
:107E500002340593DFF8C8A0217803225046FFF7CB
:107E600077FB40B14023A0EB0A0003FA00F0049B2B
:107E700003430134049314F8011B26488DF828109D
:107E80000622FFF765FB002838D0234B1BBB039B62
:107E9000073323F0070308330393099B3344099303
:107EA00067E70CFB02320C460120A5E700230134F2
:107EB000059319464FF00A0C204610F8012B303A72
:107EC000092A03D9002BC5D00591C3E70CFB01217A
:107ED00004460123F0E703AB00932A460F4B04A9A5
:107EE0003846FDF791FC421C0646D6D1AB895B06AD
:107EF0003FF52CAF09981DB0BDE8F08F03AB0093A0
:107F00002A46064B04A93846FDF722FFEBE700BFDF
:107F1000188F0300228F0300095803006F7C0300B1
:107F20001E8F03001F2938B504460D4604D91623B9
:107F300003604FF0FF3038BD426C12B152F821306F
:107F40004BB9204600F030F82A4601462046BDE8ED
:107F5000384000F017B8012B0AD0591C03D1162362
:107F600003600120E7E7002442F8254028469847AF
:107F70000020E0E7024B01461868FFF7D3BF00BFBF
:107F80006436002038B5074D0023044608461146E4
:107F90002B6000F0C3FB431C02D12B6803B12360AC
:107FA00038BD00BF4C5B002000F0A8BB10B50C46EC
:107FB000B1F90E1000F0A8F80028ABBF636DA389DB
:107FC0001B1823F48053ACBF6365A38110BD2DE95A
:107FD000F0411F468B89DB0505460C46164605D544
:107FE000B1F90E100223002200F074F8A389B4F94D
:107FF0000E1023F48053A38132463B462846BDE849
:10800000F04100F023B810B50C46B1F90E1000F0A5
:1080100061F8431CA38915BF606523F4805343F4C2
:108020008053A38118BFA38110BDB1F90E1000F0D9
:108030001FB849B1FF2A85BF8A2303600A704FF039
:10804000FF3098BF012070470846704738B5074D8C
:1080500004460846114600222A601A46FBF78CFDAA
:10806000431C02D12B6803B1236038BD4C5B002058
:1080700038B5064D0023044608462B6000F02EFB61
:10808000431C02D12B6803B1236038BD4C5B002038
:1080900038B5074D00230446084611462B6000F012
:1080A00025FB431C02D12B6803B1236038BD00BF00
:1080B0004C5B002038B5064D0023044608462B6073
:1080C00000F024FB431C02D12B6803B1236038BDB0
:1080D0004C5B002038B5074D044608461146002287
:1080E0002A601A4600F022FB431C02D12B6803B120
:1080F000236038BD4C5B002051F8043C181F002B56
:10810000BCBF0B58C018704738B5074D0446084629
:10811000114600222A601A4600F010FB431C02D1CF
:108120002B6803B1236038BD4C5B002070B54FF065
:10813000FF0C4CF4E06C1CEA11541DBF1CEA1355F3
:1081400094EA0C0F95EA0C0F00F0DEF82C4481EA5B
:10815000030621EA4C5123EA4C5350EA013518BF7B
:1081600052EA033541F4801143F4801338D0A0FB68
:1081700002CE4FF00005E1FB02E506F00042E0FB15
:1081800003E54FF00006E1FB03569CF0000F18BF1B
:108190004EF0010EA4F1FF04B6F5007F64F54074C3
:1081A00004D25FEA4E0E6D4146EB060642EAC62156
:1081B00041EA55514FEAC52040EA5E504FEACE2EC3
:1081C000B4F1FD0C88BFBCF5E06F1ED8BEF1004FC6
:1081D00008BF5FEA500E50F1000041EB045170BD42
:1081E00006F0004646EA010140EA020081EA030186
:1081F000B4EB5C04C2BFD4EB0C0541EA045170BD82
:1082000041F480114FF0000E013C00F3AB8014F1FB
:10821000360FDEBF002001F0004170BDC4F1000444
:10822000203C35DA0C341BDC04F11404C4F12005C5
:1082300000FA05F320FA04F001FA05F240EA020020
:1082400001F0004221F0004110EBD37021FA04F656
:1082500042EB06015EEA430E08BF20EAD37070BD10
:10826000C4F10C04C4F1200500FA04F320FA05F06F
:1082700001FA04F240EA020001F0004110EBD37071
:1082800041F100015EEA430E08BF20EAD37070BDE1
:10829000C4F1200500FA05F24EEA020E20FA04F3BA
:1082A00001FA05F243EA020321FA04F001F0004169
:1082B00021FA04F220EA020000EBD3705EEA430EDA
:1082C00008BF20EAD37070BD94F0000F0FD101F009
:1082D0000046400041EB010111F4801F08BF013C42
:1082E000F7D041EA060195F0000F18BF704703F080
:1082F0000046520043EB030313F4801F08BF013D07
:10830000F7D043EA0603704794EA0C0F0CEA1355C2
:1083100018BF95EA0C0F0CD050EA410618BF52EA7C
:108320004306D1D181EA030101F000414FF0000082
:1083300070BD50EA410606BF1046194652EA430690
:1083400019D094EA0C0F02D150EA013613D195EA04
:108350000C0F05D152EA03361CBF104619460AD14C
:1083600081EA030101F0004141F0FE4141F4700156
:108370004FF0000070BD41F0FE4141F4780170BD46
:1083800070B54FF0FF0C4CF4E06C1CEA11541DBFAB
:108390001CEA135594EA0C0F95EA0C0F00F0A7F8AD
:1083A000A4EB050481EA030E52EA03354FEA0131DA
:1083B00000F088804FEA03334FF0805545EA1313ED
:1083C00043EA12634FEA022245EA111545EA1065B5
:1083D0004FEA00260EF000419D4208BF964244F14C
:1083E000FD0404F5407402D25B084FEA3202B61A6B
:1083F00065EB03055B084FEA32024FF480104FF43F
:10840000002CB6EB020E75EB030E22BFB61A7546B2
:1084100040EA0C005B084FEA3202B6EB020E75EB45
:10842000030E22BFB61A754640EA5C005B084FEAAD
:108430003202B6EB020E75EB030E22BFB61A75467A
:1084400040EA9C005B084FEA3202B6EB020E75EB85
:10845000030E22BFB61A754640EADC0055EA060E46
:1084600018D04FEA051545EA16754FEA06164FEA89
:10847000C30343EA52734FEAC2025FEA1C1CC0D135
:1084800011F4801F0BD141EA00014FF000004FF0C2
:10849000004CB6E711F4801F04BF01430020B4F183
:1084A000FD0C88BFBCF5E06F3FF6AFAEB5EB030C3B
:1084B00004BFB6EB020C5FEA500C50F1000041EB38
:1084C000045170BD0EF0004E4EEA113114EB5C0405
:1084D000C2BFD4EB0C0541EA045170BD41F48011D8
:1084E0004FF0000E013C90E645EA060E8DE60CEAE0
:1084F000135594EA0C0F08BF95EA0C0F3FF43BAFFD
:1085000094EA0C0F0AD150EA01347FF434AF95EAB3
:108510000C0F7FF425AF104619462CE795EA0C0F97
:1085200006D152EA03353FF4FDAE1046194622E764
:1085300050EA410618BF52EA43067FF4C5AE50EA3E
:1085400041047FF40DAF52EA43057FF4EBAE12E72E
:108550004FF0FF3C06E000BF4FF0010C02E000BF0F
:108560004FF0010C4DF804CD4FEA410C7FEA6C5CF2
:108570004FEA430C18BF7FEA6C5C1BD001B050EA95
:10858000410C0CBF52EA430C91EA030F02BF90EA80
:10859000020F0020704710F1000F91EA030F58BF3F
:1085A000994208BF90422CBFD8176FEAE37040F0A1
:1085B000010070474FEA410C7FEA6C5C02D150EA3F
:1085C000013C07D14FEA430C7FEA6C5CD6D152EAFA
:1085D000033CD3D05DF8040B704700BF84461046BF
:1085E00062468C461946634600E000BF01B5FFF7BE
:1085F000B7FF002848BF10F1000F01BD4DF808ED8E
:10860000FFF7F4FF0CBF012000205DF808FB00BF5E
:108610004DF808EDFFF7EAFF34BF012000205DF8B8
:1086200008FB00BF4DF808EDFFF7E0FF94BF012005
:1086300000205DF808FB00BF4DF808EDFFF7CEFF06
:1086400094BF012000205DF808FB00BF4DF808ED45
:10865000FFF7C4FF34BF012000205DF808FB00BF16
:108660004FEA410C7FEA6C5C02D150EA013C0AD12E
:108670004FEA430C7FEA6C5C02D152EA033C02D120
:108680004FF0000070474FF0010070474FEA410281
:1086900012F5001215D211D56FF47873B3EB625254
:1086A00012D94FEAC12343F0004343EA505311F07B
:1086B000004F23FA02F018BF404270474FF000000D
:1086C000704750EA013005D111F0004008BF6FF04B
:1086D000004070474FF00000704700BF024B582227
:1086E0001A604FF0FF3070474C5B0020024B58225D
:1086F0001A604FF0FF3070474C5B0020024B58224D
:108700001A604FF0FF3070474C5B0020024B58223C
:108710001A600020704700BF4C5B0020024B5822BB
:108720001A604FF0FF3070474C5B0020024B58221C
:108730001A604FF0FF3070474C5B0020024B58220C
:108740001A604FF0FF3070474C5B0020FEE700BF1F
:10875000F8B500BFF8BC08BC9E467047F8B500BF2E
:10876000F8BC08BC9E467047436F6E6E65637465C7
:108770006420746F200000002C00000041646166DA
:108780007275697420496E64757374726965733AA1
:108790002900000046656120426C75656672756946
:1087A0007420203A3D290000110000000000000064
:1087B00000000000217102003971020055710200B1
:1087C000517302000000000000000000597B02000D
:1087D0007D7B0200100018000000C80000000000AF
:1087E00000000000E9880200E9880200ED8802002C
:1087F0000000000000000000000000006589020089
:10880000698902005075626C696300005374617479
:108810006963000050726976617465205265736FF8
:108820006C7661626C6500005072697661746520D7
:108830004E6F6E205265736F6C7661626C650000DE
:1088400046656174686572206E524635323833323F
:1088500000000000424C4500534F430004880300D1
:108860000C88030014880300288803000100000717
:1088700011000000D8ECF0F4F8FC00030400000044
:108880000000000000000000E9880200E988020002
:108890004594020023D1BCEA5F782315DEEF121263
:1088A0003015000023D1BCEA5F782315DEEF1212E9
:1088B0003215000023D1BCEA5F782315DEEF1212D7
:1088C0003115000023D1BCEA5F782315DEEF1212C8
:1088D000341500000000000000000000E9880200DC
:1088E000E988020079960200312E362E3100000010
:1088F000416461667275697420496E64757374723F
:10890000696573000000000000000000E9880200B3
:10891000E9880200CD9702005458440052584400A0
:108920009ECADC240EE5A9E093F3A3B50200406ED5
:108930009ECADC240EE5A9E093F3A3B50300406EC4
:108940009ECADC240EE5A9E093F3A3B50100406EB6
:108950000000000000000000E9880200E988020031
:1089600029A10200A1A00200E1A002004D9902008D
:10897000FD980200199E0200019D0200059C020064
:108980001D9F0200AD9802000D990200319902006E
:10899000E8FFFFFF00000000019B0200ED990200CC
:1089A000E993020039990200AD9902008999020009
:1089B000459902002F61646166727569742F626F58
:1089C0006E645F70727068002F61646166727569B1
:1089D000742F626F6E645F636E7472002F616461E6
:1089E00066727569742F626F6E645F707270682F43
:1089F00025303258253032582530325825303258FB
:108A00002530325825303258000000002F61646153
:108A100066727569742F626F6E645F636E74722F15
:108A200025303258253032582530325825303258CA
:108A30002530325825303258000000002530325899
:108A40003A253032583A253032583A253032583AA1
:108A5000253032583A25303258000000000000001E
:108A60000000000019A9020015A9020009A90200CE
:108A700009A902000DA902000DA9020005A9020022
:108A800001A90200F0FFFFFF0000000021A9020081
:108A9000000000000000000051A9020055A90200DA
:108AA0002E0000002E2E00002F000000000000000D
:108AB00000000000DDAC020059AB0200E9930200A7
:108AC00009AC020081AC020099AB02004DAC02007F
:108AD000626C6F636B203C206C66732D3E6366672F
:108AE0002D3E626C6F636B5F636F756E7400000088
:108AF000433A5C55736572735C63656F6D315C41BD
:108B00007070446174615C4C6F63616C5C41726451
:108B100075696E6F31355C7061636B616765735C3D
:108B200061646166727569745C68617264776172B0
:108B3000655C6E726635325C312E362E315C6C6946
:108B4000627261726965735C4164616672756974B1
:108B50005F4C6974746C6546535C7372635C6C69DA
:108B600074746C6566735C6C66732E630000000041
:108B700068656164203E3D203220262620686561BC
:108B800064203C3D206C66732D3E6366672D3E621B
:108B90006C6F636B5F636F756E740000706361630D
:108BA00068652D3E626C6F636B203D3D20307866BA
:108BB00066666666666666006E626C6F636B203E14
:108BC0003D2032202626206E626C6F636B203C3D78
:108BD000206C66732D3E6366672D3E626C6F636B1F
:108BE0005F636F756E740000656E7472792E642E0B
:108BF00074797065203D3D204C46535F5459504573
:108C00005F52454700000000726573006C66732D6B
:108C10003E6366672D3E6C6F6F6B616865616420B3
:108C200025203332203D3D20300000006C66732D3E
:108C30003E6366672D3E6C6F6F6B61686561642093
:108C40003E2030006C66732D3E6366672D3E707269
:108C50006F675F73697A652025206C66732D3E63AC
:108C600066672D3E726561645F73697A65203D3D7C
:108C7000203000006C66732D3E6366672D3E626C8B
:108C80006F636B5F73697A652025206C66732D3E78
:108C90006366672D3E70726F675F73697A65203D0A
:108CA0003D203000342A6C66735F6E707732283056
:108CB000786666666666666666202F20286C667330
:108CC0002D3E6366672D3E626C6F636B5F73697ADE
:108CD000652D322A342929203C3D206C66732D3EB7
:108CE0006366672D3E626C6F636B5F73697A6500C4
:108CF0006C6974746C656673000000006C66735F69
:108D000063616368655F7265616400006C66735FD0
:108D100063616368655F70726F6700006C66735FA4
:108D200063747A5F66696E64000000006C66735F4E
:108D300063747A5F657874656E6400006C66735F57
:108D400066696C655F73796E630000006C66735FC3
:108D500072656D6F766500006C66735F696E69742D
:108D600000000000000000006410B71DC8206E3B2A
:108D7000AC30D9269041DC76F4516B6B5861B24D22
:108D80003C7105502083B8ED44930FF0E8A3D6D68C
:108D90008CB361CBB0C2649BD4D2D38678E20AA0F4
:108DA0001CF2BDBD0000000000000000D103030064
:108DB000E50303000D0A00000000000000000000B1
:108DC000150A03005D0A0300D5090300BD0903006D
:108DD000CD090300C5090300E9090300B10A030036
:108DE000B10C03002909030021090300252525648E
:108DF0002E25646600000000546D725100000000D2
:108E0000546D7220537663006C6F6F700000000029
:108E100000000101000000010100000043616C6CD2
:108E20006261636B000000000000000000000000B1
:108E3000D5410300F541030073256C7520256C7541
:108E40002E256C752E256C75000000002530386CC1
:108E5000582530386C580000000000000100000068
:108E600002000000030000000400000005000000F4
:108E700006000000070000000800000009000000D4
:108E80000A0000000B0000000C0000000D000000B4
:108E90000E0000000F000000100000001100000094
:108EA0001200000013000000140000001500000074
:108EB0001600000017000000180000001900000054
:108EC0001A0000001B0000001C0000001D00000034
:108ED0001E0000001F0000002C2066756E63746980
:108EE0006F6E3A2000617373657274696F6E202231
:108EF000257322206661696C65643A2066696C6539
:108F000020222573222C206C696E65202564257330
:108F100025730A0068360020232D302B2000686C52
:108F20004C0065666745464700494E4600696E66D7
:108F3000004E414E006E616E0030003031323334ED
:108F400035363738394142434445460030313233B3
:108F50003435363738396162636465660000202035
:108F600020202020202020282828282820202020D9
:108F70002020202020202020202020202020881099
:108F800010101010101010101010101010100404F9
:108F90000404040404040404101010101010104100
:108FA0004141414141010101010101010101010171
:108FB0000101010101010101011010101010104206
:108FC0004242424242020202020202020202020241
:108FD000020202020202020202101010102000001F
:108FE0000000000000000000000000000000000081
:108FF0000000000000000000000000000000000071
:109000000000000000000000000000000000000060
:109010000000000000000000000000000000000050
:109020000000000000000000000000000000000040
:109030000000000000000000000000000000000030
:109040000000000000000000000000000000000020
:109050000000000000000000000000000000496E59
:1090600066696E697479004E614E00000000000070
:1090700000000000000000000000000000000000F0
:1090800000000000000000000000000000000000E0
:1090900000000000000000000000000000000000D0
:1090A00000000000000000000000000000000000C0
:1090B00000000000000000000000000000000000B0
:1090C0000000000000000000000000004300504FBE
:1090D000534958002E0000000080E03779C3414317
:1090E000176E05B5B5B89346F5F93FE9034F384D0E
:1090F000321D30F94877825A3CBF737FDD4F1575BA
:10910000000000000000F03F0000000000002440CC
:1091100000000000000059400000000000408F40A7
:10912000000000000088C34000000000006AF84012
:109130000000000080842E4100000000D012634136
:109140000000000084D797410000000065CDCD41AC
:10915000000000205FA00242000000E8764837428D
:10916000000000A2941A6D42000040E59C30A2422B
:109170000000901EC4BCD64200003426F56B0C43A0
:109180000080E03779C3414300A0D8855734764347
:1091900000C84E676DC1AB43003D9160E458E143A8
:1091A000408CB5781DAF154450EFE2D6E41A4B441D
:1091B00092D54D06CFF08044F64AE1C7022DB54462
:1091C000B49DD9794378EA440500000019000000F5
:0891D0007D000000000000001A
:0891D80078D0FE7F01000000C9
:1091E000000000000A000000000000005504030019
:1091F000390403000D040300010403008000000093
:109200008000000080000000E000000080000000FE
:10921000000000000000000000000000000000004E
:10922000BD0603005D06030051060300410603006E
:10923000FFFFFFFF48400020505B00200090D0035C
:109240000A00000068360020000000008C90030037
:10925000AC9003006C9003000000000000000000D0
:1092600000000000000000000000000000000000FE
:1092700000000000000000000000000000000000EE
:1092800000000000000000000000000000000000DE
:1092900000000000000000000000000000000000CE
:1092A000000000000000000043000000000000007B
:1092B00000000000000000000000000000000000AE
:1092C000000000000000000043000000000000005B
:1092D000000000000000000000000000000000008E
:1092E000000000000000000043000000000000003B
:1092F000000000000000000000000000000000006E
:10930000000000000000000043000000000000001A
:10931000000000000000000000000000000000004D
:1093200000000000000000004300000000000000FA
:10933000000000000000000000000000000000002D
:1093400000000000000000004300000000000000DA
:10935000000000000000000000000000000000000D
:1093600000000000000000004300000000000000BA
:1093700000000000000000000000000000000000ED
:10938000000000000000000033800300257503008A
:10939000000000005D8F0300D4900300138F0300D2
:1093A000138F0300138F0300138F0300138F030029
:1093B000138F0300138F0300138F0300138F030019
:1093C000FFFFFFFFFFFFFFFFFFFFFFFFFFFF0000AB
:1093D0000100415343494900000000000000000023
:1093E000000000000000000000000000000000007D
:1093F0000000415343494900000000000000000004
:10940000000000000000000000000000000000005C
:10941000000000000162020035620200B567020030
:10942000DD93020025A90200AD040300090F03002B
:0494300011620200C3
:0400000330003A751A
:00000001FF
