:020000022000DC
:10600000000001204137030081370300833703007C
:10601000853703008737030089370300000000003D
:106020000000000000000000000000003136030006
:106030008D37030000000000513603009137030044
:106040009337030093370300110E030093370300C7
:10605000933703009337030093370300933703000C
:1060600093370300933703009337030093370300FC
:1060700093370300933703009337030093370300EC
:1060800093370300893303009337030093370300EA
:10609000933703009337030099920200933703006C
:1060A00093370300933703009337030093370300BC
:1060B0009337030093370300000000000000000046
:1060C000933703009337030093370300933703009C
:1060D0009337030093370300933703000000000059
:1060E00000000000000000000000000000000000B0
:1060F00000000000000000000000000000000000A0
:10610000000000000000000000000000000000008F
:10611000000000000000000000000000000000007F
:10612000000000000000000000000000000000006F
:10613000000000000000000000000000000000005F
:10614000000000000000000000000000000000004F
:10615000000000000000000000000000000000003F
:10616000000000000000000000000000000000002F
:10617000000000000000000000000000000000001F
:10618000000000000000000000000000000000000F
:1061900000000000000000000000000000000000FF
:1061A00000000000000000000000000000000000EF
:1061B00000000000000000000000000000000000DF
:1061C00000000000000000000000000000000000CF
:1061D00000000000000000000000000000000000BF
:1061E00000000000000000000000000000000000AF
:1061F000000000000000000000000000000000009F
:10620000F1EE103A43F08073E1EE103A704700BFB0
:1062100010B5054C237833B9044B13B10448AFF3E0
:1062200000800123237010BD5838002000000000BA
:10623000948E030008B5034B1BB103490348AFF329
:10624000008008BD000000005C380020948E030030
:10625000154B002B08BF134B9D46A3F5803A002138
:106260008B460F461348144A121A0EF077FE0F4B56
:10627000002B00D098470E4B002B00D098470020F1
:10628000002104000D000D48002802D00C48AFF397
:1062900000800EF0F9FD200029000DF0A5FA0EF0A7
:1062A000CDFD00BF0000080000000120000000003C
:1062B0000000000058380020AC5D00200000000005
:1062C0000000000010B5014688B00F4C0F4802F0E6
:1062D000DBFF002320226946CDE90033CDE90333FB
:1062E000CDE905330293079301F06AFD0849204682
:1062F0000AF042FA694620460AF06CFA01210A20A7
:106300000EF0D6F808B010BDA85200200C3E0020B8
:106310003884030000210A200EF0CAB838B52D4C8D
:106320002D4D2DED028B211D7C222046B0EE408AA2
:106330000EF0FAFD291D7C2228460EF0F5FD2749B6
:106340007C22081F0EF0F0FD25497C22081F0EF06C
:10635000EBFD24497C22081F0EF0E6FD22497C2239
:10636000081F0EF0E1FD214B84ED1F8A1B680F2BE7
:10637000F1EE487A25DD9FED1E7A94ED0F6AD5ED9A
:106380001E6AE6EE077A1F2BE6EEC77A03DD94ED70
:10639000007A77EE877A174B93ED007AF0EEE76A92
:1063A000F4EEC76AF1EE10FAD8BFC7EE876ABDEC0B
:1063B000028BC4BFF7EE006AC3ED007AC5ED1F6A19
:1063C00038BD002BE7DDD5ED1E6A9FED097AE6EEBC
:1063D000C77AE0E7B83B0020383C0020C43C0020EE
:1063E0003C3B0020BC3A0020543D00204C3D0020A6
:1063F00000000042B83C0020184B194A1B68002BD3
:1064000018DD92ED1E7AF0EE007A012BA7EE270A36
:1064100010D092ED1D7A052B30EE470A0ADD1149A6
:1064200091ED197AA7EE670A0B2BC4BFD1ED137A51
:1064300030EE270A0C4BD3ED007AB0EEC07AB4EE02
:10644000E77AF1EE10FAC4BFF0EE477A83ED007AF6
:1064500080EE277A82ED1F7A704700BF4C3D002006
:10646000C03C0020B83B0020403D00200000000060
:1064700070B5FFF753FF504B93ED1F0AFFF7BCFFBA
:106480004E4B93ED1F7AD3ED1E7A77EE677A17EEB7
:10649000900A0EF063FA4A4B002211F0AFFC0EF0A6
:1064A000B5FA07EE100A474A474BDFED487AD8673E
:1064B00027EE077A134682ED1F7A7C32B3EC017A1D
:1064C0009A4277EE877AF9D141499FED427A424D5F
:1064D0000B6842482A7867EE877A01330B60C0ED7B
:1064E0001F7A2AB13E490B680133632B0B601EDC17
:1064F0003C4C3D4B94ED007AD3ED007A3B4EF4EEEC
:10650000C77A96ED007AF1EE10FAF4EEC77AC8BFBA
:10651000C4ED007AF1EE10FA01DD002A40D0344DCE
:106520002B685A1CF92B2A6005DC002070BD002264
:106530002A700A60DCE72F4900200AF0B5FC07EE5C
:10654000900A9FED2D7AF8EEE77A67EE877A17EEDC
:10655000900A0EF003FA14A3D3E9002311F04EFCC5
:1065600013A3D3E900230EF09BF80EF04FFA07EEC9
:10657000100AF7EE007AD6ED005AD4ED006A9FEDCE
:106580001F6A1F4B236077EEC77A66EE866A67EE56
:10659000A57A0020E7EE267A2860C6ED007A70BD65
:1065A0000120287070BD00BF0BD7A3703D0AB73F14
:1065B0009A9999999999B93F383C0020C03C00209C
:1065C00000407F40B83A0020383B00200000000027
:1065D0004C3D00200000003DE43D0020503D0020E7
:1065E000E03D0020F03D0020483D0020DC3D002043
:1065F000EC3D002000E1F50577CC2B32CDCCCC3E34
:10660000809618CB30B5044685B01D200DF066FF8E
:10661000012804D01E200DF061FF01281CD1114D6E
:1066200000210A2201A829600AF080FC01A90E4875
:106630000AF0DEFC01A80AF0ADFC95ED000AB8EE08
:10664000C00AFFF715FF094B0749187020460AF0EA
:1066500053FC204605B030BD1F200DF063FE014DF8
:106660000146DEE7E83D0020AC3A002080380020FB
:106670002DE9F843254EDFF8C080254C254D264FE7
:10668000DFF8B890314640460AF01CFC2246294605
:1066900040460EF09BFB314638460AF013FC22467A
:1066A000294638460EF092FBDFF894801B4F3146A6
:1066B00048460AF007FC2246294648460EF086FB6B
:1066C000404602F05DFF22461549164E164D4046E3
:1066D0000EF07CFB384602F0EDFF224613493846A7
:1066E0000EF074FB30464FF4807103F039FC224603
:1066F0000F4930460EF06AFB284602F029FE22467A
:1067000028460C49BDE8F8430EF060BB1C85030029
:1067100000360020950F0300AC3A002064390020B9
:1067200001690200AC39002084380020E9680200C9
:10673000F59F0200C1680200A03A002074380020D2
:10674000F4380020F8B52D4C2D4D2E4E2E4F2046FE
:10675000012102F057FD2046042102F061FB0022D6
:106760002046012102F08CFB2046042102F00EFDA0
:106770002046264901F070FD2549204601F06EFDB6
:10678000244802F023FF28462349152202F08EFFF9
:1067900012222249284602F085FF284602F0C0FF57
:1067A000304603F06BFC384604F5227502F0F4FD28
:1067B0003846642102F0C4FD0621284600F058FA4C
:1067C000284600F03DFA3146284600F0F5F904F578
:1067D000337000F007FA2846012100F07DFA2846C0
:1067E000F422202100F074FA28461E2100F06EFAEF
:1067F00028460021BDE8F84000F0DABA0C3E00203F
:1068000064390020AC39002084380020C5620200C1
:1068100015630200F43800204884030060840300FC
:1068200008B525484FF4E1310AF0ECF800211D20AD
:106830000DF0A6FD00211E200DF0A2FD01211C205F
:106840000DF09EFD01211C200DF032FE01211B20C8
:106850000DF096FD01211B200DF02AFE01210A20DA
:106860000DF08EFD01210B200DF08AFD4FF47A70A2
:106870000AF024FC01210A200DF01AFE4FF4FA6000
:106880000AF01CFC00210A200DF012FE4FF47A7071
:106890000AF014FC01210A200DF00AFE4FF47A7070
:1068A0000AF00CFC00210A200DF002FEFFF74AFF5F
:1068B000024B01221A6008BDA8520020D43D0020DE
:1068C00010B5074B044640F8183B00F0D3FB2046B8
:1068D000044B40F8083B01F0EFFF204610BD00BF1D
:1068E00054850300B084030010B5044B044640F8FF
:1068F000083B01F0E1FF204610BD00BFB08403005B
:1069000010B5074B044640F8183B00F0B3FB204697
:10691000044B40F8083B01F0CFFF204610BD00BFFC
:10692000A8850300B084030070B5664C2368022B71
:1069300086B005D0032B5DD0012B19D006B070BDF9
:106940006D46614928460AF0BDFA604802F058FFDA
:1069500000285CD15E4928460AF08EFB0646284690
:106960000AF018FB002E79D00123236006B070BD19
:10697000802200215748584E0EF0F0FA8022002164
:1069800056480EF0EBFA8022002155480EF0E6FA48
:106990008022002153480EF0E1FA80220021524863
:1069A0000EF0DCFA514A52495248002313604FF06E
:1069B0007E520A60504932606D46504A03600B6057
:1069C00000264149166028460AF07CFA3F4802F04A
:1069D00017FF002832D14A4928460AF04DFB0646E7
:1069E00028460AF0D7FA16BB3221464802F0A8FC26
:1069F00006B070BD354802F003FF00289ED0334832
:106A000002F04EFF404A01231060236096E72F48B2
:106A100002F046FF0A22014603A80AF087FA03A9FA
:106A200028460AF007FB03A80AF0B4FA92E702230B
:106A300023600AF037FB354B1860D5E7234802F096
:106A40002FFF0A22014603A80AF070FA03A928467C
:106A50000AF0F0FA03A80AF09DFABCE72C4B2D4C83
:106A600018680AF02BFB03A8FFF7CCFD03A92A48FE
:106A70000AF0BEFA03A80AF08DFA234A23681268C6
:106A80000133934223607FF759AF0AF00BFB1F4A93
:106A9000224B1268801A98423FF650AF204D1E4993
:106AA00003A80AF029FA03A928460AF07BFAAA6883
:106AB00029681C4802F044FF03A80AF06BFA26601C
:106AC0003CE700BFD43D00201C850300AC3900200A
:106AD000F4880300383C0020B83C0020C03C002073
:106AE000383B0020B83A0020503D0020DC3D00201B
:106AF000403D0020BC3C0020443D00204C3D002097
:106B0000B88503008438002004360020D83D0020DA
:106B100008360020D03D0020743800209F860100F8
:106B2000A03A0020C439002072DF704773DF70473D
:106B300077DF704738B5054608460C4601F0EAFE97
:106B4000102803D080280ED0012038BDEB7FA2880A
:106B50001B2B0EDCE9180320E85448704A80EB7FB9
:106B60000433EB77F0E7A368002BEDD0E97F0D2924
:106B700001DD002038BD6A181120685407215170CA
:106B800058681C689968DB68C2F80E30C2F80600C5
:106B9000C2F80240C2F80A10EB7F1233EB770120F3
:106BA00038BD00BF10B500210446C1771F220EF08A
:106BB000D5F9204610BD00BF30B5D1E9042485B019
:106BC000CD68074B00936946CDE902240195FFF794
:106BD000B1FF0446684601F06FFE204605B030BDA7
:106BE000C8840300F0B589B00646202213486946E0
:106BF00002F0B8FAF37FC2181D2A0CDDC3F11D04A0
:106C0000E4B2E2181D2A4FF00005D8BF082705DDC1
:106C1000284609B0F0BD044601250927F218601C7A
:106C2000F05469465770901C22460EF06FF9F27FBF
:106C3000023214442846F47709B0F0BD0C3E00201F
:106C400010B50446094802F0D9FAE37F1C2B01DD98
:106C5000002010BDE2180221E1540A239070537005
:106C6000E37F0333E377012010BD00BF0C3E00201B
:106C7000C27F1C2A01DD0020704710B403469C1817
:106C8000022098540120A1706070DA7F0332DA7715
:106C90005DF8044B704700BF10B51F220446002169
:106CA0000EF05CF9064B0749074A23620023E3779D
:106CB000C4E90C12C4E90E33E3622364204610BD1C
:106CC000FF0101002000F40020001E00C186704773
:106CD000018681864286704780F82210704700BF87
:106CE000F0B502EB820389B0154603EB830390F8FD
:106CF00021209B0004460020CDE90410ADF814309B
:106D0000931E0290CDE906000E4603908DF80820F0
:106D1000092B09D8DFE803F0050508080805080570
:106D2000080504F1240303931D4B1A68D20709D404
:106D30001C491D4AC87FE77F908101201460916043
:106D400097801860184902AA04F12000FFF7ECFEB2
:106D500010B1002009B0F0BD94F820101348019143
:106D600002F04CFA019902460120FFF7E1FE0028EB
:106D7000EFD194F820000121FFF7D8FE0028E8D1D8
:106D80000A4802F099FA628FA686AA424FF00100E3
:106D900094BF921A521B628784F8230009B0F0BD99
:106DA000F43D0020D8400020F83D00200C3E00209B
:106DB000F0B5002361F30F03044661F31F4389B06C
:106DC0008363FA212F4802F021FAE58E94F821100E
:106DD000268E049605EB850303EB830300229B00BC
:106DE0000592ADF814308B1E0292CDE90622039273
:106DF0008DF80810092B09D8DFE803F0050508080D
:106E000008050805080504F1240303931E4B1A68BE
:106E1000D20709D41D491E4AC87FE77F908101200F
:106E20001460916097801860194902AA04F120004B
:106E3000FFF77AFE10B1002009B0F0BD94F82010E1
:106E40001048019102F0DAF9019902460120FFF79A
:106E50006FFE0028EFD194F820000121FFF766FEB5
:106E60000028E8D1074802F027FA638FA6869D42E2
:106E70004FF0010094BF5B1BDB1A638784F823008B
:106E800009B0F0BD0C3E0020F43D0020D8400020A9
:106E9000F83D002030B50B888D88112B85B0044655
:106EA00005D0262B33D0102B25D005B030BDC36ABA
:106EB000EB40DB07F9D52E4801F0AEF90028F4D1FC
:106EC000E36A94F82310012202FA05F523EA050388
:106ED000E3620029E9D194F82230002BE5D0238F1A
:106EE00023486387FA2102F091F9E28E218E204631
:106EF000FFF7F6FED9E7CB7B012BD6D1C26A03FAA6
:106F000005F515430023C56280F82330CDE70B7AE1
:106F1000012BCAD1002380F823304FF4FA711448B2
:106F200002F074F9238F5BB1658F95B1236C0BB1BF
:106F30009847658F618E2A462046FFF7D1FEB4E759
:106F4000236C03B19847618E00222046FFF7C8FEEC
:106F5000ABE7074802F0C4F9E26B002AA5D0009520
:106F600003AB2946284603950CF030FF9DE700BF90
:106F70000C3E002075DF704710B44FF010144FF432
:106F800048010022C0E90041C0E902225DF8044B3B
:106F9000704700BF014800F041BF00BF4C410020D6
:106FA000F8B500250D4F2E4601E0142D14D0A9B2DE
:106FB000384602F069F9013504460028F5D000F0A2
:106FC000D1FD0028F1D0204600F0D6FD022804BFF4
:106FD0000136F6B2142DEAD13046F8BD0C3E002041
:106FE00070B58E881B480C4694B0314602F04CF9BF
:106FF00023881A2B05D01F2B1CD0102B0FD014B0B8
:1070000070BD054600F0B0FD0028F8D0284600F01D
:10701000ADFD0028F3D1284600F018FEEFE76946E1
:1070200000F0FCFD0028EAD06A4631460A4801F02B
:1070300059FBE4E754F8080F61686B4603C3304618
:10704000BDF80030ADF802306946FFF793FF14B089
:1070500070BD00BF0C3E00202C3E0020AADF704710
:10706000ABDF7047ACDF7047ADDF7047AEDF704716
:10707000B0DF704710B5044B044640F8043B01F004
:107080001BFC204610BD00BF8084030010B5054BDB
:10709000044640F8043B01F00FFC20460CF0DEFBF8
:1070A000204610BD8084030070B57B4B04461B68EE
:1070B000836196B0043001F03DFC94F82E30A06955
:1070C00013F0320208BF84F82F2013F00C0308BF1E
:1070D00084F830300DF10102694601F0E3FB94F8C9
:1070E0002F209DF8010015070DD09DF8001002F02B
:1070F0000F0301F00F059D424FEA12126DD243EAD1
:10710000021284F82F2094F8303019070BD003F0C6
:107110000F0100F00F058D424FEA131369D241EAC7
:10712000031384F8303094F82E1011F0300340F03F
:1071300096800FAD0F93C5E90133C5E903338DF890
:107140003C10AB610021ADF809109DF80A10206ACF
:107150001493012363F342018DF808208DF80A107F
:1071600008B1037873BB94F8263013B104F12603F9
:10717000129394F831200023D2070893079358BF45
:10718000E38AADF81C3004F1080004F12F01CDE9C9
:10719000050154BF1846E08AADF82000294604F1E5
:1071A0003203E569099505AA0020FFF757FF054658
:1071B00028B994F8253043BB237D002B64D02846A2
:1071C00016B070BD10900EF0FAFD02AB80B2ADF8B3
:1071D0004400ADF846001393C5E74FEA111101D101
:1071E00091428CD30A462B4643EA021284F82F20A0
:1071F00089E74FEA101001D1984290D303462946FF
:1072000041EA031384F830308DE7ADF80D009DF8A6
:107210000E2094F82F600C90012363F3420242F693
:1072200008118DF80E208DF8123004AA0223ADF853
:10723000101003A90D90ADF83030ADF834300A923B
:1072400004F124030B910DF102020AA98DF80C60E0
:107250000E93FFF705FF0028AED00546AFE70F4BB2
:107260008DF805200FAD1B788DF804300220002327
:107270000F938DF80600C5E90133C5E90333AB610F
:107280008DF83C1001AB5DE72146054800F086FF14
:10729000284616B070BD00BF083E0020748403006D
:1072A000943E00202DE9F0410B888E88502B8AB047
:1072B0000C46054609D0512B04D18B79012B19D0EE
:1072C000022B26D00AB0BDE8F081CB88428E9A42CC
:1072D00035D0EA8E9A42F5D16B6D002BF2D095F83D
:1072E0004420648A920700F18A802246294630466B
:1072F0009847E7E7836C002BE4D090F844205207CE
:1073000001F108076CD43A46294630469847A379DC
:10731000D6E7A27B042A46D0062A20D0012AD1D162
:10732000EB6C002BCED095F84420170704F108042D
:1073300000F1A5802246294630469847C2E7076DEE
:10734000002FC6D090F84430D90768D404F1120851
:10735000238A424629463046B847E388B9E7EA6BB4
:10736000002AAFD0002202A93046CDE90222CDE9A1
:107370000422ADF80C208DF80830FFF779FE2C6D53
:1073800054B195F84430D80700F19280B5F84230F6
:10739000EA6B30462946A047E86B09F0B7FE0023A8
:1073A000C5E90F338EE7E86B002878D0B5F84010B8
:1073B000278A628A07EB020C00234FF0020E8C45ED
:1073C000CDE90633CDE908338DF818E039DD40F218
:1073D0000913ADF81C3006A93046FFF749FE71E7E6
:1073E00003211A46009106AB08213846CDE906650F
:1073F00008970CF0EBFC002889D1AB6C83E70320E5
:1074000000211A46009006AB0846CDE906650894AF
:107410000CF0DCFC00287FF455AF6B6D65E7218A2A
:10742000069604F11208042300933A46404606AB40
:10743000CDE9088107950CF0C9FC00288DD12F6D8E
:1074400086E79DF81EC0ADF81C3004F114014CF025
:1074500001033844ADF822208DF81E300991ADF8B3
:1074600020700DF053FD238A618AB5F842200B4449
:107470009BB2934238BF1346A5F84230ABE70321D5
:107480001A46009106AB0E212046CDE90665089408
:107490000CF09CFC00287FF415AFEB6C4AE74FF42E
:1074A000806009F019FE4FF48061C5E90F017FE7A4
:1074B000E86BB5F84210069604230093224606AB0B
:1074C000CDE9075009910CF081FC00287FF464AFEE
:1074D0002C6D5BE72DE9F04F0F464FF6FF718F42A1
:1074E00089B0064615461C4626D0F18A96F82E30FD
:1074F0008C4228BF0C46DB0615D40DF1100B8C42D4
:1075000028BF0C464FF00008718EADF810405A4667
:107510004FF6FF700595ADF81280FFF7A3FD4046CA
:1075200009B0BDE8F08F3948394601F095FE08B141
:10753000F18E31B9F18AE0E7344801F099FE07464F
:10754000D3E7002002230DF1100BADF81200ADF8C7
:1075500010305A460DF10E0338460593FFF784FDAF
:1075600043F2014398424FD000284AD19DF80E8043
:1075700008F00108B8F1000F46D02448394601F060
:1075800083FE8246A0B300F0F9FA033883B2002CE0
:10759000C5D0CDF804804FF00009984605E0BDF84D
:1075A0000E30E41AA4B21D4444B3504600F004FB6C
:1075B000A04503464246594628BF22463846BBB13D
:1075C000ADF80E204FF00102738E8DF812200DF1F0
:1075D0000E02CDE90625CDF813908DF81790ADF881
:1075E0001030FFF743FD0028D9D0504600F0EEFAE6
:1075F0004FF00008404609B0BDE8F08FDDF8048088
:107600008DE700F00108B5E7F18A78E70C3E00202D
:1076100010B5154B044640F8043B01F055F9134AE8
:107620000023127884F8443014200321A384C4F882
:107630002630C4F82A3084F82E30E082C4E90F33B3
:10764000C4E91233C4E9143384F831102375A361FB
:107650002362E36163866363238784F82F2084F8C1
:107660003020204610BD00BF8084030074840300D6
:1076700070B44E68164A86600260D1E90262154B0A
:10768000154D1C7845600261142500220321C0E9D4
:107690000F22C0E91222C0E91422C660C58280F818
:1076A000311080F844200275826102628284C0F841
:1076B0002620C0F82A2080F82E20C261428642632C
:1076C000028780F82F4080F8304070BC704700BFC0
:1076D0008084030074840300C884030010B4D1E9DB
:1076E0000142CB680361C0E902425DF8044B704778
:1076F0008069704701230375704700BF80F82E1022
:10770000704700BFC182704741B190F83130C182EB
:10771000002262F3000380F83130704790F8313076
:10772000012262F3000380F83130704780F82F1097
:1077300080F83020704700BF90F84430016562F354
:10774000000380F84430704710B490F8443090F84B
:107750003140C164003918BF012161F3041462F3A0
:10776000C30380F8314080F844305DF8044B704723
:107770000162704751F8322F0260496841607047DA
:1077800030B5C48A83B0944223460D4628BF1346C1
:10779000418E019500246A464FF6FF70ADF8003027
:1077A000ADF80240FFF75EFC18B9BDF8000003B069
:1077B00030BD204603B030BD30B5C38A85B00A461F
:1077C000012B28BF0123418E8DF8072000240DF1E5
:1077D000070502AA4FF6FF70ADF80830ADF80A4071
:1077E0000395FFF73FFC18B9BDF8080005B030BDA0
:1077F000204605B030BD00BF30B5C38A85B00A460B
:10780000022B28BF0223418EADF8062000240DF183
:10781000060502AA4FF6FF70ADF80830ADF80A4031
:107820000395FFF71FFC18B9BDF8080005B030BD7F
:10783000204605B030BD00BF90F82E3013F0100385
:1078400001D11846704730B5044685B011480D4641
:1078500001F002FD10B1E18E11B9084605B030BD4E
:107860000DF1060328460024022502AA0393ADF871
:107870000A40ADF80850FFF7F7FB43F20143984286
:1078800006D008B99DF8060000F0010005B030BD33
:107890002046E3E70C3E002010B490F82E4014F090
:1078A000100403D05DF8044BFFF714BE20465DF8CA
:1078B000044B7047A1DF7047A3DF7047A4DF704718
:1078C00000238383704700BF006A00F0E3B800BF65
:1078D000808B70472DE9F0410B88CE88382B86B01D
:1078E0000C46054606D0392B66D0362B43D006B061
:1078F000BDE8F08100F12407002E36D10A8A38460F
:10790000314602F07FFC94F80C80B8F1010F2CD0C6
:10791000B8F1040FEBD1286A00F0BCF801465C48CE
:1079200001F0B2FC00F02AF92A8E053883B29342A6
:1079300028BF1346002B00F09A80218AE289286A2A
:10794000AC8B8DF80D600A44E96A05918DF80C80C6
:10795000ADF81230ADF81020ADF80E4000F09AF8F6
:1079600003A9FFF7A9FF0028C1D0384602F062FC46
:1079700006B0BDE8F081006A00F08CF8014644488A
:1079800001F082FC00F0FAF807466EBB05F1240610
:10799000E289304604F1100102F034FC2B8E2BB149
:1079A000F81EE38980B20138834255DA304602F08E
:1079B00041FC06B0BDE8F0810B7B012B1AD0022BF5
:1079C00095D1836B002B92D090F83C208F88920742
:1079D0001FD401F11006E289314628469847618993
:1079E0003846FFF76BFF82E705F12407384602F0BF
:1079F00021FCBDE7436B002B3FF479AF90F83C20AE
:107A0000D10717D404F11006E28931462846984779
:107A10006DE7C989039004F1100603201A4600900F
:107A200003AB3046CDE904610CF0D0F90028D6D183
:107A3000AB6BD0E7E189039004F1100603201A46EE
:107A4000009003AB3046CDE904610CF0BFF900288B
:107A50007FF44DAF6B6BD7E7286A00F01BF86A8E96
:107A6000A98B92B2FFF726FF00289FD13FE7AA8B90
:107A7000286AADF80E2040F20511ADF80C10CDE9E2
:107A8000043300F007F803A9FFF716FF6DE700BF06
:107A90000C3E00208088704776DF70478FDF70478C
:107AA00090DF7047B1DF7047B5DF704710B5074B07
:107AB00003600446806A0AF0D5F9E06A0AF0D2F958
:107AC000206B08B10AF0CEF9204610BD988403005F
:107AD00010B5094B03600446806A0AF0C3F9E06AF6
:107AE0000AF0C0F9206B08B10AF0BCF920460BF08F
:107AF000B5FE204610BD00BF9884030070B5044653
:107B00000D4692E80300A5800E0CA061A183144DE0
:107B1000A67717201B2156892560E0809589D0899A
:107B2000E181D1796581012222752274A08161747D
:107B30001846194626819DF8105009F0B1FB2946D8
:107B4000A062284609F0ACFB4FF4885100234FF6A1
:107B5000FF72E182E062628223636375204670BD3A
:107B600098840300007D7047407D7047C07D1138C8
:107B700018BF0120704700BF407C7047C088704725
:107B8000008970474B7D10B44BB11F310C688A8857
:107B90008B79046082805DF8044B837170471831E3
:107BA000F4E700BF08B513218088FFF775FFB0FA2E
:107BB00080F0400908BD00BF08B56621806A09F061
:107BC000C9FF003818BF012008BD00BF08B5002359
:107BD0001A461946806A09F095FB003818BF012043
:107BE00008BD00BF818800F11F02407C02F068BB25
:107BF00038B50A4605460C468188407C02F04CFBAD
:107C00002146012051F8483FC5F81F308B888A79FA
:107C100085F82520A5F82330687538BD38B50A46A3
:107C200004460D4600F11801407C02F07FFB6075B0
:107C300050B1294651F8483FC4F81F308B888A79E3
:107C400084F82520A4F8233038BD00BF10B5447D4A
:107C500024B100F11F01407C02F046FB204610BD1C
:107C600070B50B88113B82B00C460546462B2BD8CD
:107C7000DFE803F0383B2A2A2A2A2A2A2A422A2A1B
:107C80002A2A2A2A50585E642A2A2A2A2A2A2A2A92
:107C90002A2A2A2A2A2A2A2A2A2A2A2A2A672A949D
:107CA0002A2A2A2A2A2A2A2A2A2A2A2A2A2A2A2A34
:107CB0002A2A2A2A2A246A2A752C84000023A888C2
:107CC0001A461946FFF7EEFE02B070BD8B79002B05
:107CD000FAD1006BAB750028F6D01A46194609F0A8
:107CE00011FBF1E700230375EEE74B8903818B89D4
:107CF0004381CB898381E7E70B7AC375112BE3D0EE
:107D0000818800F11F02407C02F0C8FB0346002876
:107D1000DAD1D4E7002301A98088ADF80430FFF759
:107D2000BDFED1E70B7A002BCED14B7A0374CBE7A3
:107D3000002211468088FFF7B3FEC5E70B89C38197
:107D4000C2E74B89C380BFE7006B0123AB750028F6
:107D5000BAD000231A46194609F0D4FAB4E7417C98
:107D6000164801F089FAE3880146994228BF19466E
:107D700089B2A888E980FFF797FEA5E78B79002BE9
:107D8000A2D0002600231A461946A86A09F0BAFABA
:107D90000136A279F3B29A42F4D895E78B7A002B98
:107DA00092D0002600231A461946E86A09F0AAFA7A
:107DB0000136A27AF3B29A42F4D885E70C3E00204D
:107DC00070B58AB086880B4606A84FF42851144631
:107DD00005934FF6FF7500F081FD0120CDE9010507
:107DE000059B0094314606AA044800F073F8044647
:107DF00006A800F061FD20460AB070BD943E002048
:107E000010B50446043002F099F9034B23600023B7
:107E10002375204610BD00BF0100FFFF017D01B1A9
:107E2000704710B50446043002F092F9012323751F
:107E300010BD00BF007D70470B88322B10B504D0F9
:107E4000332B1ED0302B0FD010BD4A8932B1002306
:107E50000133DBB29342FBDBCB881BB3041D20460E
:107E6000BDE8104002F0E6B9CB88041D002BF6D126
:107E70004B89002BF3D00A3120460A2202F0C2F9C6
:107E8000EDE7CB88002BE9D14A89002AE6D002EB46
:107E900042025200041D023292B20A31204602F020
:107EA000B1F9DCE702EB8202F3E700BFA0DF704725
:107EB00010B5044600F5F87002F040F92046F822AB
:107EC00000210DF04BF8F822A01800210DF046F823
:107ED000204610BD2DE9F04782B00546BDF82C6064
:107EE000BDF830402048ADF80460BDF828A0ADF8DA
:107EF0000640904699460F4601F0C6F905F5F8751B
:107F0000064603E0FFF73CFE09F0D8F8284602F0E9
:107F100077F904463046002CF4D10121284602F0BE
:107F200017F952464946284602F02EF908F1040195
:107F3000384601AAFFF7BAFF30B1284602F012F91D
:107F4000204602B0BDE8F0874FF4FA71284602F0EF
:107F500021F920EAE074284602F004F9A4B2204690
:107F600002B0BDE8F08700BF0C3E00202DE9F04FC5
:107F70008F880D8885B0884604463946864801F0CA
:107F800083F9A5F11003012B814640F2908094F80B
:107F900054203AB3002633461633502D54F823A00C
:107FA00069D0512D1AD198F80630B8F808B0022BD4
:107FB00053D0BBF1000F11D051466846FFF7DAFBF2
:107FC000BDF800305B4559D0514602A8FFF7D2FBFF
:107FD000BDF80C305B4551D094F854200136F3B213
:107FE0009342D9D394F84C31002B00F0D18004F5A2
:107FF000A679002604E094F84C310136B34220DD26
:1080000059F8040FFFF760FCB842F4D1382D03D0C3
:10801000392D01D0362DEED1B8F80AA0BAF1000FF3
:10802000E9D0D9F800B05846FFF752FC5045E2D1EC
:1080300058464146FFF74EFC94F84C310136B342A6
:10804000DEDC112D55D0352D04D1B8F80A30002BC7
:1080500040F08F8005B0BDE8F08F98F80E30062B09
:10806000A7D1DAF800305046DB68414698474846C9
:10807000FFF77CFDB0E7B8F806B09AE7DAF8003011
:108080005046DB68414698474846FFF76FFD002899
:10809000A2D0502DA0D1514602A8FFF76BFBBDF82E
:1080A0000C305B4598D14846FFF79CFD94E7237858
:1080B000002B3FF46CAF0026112D33460CD004EB9F
:1080C00083033946586803685B689847013622780D
:1080D000F3B29A42F3D85AE704EB8303394658685F
:1080E00003681B68984701362278F3B29A42F3D8A6
:1080F0004DE7D3B10026334605E094F84C21013614
:10810000F3B29A4211D904EB8305D5F85001FFF779
:10811000DBFBB842F1D1D5F85001FFF7D1FB0136B6
:1081200094F84C21F3B29A42EDD894F8F820002A42
:1081300090D000252B4604EB8303D3F8FC00838802
:10814000BB420AD00135EBB2934283D204EB8303E6
:10815000D3F8FC008388BB42F4D103681B689847BE
:10816000013594F8F820EBB29342E4D305B0BDE8B2
:10817000F08F04F5F874B8F80C20204608F11001CF
:1081800002F040F8204605B0BDE8F04F02F052B8CA
:10819000112D7FF458AFC8E70C3E002090F8542012
:1081A000272A0CD810B4034602F11604013280F8D5
:1081B000542043F8241001205DF8044B7047002040
:1081C000704700BF0378132B06D800EB83020133FE
:1081D00003700120516070470020704778DF7047BE
:1081E0007ADF7047054A034692E80300002283E8DD
:1081F0000300C3E902221846704700BFA0840300B1
:1082000008B5FFF7EDFF08B1002008BDFFF7E6FF56
:10821000B0FA80F0400908BDF8B500250D4F2E4694
:1082200001E0142D14D0A9B2384601F02DF8013523
:1082300004460028F5D0FFF795FC0028F1D0204631
:10824000FFF79AFC012804BF0136F6B2142DEAD1DB
:108250003046F8BD0C3E002081607047C160704719
:10826000704700BF8ADF704730B40D4CC4621F25D1
:10827000002250248584A025C0E91122C0E90F22E4
:10828000A0F84650A0F84840006230BC82620286E6
:1082900080F838204263C264A0F85020704700BFC5
:1082A000000180002DE9F04F10468DB016460C46B7
:1082B00000F030FBC5B2102D4FD0B6680722062360
:1082C000A16994F81C9001918DF80D208DF80C3067
:1082D000ED080DF10C080DF10E0A0027B9F1010FA0
:1082E0000A97CDE90477CDE90677CDE90877CDF88F
:1082F0002B700ED998F8000001994B464A788242BB
:108300000FD00A78D4432344013213F0FF03114401
:10831000F4D108F10108C245E0D100200DB0BDE85C
:10832000F08F11F8024B013CE4B2224604A80CF095
:10833000EDFD0DF1100B1CB9EBE714F0FF04E8D0D4
:1083400058462A4631460CF0D3FD641BAB44002846
:10835000F3D101200DB0BDE8F08F043603220223D3
:10836000AEE700BF2DE9F0430B888E88103B87B045
:108370000D4604460D2B2CD8DFE803F077072B2B96
:108380002B2B2B2B2B2B2B842B2E836AF340DB07E1
:108390001FD55648FEF704FED8B9A36A94F82C20DE
:1083A000012505FA06F623EA0606A6628AB994F8BC
:1083B0002D3073B11F232462A38404F1200104F142
:1083C0004400FFF74FFF20B9494800F075FF84F8DB
:1083D0002C5007B0BDE8F08390F92E2091F91B30A6
:1083E0009A423ADC90F8383001F108080BB3DFF814
:1083F0000491002602E0D6B2B34218D9636BCDF8DF
:10840000089003EB061302AA59680391D3E902739B
:108410004146204605930497FFF744FF074602A80C
:1084200000F04AFA94F83830721C002FE3D09E42D4
:1084300013D094F82F30002B49D095F82430012B1D
:108440000BD9296A4A78FF2A30D00A78D0430344EE
:10845000013213F0FF031144F4D104F12001002094
:10846000FFF700FF07B0BDE8F083CB7B022BB0D154
:10847000836A012202FA06F633430022836280F8FF
:108480002C20A6E70B7A012BA3D1002580F82C50D5
:10849000174800F025FF226C002A9AD0009502AB05
:1084A0002946284602950BF091FC92E711F8025BF1
:1084B0006A1ED2B2022A28BF022202A80CF026FDB0
:1084C000012DCAD0228EBDF808309A42C5D1E26B88
:1084D000002A3FF47EAF01230093404602AB2421E3
:1084E000CDF808800BF072FC73E700BF1C3E002043
:1084F0000C3E0020C884030046DF70477FDF7047D2
:1085000080DF704785DF704786DF704738B51C46CF
:108510000D460346114628462246984734B1014687
:1085200000222846BDE83840FFF7EABF38BD00BF4B
:1085300010B50C4682B003466946204698476A4605
:1085400020460121FFF7DCFF02B010BD044A0260A3
:1085500003210022C0E91622C0E9182201717047E8
:1085600031071003012070470B7803F0FE03042B42
:1085700001D00020704770B515468CB00C46202203
:10858000002104A80CF0EAFC28686968AA68EB6876
:108590006D460FC59DF800109DF80F209DF80160F5
:1085A0009DF80E509DF802008DF80F1023469DF89F
:1085B0000D108DF800209DF803208DF80E608DF8C9
:1085C00001509DF80C609DF804508DF80D008DF859
:1085D00002109DF80B009DF805108DF80C209DF8F9
:1085E0000A208DF803608DF80B508DF804008DF88B
:1085F00005208DF80A109DF8061033F8042FADF809
:1086000010209B789DF809209DF81D009DF81060B2
:108610009DF81F508DF809108DF806209DF8111057
:108620009DF81E208DF81D309DF807308DF8120042
:108630008DF81F609DF808009DF813608DF81050AC
:108640008DF81E109DF81C509DF814108DF8112007
:108650008DF808309DF81B209DF81A308DF8070022
:108660008DF81C608DF813509DF815608DF81B1067
:108670008DF8142068468DF815309DF819109DF876
:1086800017209DF818309DF816508DF818208DF899
:1086900016108DF817308DF81A608DF81950FFF705
:1086A0002BFF62789DF82F309DF82E009DF82D103D
:1086B0008DF821009A428DF8221004F1010404D0B3
:1086C000012080F001000CB070BD6278C3B29A4204
:1086D00004F10104F4D16278CBB29A42F0D10020C7
:1086E000EFE700BF08B5137CDB0758BF1C32084614
:1086F00002F11201FFF706FFB0FA80F0400908BD51
:10870000F0B58E880C4699B005463146474800F0D2
:10871000BBFD2388133B0746072B29D8DFE803F06E
:1087200036515D287128042A237AABB9637B9B07F5
:108730000ED402A83946FFF725FA0298BDF80C209E
:108740009DF80E3085F85430C5F84E00A5F852203B
:108750003846A91DFFF74CFA2A6E4AB1247A022343
:1087600000210093084604ABCDE904640BF02EFB16
:1087700019B0F0BD6A6E002AFAD0012300210093DF
:10878000084604AB04960BF021FBF1E7AB1D002477
:1087900005F12202049305F13E03CDE90823CDE95A
:1087A0000544CDE90A440794FFF7E6F901280CBF18
:1087B0002A4622462146304604ABFFF79FFE19B0F9
:1087C000F0BD04A9FFF72AFA034640B304A93046D6
:1087D000002312AAFFF798FECAE7AB6D002BC7D0A3
:1087E000A57B0493042304F1080005F00105009320
:1087F0000F4A059604AB0621CDE906050BF0E6FA13
:10880000B6E7EC6D002CB3D0022300210093094A97
:10881000084604ABCDE904460BF0D8FAA8E7304689
:108820001A461946FFF770FEA2E700BF0C3E002073
:108830000D85020031850200A8DF7047704700BF38
:1088400030B5044683B0083000F074F804F10C0130
:108850000DF106020120FFF7EFFF054628B9044B92
:1088600004481C602146FFF7ADFC284603B030BD2C
:10887000083E0020943E002030B44C68C460D1E92A
:108880000241054A054D0260054A8560C0E9044180
:10889000426030BC704700BFB0840300C88403004E
:1088A0000000111183790B70C3791370704700BFFA
:1088B00062DF704763DF7047704700BF10B5044642
:1088C0000AF0CCFF204610BD034A02600022C0E936
:1088D0000222827182807047C884030010B4054C64
:1088E0008180002201210460C0E902225DF8044B6E
:1088F00081717047C8840300002210B4044C0460E6
:1089000081605DF8044B82718280C260704700BF55
:10891000C88403008379012B0AD0826832B9C26807
:1089200022B9012B8CBF8020002070478020704727
:10893000102070472DE9F047857982B0002D47D18E
:10894000C7680646002F47D0102008F0C5FB8246B6
:1089500038460DF034FA441E30B3DFF88490A84650
:1089600004E00134023C1FD4102D1DD017F804C0C0
:10897000BCF12D0F07EB0402F3D099F80030ADF8ED
:1089800005808DF8043012F8013C8DF80430102277
:10899000002101A88DF805C00DF0CCFA6B1C023C3B
:1089A0000AF80500DDB2DFD5C6F808A0BAF1000F5D
:1089B0000ED0B11D5046FFF77BFFB168321D10206D
:1089C000FFF778FFB0FA80F0400902B0BDE8F08709
:1089D000012002B0BDE8F087D0F808A0E6E700BFAC
:1089E000BC8403004BDF704710DF70477CDF7047AB
:1089F0007DDF704760DF704769DF704761DF704778
:108A000066DF704767DF7047704700BF0B200BF0D1
:108A10007FBD00BF30B5124C124D83B0D4F878033F
:108A20004FF0FF3109F096F80028F7D06DB101A89A
:108A3000FFF7D8FF0528F1D00028F8D10198831E50
:108A4000012BF4D807F018FEF1E701A8FFF7CAFFE1
:108A50000528E3D001A8FFF7C5FF0528F5D1DDE71C
:108A60000C3E0020790603002DE9F04F2DED028B1E
:108A70004FF4FA7089B008F02FFBB24E00F10803F2
:108A800008EE103A054606F5747706F5227AD6F810
:108A900074034FF0FF3109F05DF80028F7D04FF470
:108AA000FA730DF116012846ADF81630FFF7A6FF50
:108AB00010B10528F3D1EAE7B5F80490B9F1130F26
:108AC00000F2398106EB8903D3F884433CB129468F
:108AD0002046FFF7C5F89C482946FFF711FE2B8872
:108AE000013B1B2B5AD8DFE813F01601590059003F
:108AF00059005900590059005900590059005900AE
:108B00005900590059005900B4001C00590059007F
:108B1000590059005900590059005900590059008D
:108B2000A200DFF838824FF0000B58F8040F30B184
:108B3000FFF718F818B10BF1010B5FFA8BFBB84582
:108B4000F3D1BBF1000F06D196F880331BB1594623
:108B50000B200BF0ADFC2046FFF70EF8012800F0CB
:108B6000EC80F26962B10223002195F808C00093FD
:108B7000084606ABCDF81890CDF81CC00BF026F9CE
:108B800009F1E00806EB8803586810B103685B68D8
:108B9000984706EB88080023C8F804302946504659
:108BA000FEF778F969482946FFF7DCFBB6F882330F
:108BB0004B452B8800F0B480102B1ED02CB32046E0
:108BC000FEF7DAFF012803D15E482946FFF748FB8C
:108BD0002046FEF7D1FF02281BD05D48FFF72AF997
:108BE00000BB5C482946FFF7C1F9D6F8D833002B03
:108BF0003FF455AF2846984751E7EB7B012BDDD179
:108C0000AB88A6F88233002CD9D14E482946FFF70D
:108C100027FB51482946FEF7E3F94D48FFF70AF9CB
:108C20000028DED04A482946FFF706F9D9E7D6F8EA
:108C3000D423002AB2D00223002195F908C0009362
:108C4000084606ABCDF81890CDF81CC00BF0BEF866
:108C5000A4E74FF00008D6F87C03CDF80080434627
:108C6000424603213D4C0AF0FBFA54F8040F30B1A0
:108C7000FEF778FF18B108F101085FFA88F8BC42E6
:108C8000F3D196F880336BB1B8F1000118BF012120
:108C90000B200BF00DFC96F880331BB101210B204B
:108CA0000BF006FC09F1E00806EB8804606820B1CF
:108CB00003685B68984700236360EB7B012B0BBF65
:108CC00096F8623396F8683396F8634396F86943EA
:108CD000039334200AF0C0FD06EB8808039B009440
:108CE00018EE102A04464946FEF708FF2046C8F849
:108CF0000440FEF741FF012832D0B269002A3FF458
:108D00004DAF012300210093084606ABCDF8189023
:108D10000BF05CF842E700214846FFF771FE3DE7A3
:108D2000102B3FF46AAF112B7FF448AF4FF6FF735F
:108D3000A6F8823342E70446D1E6F268002A7FF4BF
:108D400012AF1DE70C3E00202C3E0020F840002012
:108D50004C410020943E00201C3E00208C4100200D
:108D6000B268002A3FF41AAF0021009006AB084613
:108D7000CDF818900BF02AF810E700BF38B504467C
:108D8000FFF730FA04F11000FEF7F6F804F12000C6
:108D9000FFF7DCFB04F18800FFF78AF804F5227086
:108DA000FDF77AFF04F53370FDF7FCFE04F53B7028
:108DB000FFF75AFA04F55070FFF722F815481649E4
:108DC000164AC4F864234FF440630025C4F85833AE
:108DD00040F20113C4E9D701A4F86833A4F86A5338
:108DE00004F56170294650220CF0B8F801224FF6C4
:108DF000FF73A4F86C5384F86E53C4E9DD55C4E9DD
:108E0000F555C4F87C5384F88023A4F882332046B7
:108E100038BD00BF010A170003000101170003005D
:108E200004290BD8DFE801F00B130B1B0300104BD8
:108E3000C0F85E3340F20313A0F8623370470D4B65
:108E4000C0F85E3340F20113A0F8623370470A4B5A
:108E5000C0F85E3340F20113A0F862337047074B4D
:108E6000C0F85E334FF48173A0F86233704700BFDF
:108E7000F7006400170003001700020080000600DE
:108E8000F0B5AE4E80F86C138DB0336980F86D2369
:108E90000446AB49039303A8FFF7A6FD18B10025CC
:108EA00028460DB0F0BD0990CDE90A00A54A94F816
:108EB0005D33049209A901208DF82430FFF79CFD51
:108EC0000028ECD194F86D330B90CDE90900181E01
:108ED00018BF012094F86C538DF82700049A8DF880
:108EE000263009A940208DF82550FFF785FD002880
:108EF000D5D194F85C130990034661F30003CDE9E2
:108F00000A00049A8DF8243009A9A020FFF774FD07
:108F10000028C4D1D4F858330A900B90049A0993CE
:108F200009A9A120FFF768FD0028B8D194F86C3397
:108F3000002B40F0B48094F86D33002B47D0002311
:108F4000B4F86473049A0993022509A92320CDE992
:108F50000A338DF82450ADF82670FFF74DFD002838
:108F60009DD1CDE9090094F86D73B4F866330B9088
:108F7000049A8DF8245009A920208DF82670ADF8A8
:108F80002830FFF739FD002889D10990CDE90A0082
:108F900094F86833049A8DF8245009A922208DF89A
:108FA0002630FFF729FD00287FF479AFCDE90900CD
:108FB00094F869330B90049A8DF8245009A9212064
:108FC0008DF82630FFF718FD00287FF468AF04A85D
:108FD000FFF710FD00287FF462AFCDE9070040F0F5
:108FE000010307A902208DF81C30FFF70BFD0028B4
:108FF0007FF455AF2046FFF703F9054600283FF4FC
:109000004EAF04F12000FFF7ADFA337D4E498DF8E5
:109010000830102202A8FFF7E9FC00287FF43FAFD8
:1090200094F86D33002B40F084800322002101204E
:1090300008F0F4F8C4F8740300283FF430AF05AB2F
:109040000326CDE900634149414800234FF4A06263
:1090500009F0A6F832460021012008F0DFF8C4F834
:10906000780300283FF41BAF06ABCDE90063394914
:1090700039480023C82209F093F8384B4FF4800296
:109080001A60374B00930023184601224FF4807179
:109090000AF090F8C4F87C0301F0D8F800E70990D2
:1090A000CDE90A00B4F85E33049AADF82630012504
:1090B00009A923208DF82450FFF79EFC00287FF497
:1090C000EEAECDE9090094F86C73B4F860330B9000
:1090D000049A8DF8245009A920208DF82670ADF847
:1090E0002830FFF789FC00287FF4D9AE0990CDE93C
:1090F0000A0094F86233049A8DF8245009A92220BA
:109100008DF82630FFF778FC00287FF4C8AECDE953
:10911000090094F863330B90049A8DF8245009A940
:1091200021208DF82630FFF767FC00283FF403AFBD
:10913000B5E604F11000FDF72DFF76E72885030062
:10914000098A0200003600200C85030020850300F8
:10915000698A020024850300158A020000E100E00C
:109160000D8A020000B583B008460DF10601ADF886
:109170000620FFF73DFC20B99DF8060003B05DF81E
:1091800004FB002003B05DF804FB00BF30B41A4AB2
:109190000B46054607CA84B001AC03C49DF9040020
:1091A00022709842194620D09DF905308B421CD080
:1091B0009DF906308B4218D09DF907308B4214D0B0
:1091C0009DF908308B4210D09DF909308B420CD0AC
:1091D00059B19DF90B308B4207D09DF90C308B4271
:1091E00003D0002004B030BC7047012085F86E1316
:1091F00004B030BC704700BF4085030090F96E0397
:10920000704700BF80F88013704700BF70B50446F8
:1092100082B0D0F87C030D460AF04EF84FF47A7213
:1092200006460023A90DA8020BF040FC00230246CD
:109230000421D4F87C0300930AF012F80EB102B0B6
:1092400070BD0096D4F87C033346324603210AF001
:1092500007F802B070BD00BF132906D800EB8101EA
:10926000D1F8840308B1FEF77DBC0020704700BF31
:10927000B0F88203704700BF01290CBFB0F85E034D
:10928000B0F86403704700BF13299ABF00EB810157
:10929000D1F884030020704710B5064C0021D4F8A3
:1092A000780308F0CBFAD4F874030021BDE810402D
:1092B00008F0C4BA0C3E002090F8803303B9704720
:1092C00010B582B0D0F87C4309F05AF90023024669
:1092D00000932046012109F0C3FF02B010BD00BF7A
:1092E000F0B583B0002405462346D0F87C030094F3
:1092F0002246032109F0B4FF05F5607605F5747781
:1093000056F8040F20B1FEF72DFC08B10134E4B289
:10931000BE42F5D195F8803343B1211E18BF01211B
:109320000B2003B0BDE8F0400BF0C2B803B0F0BDB5
:109330000148FFF723BD00BF0C3E0020002070470E
:1093400008B51830FEF738FA003818BF012008BDFC
:1093500030B585B0044641F60F016846FFF7BEFA06
:1093600069462046FFF788FA25466846FFF7A4FAC3
:10937000084B45F8183B684642F61921FFF7AEFA4C
:1093800069462846FEF774F96846FFF795FA2046C5
:1093900005B030BD5485030030B583B00446FFF7F7
:1093A0004FFA08B103B030BD0546122104F1180090
:1093B0000190FEF7A3F901982A461121FEF7B6F9AC
:1093C00001980121FEF7A0F9019803B0BDE83040F3
:1093D000FDF76ABE3CDF70473DDF704711DF704725
:1093E00013DF7047B0DF7047B2DF70472DE9F041FF
:1093F0009EB0074604A8158814460E46FEF7BAF933
:10940000BDF81030AB4202D01EB0BDE8F081A379A8
:10941000043B022BF8D939465248FFF735FF4FF08D
:1094200000080223394605463046CDE90688CDE9D5
:1094300008888DF81830FEF7FFF906A900286AD0D1
:109440003846ADF81C80FFF7CDFF247B012CDBD123
:10945000454E41463E2230460BF080FD23460DF13D
:109460000E02424938460824ADF80E40FFF7BCFF13
:1094700068462946FEF786FB00983060BDF8043048
:109480009DF80620B271B3802846FEF76FFB0028D6
:1094900049D1354936484FF6FF740B4601311B78E8
:1094A00083EA142383EA131242EA042283EA1313A1
:1094B00082EA033282EA431381429CB2EDD12A4B05
:1094C0002C489C870021FDF707FC2846FEF76AFB25
:1094D000FF210020FFF780FFB1210020FFF77AFF76
:1094E000002891D1FFF77AFF00288DD1224B4FF051
:1094F000FF324FF01024C3F88020C3F88021606948
:10950000FFF76EFF00287FF47FAF80F31488606957
:1095100001F082F978E740F2FD133846ADF81C30CF
:10952000FFF760FF70E70AA92846FEF777FB0028DF
:10953000AFD01EAB13E903000B0C3060B180B371E8
:1095400018AC0FCC0D4FC6F807000AAC7960BA60B2
:10955000FB600FCC18360FC694E8070086E80700BA
:1095600097E700BF0C3E0020807F0020B47F0020E2
:10957000BC7F00209440002000E100E0877F0020B5
:1095800030B585B004460E496846FFF7B5F969461F
:109590002046FFF771F925466846FFF78DF9094B1C
:1095A00045F8183B08496846FFF7A6F9694628467A
:1095B000FEF75EF86846FFF77FF9204605B030BD3C
:1095C00060850300A88503008085030030B5B3B033
:1095D0000546FFF735F918B10446204633B030BDD3
:1095E0002D491CA8FFF788F91CA906A8FEF740F82A
:1095F0001CA8FFF761F906A8FEF77CF806A804216D
:10960000FEF77CF806A81421FEF77CF806A8FDF703
:109610004BFD044698B905F1180018210190FEF79A
:109620006DF801981721FEF76DF801981B4901228A
:10963000FEF78AF80198FDF737FD044628B106A821
:10964000FDF718FD204633B030BD154902A8FFF7DD
:1096500053F902A91CA8FEF70BF802A8FFF72CF992
:109660001CA8FEF747F802211CA8FEF747F80221C4
:109670001CA8FEF749F81CA8FDF716FD044618B90A
:1096800001211CA8FEF7B8F81CA8FDF7F3FC06A8FA
:10969000FDF7F0FCD6E700BF70850300ED930200F4
:1096A00090850300C16180F83D207047016380F818
:1096B0004220704770B584B0044641F60A016846FE
:1096C000FFF70CF969462046FFF7D6F86846FFF722
:1096D000F3F820460E4B40F8183B242200210BF0F3
:1096E0003DFC0C4E0C480D4AE06200232364E3630A
:1096F00084F844301025052113232046E66184F8C0
:109700003D5084F84110226384F8423004B070BDAB
:10971000D88503000C850300B4850300BC850300D5
:109720002DE9F0479AB00646FFF78AF880460028F0
:1097300046D1336A002B4ED0736A002B56D0C6F543
:10974000275909F1270906F1140406F1380706F133
:109750003C0554F8043F04A873B3FDF759FF226891
:10976000B36B09EB05019A4289B2684608BF42F61D
:109770005021FFF7B3F8694604A8FDF7AFFF68462C
:10978000FFF79AF804A8FDF7B5FF022104A8FDF73A
:10979000B5FF297804A8FDF7B7FF04A8FDF784FCFE
:1097A000824604A8BAF1000F0ED12A782168FDF78D
:1097B000E7FF04A8FDF75EFCBC4205F10105C8D136
:1097C00040461AB0BDE8F087FDF754FCD04640464D
:1097D0001AB0BDE8F0870AF09FFC04460CF0EFFADF
:1097E000736A346286F83E00002BA8D10AF054FC5C
:1097F00004460CF0E4FA746286F83F009FE700BF6D
:10980000D0F8D830988980B2704700BF70B582B068
:10981000064608461C460192FDF76AFF0199054677
:109820002246D0F8D8000AF091FB844206D9D5F838
:10983000F0301BB1211A89B230469847D5F8E8308C
:1098400023B1304602B0BDE87040184702B070BD89
:1098500008B592B2D0F8D8000AF0C6FB08BD00BF28
:1098600000B583B0D0F8D8000DF1070200210AF04E
:10987000F7FB20B19DF8070003B05DF804FB4FF043
:10988000FF30F9E7D0F8D8000AF04EBBD0F8C0306E
:10989000988980B2704700BFD0F8C0000AF044BB7E
:1098A00010B501680C4A8C69944282B00BD1D0F893
:1098B000D80001220DF107010AF096FB40B19DF896
:1098C000070002B010BD01220DF10701A047F5E726
:1098D0004FF0FF30F5E700BF5198020000B583B0AC
:1098E000D0F8C0000DF1070200210AF0B9FB20B149
:1098F0009DF8070003B05DF804FB4FF0FF30F9E777
:1099000010B550F8181C0D4A8C69944282B00CD0E6
:10991000183801220DF10701A04718B19DF8070082
:1099200002B010BD4FF0FF30FAE701220DF1070140
:10993000D0F8C0000AF058FBEFE700BF51980200D2
:109940002DE9F04F50F8183C83B004463F48D3F857
:1099500028800F461646FFF78BFC3D4B9845054681
:1099600009D0A4F1180033463A462946C44603B04C
:10997000BDE8F04F604701463448FFF785FC834659
:10998000002850D004F1100948462946FDF754FF3D
:10999000002848D094F8CC30002B3CD0D4F8C80034
:1099A000C8B31FFA86FA524639460AF0CFFAD4F8FD
:1099B000C8309B89804658461FFA83FBFEF7DEF8C5
:1099C0000338834525DB21482946FFF75DFC50B36A
:1099D000FEF7D4F8033882B21046019207F07CFB00
:1099E000834600B3019AD4F8C80059460AF0FCFA3D
:1099F0000346F0B9584607F089FB464509D9AAEB5A
:109A000008039BB207EB080229464846FDF744FFCE
:109A100058B1B04609E03A4629464846B3B2FDF788
:109A20003BFF0028F5D14FF00008404603B0BDE8E9
:109A3000F08F5A4629464846FDF72EFF0446584601
:109A400007F064FB002CD8D1EDE700BF0C3E0020EE
:109A5000719E02002DE9F04150F8183C84B0044694
:109A60003B489E6A8DF80F10FFF702FC394B9E426F
:109A7000054609D0A4F11800294601230DF10F0273
:109A8000B04704B0BDE8F08101463148FFF7FCFB68
:109A9000064650B304F1100738462946FDF7CCFEC0
:109AA00018B394F8CC30002B49D0D4F8C800002863
:109AB00045D00DF10F0101220AF048FAD4F8C83060
:109AC0009B89804630469EB2FEF758F8033886429E
:109AD0000DDA0120D5E7324629463846FDF7DCFE8F
:109AE0000446304607F012FBF4B90020C9E71848D5
:109AF0002946FFF7C9FB0028F7D0FEF73FF8C21E42
:109B000092B21046019207F0E7FA06460028ECD020
:109B1000019AD4F8C80031460AF066FA03460028D4
:109B2000D9D1304607F0F2FAB8F1000FD1D10DF1DA
:109B30000F02294638460123FDF7AEFEA1E729466C
:109B4000384601230DF10F02FDF7A6FE99E700BF8D
:109B50000C3E0020719E02002DE9F04105683B4B50
:109B6000AD6A82B09D428DF8072065D10446384821
:109B70000E46FFF789FB054600284FD004F1280761
:109B800038463146FDF758FE002847D094F8E430B7
:109B9000002B47D0D4F8E000002843D00DF1070196
:109BA00001220AF0D3F9D4F8E0309B898046284698
:109BB0009DB2FDF7E3FFC31E9D4244DB24483146BE
:109BC000FFF762FB50B3FDF7D9FF033882B21046AE
:109BD000009207F081FA054600B3009AD4F8E0003D
:109BE00029460AF001FA68B9284607F08FFAB8F159
:109BF000000F28D10DF10702314638460123FDF749
:109C00004BFE0CE003462A4631463846FDF744FE3B
:109C10000446284607F07AFA002CE8D1002002B06A
:109C2000BDE8F0813146384601230DF10702FDF70A
:109C300033FE02B0BDE8F08101230DF10702A84711
:109C400002B0BDE8F0810120E9E700BF719E02008B
:109C50000C3E00202DE9F04F036883B004464148D4
:109C60009E6A88461746FFF703FB3F4B9E42054618
:109C700061D101463B48FFF707FB0646002855D057
:109C800004F1280948462946FDF7D6FD00284DD0A5
:109C900094F8E430002B41D0D4F8E00000283DD007
:109CA0001FFA87FA524641460AF050F9D4F8E020EC
:109CB00003463046B2F80CB01E46FDF75FFF1FFAB0
:109CC0008BFB0338834524DB26482946FFF7DCFA63
:109CD00060B3FDF753FF033882B21046019207F0DC
:109CE000FBF9834610B3019AD4F8E00059460AF014
:109CF0007BF948BB584607F009FAB74209D9AAEBE5
:109D000006039BB208EB060229464846FDF7C4FD50
:109D100068B13E46304603B0BDE8F08F4246294662
:109D20004846BBB2FDF7B8FD0028F2D10026304608
:109D300003B0BDE8F08F01463B4642462046B4469C
:109D400003B0BDE8F04F604703465A4629464846EF
:109D5000FDF7A2FD0446584607F0D8F9002CCCD1F7
:109D6000E4E700BF0C3E0020719E02002DE9F041A7
:109D7000036882B004463C489E6A8DF80710FFF7DE
:109D800077FA3A4B9E420546014663D13648FFF7C3
:109D90007BFA064600284FD004F1280738462946AA
:109DA000FDF74AFD002847D094F8E430002B47D057
:109DB000D4F8E000002843D00DF1070101220AF099
:109DC000C5F8D4F8E0309B89804630469EB2FDF756
:109DD000D5FEC31E9E4245DB23482946FFF754FAB1
:109DE00050B3FDF7CBFE033882B21046009207F065
:109DF00073F9064600B3009AD4F8E00031460AF041
:109E0000F3F868B9304607F081F9B8F1000F29D1AD
:109E10000DF10702294638460123FDF73DFD0CE010
:109E20000346324629463846FDF736FD044630469D
:109E300007F06CF9002CE8D1002002B0BDE8F081F9
:109E40002946384601230DF10702FDF725FD02B032
:109E5000BDE8F081204601230DF10702B04702B0B2
:109E6000BDE8F0810120E8E70C3E0020719E020071
:109E70002DE9F04F044683B0384890461F460E4601
:109E8000FFF702FA002856D004F1280905463146AA
:109E90004846FDF7D1FC00284DD094F8E430002B63
:109EA00041D0D4F8E00000283DD01FFA87FA52468E
:109EB00041460AF04BF8D4F8E02003462846B2F8B1
:109EC0000CB01D46FDF75AFE1FFA8BFB0338834585
:109ED00024DB22483146FFF7D7F960B3FDF74EFE89
:109EE000033882B21046019207F0F6F8834610B3A9
:109EF000019AD4F8E00059460AF076F800BB5846BB
:109F000007F004F9BD4209D2AAEB05039BB208EBA6
:109F1000050231464846FDF7BFFC68B13D4628467C
:109F200003B0BDE8F08F424631464846BBB2FDF76C
:109F3000B3FC0028F2D10025284603B0BDE8F08F1D
:109F400003465A4631464846FDF7A6FC04465846A5
:109F500007F0DCF8002CD5D1EDE700BF0C3E002067
:109F600070B584B004460E4668461E49FEF7C4FC30
:109F700069462046FEF780FC6846FEF79DFC1A4BBA
:109F80001A4903F10802002548334FF47A70C4E9F6
:109F90000635226020626846FEF7AEFC694604F191
:109FA0002800FDF765FB6846FEF786FC1049684609
:109FB000FEF7A2FC694604F18000FDF759FB6846F4
:109FC000FEF77AFC2046C4E93A55C4F8D850A4F804
:109FD000DC60C4F8F050C4F8E05084F8E45004B0F9
:109FE00070BD00BF0C8603001C860300FC850300C7
:109FF000EC85030010B50D4B0446D0F8E00023605B
:10A000004033A36110B103685B68984704F1800096
:10A01000FDF730F804F12800FDF72CF82046044B3A
:10A0200040F8083BFEF748FC204610BD248603009C
:10A03000B084030010B50F4B0446D0F8E000236055
:10A040004033A36110B103685B68984704F1800056
:10A05000FDF710F804F12800FDF70CF82046064B38
:10A0600040F8083BFEF728FC204609F0F7FB2046A5
:10A0700010BD00BF24860300B084030070B5044601
:10A0800082B0182009F0E8FB00220546012109F002
:10A090002BFF2846B4F8DC10C4F8D85009F036FF7E
:10A0A0002046FEF7CDFB054610B1284602B070BD34
:10A0B00001211E48FFF7E0F804F1280603461021AD
:10A0C000304601961E46FDF719FB2A4601981121DC
:10A0D000FDF72CFB01983146FDF714FB019814495C
:10A0E000FDF746FB0198FCF7DFFF05460028DCD1B1
:10A0F00004F180000C210190FDF700FB01980D494F
:10A100000122FDF719FB112201982946FDF70EFBEC
:10A1100001983146FDF7F6FA01980749FDF728FB4B
:10A12000019802B0BDE87040FCF7BEBF0C3E0020B5
:10A13000E48503000D980200E88503000022012158
:10A140004270C0E901220170C2818281704700BF64
:10A1500010B50446017001B110BD0A2007F0A0F847
:10A16000606010BD037810B5044643B1002301229E
:10A170006370C4E90133E381A381227010BD40689C
:10A1800007F070FEF2E700BF002381608281C38187
:10A19000704700BF037870B504460D46B3B94668F2
:10A1A000012363704FF47A720023A802A90D0AF00C
:10A1B0007DFC0146304607F0CDFC98B92378002697
:10A1C0004FF0FF356670A3B9284670BD0322002109
:10A1D000012007F023F8064660600028E0D14FF028
:10A1E000FF35F1E7E58923780026ADB26670002BD4
:10A1F000EAD0606807F036FE6660284670BD00BF92
:10A200004078704738B504468089824228BF0246AC
:10A21000154619B1A0680AF079FEA089E389A26801
:10A2200015FA83F3401B9BB22A44A081E381A2600C
:10A23000284638BD406820B100231A46194607F069
:10A2400061B87047B1DF7047B2DF704708B50F489B
:10A2500006F0BAF80E490D4800F09AFB28B10D49F6
:10A260000A4800F095FB50B108BD0949074800F0C5
:10A27000ABFB0849054800F08BFB0028F4D1BDE892
:10A2800008400449014800F09FBB00BF0042002085
:10A29000808603009486030070B586B00E460323C3
:10A2A0000021054614460093044A0496084603AB71
:10A2B0000395059409F08AFD06B070BD85A50200DE
:10A2C00070B586B00323144606460D46009310462B
:10A2D00003AB044A05940721CDE9036509F076FD37
:10A2E00006B070BDB5A6020030B50A4691B08979B6
:10A2F0005379039111790293D378094D094C019157
:10A3000000939378527801280CBF2946214604A86F
:10A310000BF0F6FC04A9044800F0AEFB11B030BD10
:10A32000A8860300D8860300004200202DE9F043F0
:10A33000D1B00B78032B04AF0D460446904668D984
:10A340005A08022A5ED14F4A4F49504BDFF84891D4
:10A35000012818BF11460022381D00F065FD4B4949
:10A3600007F1680000F096FC07F1CC0611E0024608
:10A37000414607F1680000F07FFD08F138022946E8
:10A380004846FEF7F1F8044678BB07F1680000F094
:10A39000E9FD0022391D304600F016FE07F1D0001D
:10A3A0000DC8D7F8DC10D7F8E4407B67D7F8E83061
:10A3B00097F8E0C0F8663A67B967412207F1EC0107
:10A3C00007F18800C7E9204387F87CC00AF09EFDAA
:10A3D00007F1680000F0F2FD044607F1680044B19F
:10A3E00000F0F8FB5028D0D1C1E707F1680000F079
:10A3F000B9FD381D00F0B6FD204607F59A77BD4639
:10A40000BDE8F0830024204607F59A77BD46BDE8F5
:10A41000F083E9468CB08979AB786A7803916979E1
:10A420000291297901911A4E1A49E878009004ADF9
:10A43000012C08BF3146284607F1CC060BF060FC22
:10A440001249304600F026FC29463046002200F032
:10A45000CFFC044650B90024304600F083FD20466E
:10A46000CD4607F59A77BD46BDE8F083304600F04B
:10A47000B1FB021EEFDD92B24146304600F0FCFC1B
:10A48000EAE700BF948603008086030000420020B4
:10A49000A8860300D88603002C3E0020F0B5ADB09E
:10A4A00095799378344E14465278039565790295E0
:10A4B00094F804C0CDF804C0304DE478009404AFA3
:10A4C0000C4601280CBF3146294607F10C000BF061
:10A4D00017FC2B4B07F10C0107F13C00002200F0A8
:10A4E000A3FC07F13C0000F069FD40B9002407F12E
:10A4F0003C0000F037FD2046A437BD46F0BD07F113
:10A500003C0000F067FB051E08DD07F13C0000F091
:10A51000F1FC291807F13C0000F0CEFC07F13C00EB
:10A5200000F058FB051E08DD07F13C0000F0E2FCDE
:10A53000291807F13C0000F0BFFC07F13C0000F0D7
:10A5400049FB0028D2DDC31D23F007036D46ADEBA8
:10A55000030D82B204A907F13C00C7E9001200F024
:10A560008BFC2046D7E900120323FFF76BFEB0FAFD
:10A5700080F46409AD46BAE7A8860300D8860300D4
:10A5800000420020F0B5B5B092F84E5092F84A3033
:10A59000434E144692F84920039594F84D50029585
:10A5A00094F84C50019594F84B5000950D463D4958
:10A5B00004AF012818BF314607F12C000BF0A0FBB7
:10A5C000394807F12C0100F0E3F96E4600284AD122
:10A5D000354B07F12C0107F15C00012200F024FC4F
:10A5E00007F15C0000F0EAFC18B9C437B546BD4677
:10A5F000F0BD502107F15C0000F01AFB502221460B
:10A6000007F15C0000F052FA0023294627487B61DD
:10A61000C7E90333C7E90633C7E90833BB62FEF76E
:10A6200033FE07F10C012022FDF7CAFB3B7B03B38D
:10A6300007F10C000BF0C3FB013082B2C1B207F18D
:10A640005C007A6000F0F4FA7A6807F10C0107F117
:10A650005C0000F02BFA07F15C0000F083FCC437CB
:10A66000B546BD46F0BD07F12C010F4800F004FAD5
:10A67000AEE794F8491094F84D3094F84E200391C9
:10A6800094F84A10029194F84B10019194F84C10F0
:10A69000009107F10C0006490BF032FBC8E700BF40
:10A6A000D8860300A8860300004200200C3E00204C
:10A6B000088703002DE9F043ADB00C4604AF00213C
:10A6C000032306461546204607F10A027981FFF763
:10A6D000BBFD7B89E84623B9A437C546BD46BDE826
:10A6E000F0830733DB08A8EBC3039D460DF1100987
:10A6F000204607F10A0249460323FFF7A5FD044659
:10A700000028E9D1A979AB786A7803916979029137
:10A71000297901913D483E49ED780095012E08BF09
:10A72000014607F10C000BF0EBFA3A4B07F10C0174
:10A7300007F13C00012200F077FB07F13C0000F03C
:10A740003DFC0028C8D0214607F13C0000F0B4FBD6
:10A7500007F13C0000F03EFA041E08DD07F13C0062
:10A7600000F0C8FB211807F13C0000F0A5FB07F141
:10A770003C0000F02FFA041E08DD07F13C0000F059
:10A78000B9FB211807F13C0000F096FB07F13C00F3
:10A7900000F020FA7C8980B2A04213D0E1B207F128
:10A7A0003C0000F045FA2246494607F13C0000F023
:10A7B0007DF907F13C0000F0D5FBA437C546BD4646
:10A7C000BDE8F083E31D6D46DB08A5EBC3039D46A2
:10A7D00004A9224607F13C00796000F04DFB79683E
:10A7E0007A8948460AF084FB08B9AD46E1E707F1EB
:10A7F0003C0000F09BFB7B89DB43191807F13C0010
:10A8000000F05AFBAD467C89C8E700BFA88603006C
:10A81000D886030000420020F0B40346186880F395
:10A8200008885868FF2464B2EFF30585002D01D134
:10A83000A64600472546064621273FBAF0B4002425
:10A84000002500260027F0B4F92040B2004700BFE1
:10A85000F0BC704700207047704700BF0020704771
:10A860004FF0FF30704700BF002070474FF0FF30BF
:10A87000704700BF0020704730B4084B084A4FF4BF
:10A880007F4102F10805002430324FF47A7099823A
:10A89000C3E901401D601A6130BC7047E8410020E7
:10A8A00028870300704700BF10B5044608F0D6FFA4
:10A8B000204610BD38B50A4B04460D46442240F8E8
:10A8C0000C3B00210AF04AFB0023A560237104F130
:10A8D0005401012006F0C6FE2065204638BD00BFA9
:10A8E0006487030070B504460E46006D4FF0FF31DB
:10A8F00007F030F9257955B98EB1A660314604F1DB
:10A900000C0005F0BBFBB0FA80F56D092571002342
:10A91000206D1A46194606F0F5FC284670BDA6685B
:10A92000002EF4D0EAE700BF70B505464FF0FF31C6
:10A93000006D07F00FF92B7993B1002305F10C0698
:10A940002B71304605F0AEFC044680B10023286D23
:10A950001A46194606F0D6FCB4FA84F0400970BDD8
:10A96000A96805F10C0004F029FF0446EEE7A96888
:10A97000304604F023FF04460028E7D1A96830469A
:10A9800005F07CFB04460028E0D101232B71DDE7B4
:10A9900030B5044695B00D46006D4FF0FF3107F01D
:10A9A000D9F8294601AA04F10C0004F0DBFC0023CD
:10A9B00002461946206D14461A4606F0A3FCB4FA66
:10A9C00084F0400915B030BD2DE9F04F83B00B780D
:10A9D00000AF2F2B78600CBF4C1C0C4606460D4672
:10A9E000006D4FF0FF3107F0B5F806F10C084FF09D
:10A9F000000917E0ADEB030D68468B4500F8019B9D
:10AA0000EA4601DD0AF0AAFA29465A4650460AF0FB
:10AA10007DFA5146404603F00BFD08B1113028D1B4
:10AA20000134B54620462F210BF099F9A0EB050B18
:10AA30000BF108036E460021044623F007035A4633
:10AA40000028D7D12946404603F0F2FC60B9012422
:10AA50007A680023106D19461A4606F053FC20460A
:10AA60000C37BD46BDE8F08F113014BF002401241F
:10AA7000EEE70024B546EBE738B504460D46006D19
:10AA80004FF0FF3107F066F8294604F10C0004F09E
:10AA9000C1FC002302461946206D14461A4606F0F2
:10AAA00031FCB4FA84F0400938BD00BF036970B5C9
:10AAB00004460D46186D4FF0FF31164607F04AF870
:10AAC000237D4BB1002522690023106D19461A46DB
:10AAD00006F018FC284670BD2069A1692A46334655
:10AAE0000C3003F0F3FF20EAE075ECE770B5036982
:10AAF000044682B0186D4FF0FF3107F02BF8267D29
:10AB00004EBB2069A1690C3004F01EFC054620698B
:10AB1000A1698DF8076001230DF107020C3004F0E4
:10AB20005FFB00282069A169C8BF9DF807602A461D
:10AB300000F10C004FF00003D8BF4FF0FF3604F0D7
:10AB4000D3FB22690023106D19461A4606F0DAFB82
:10AB5000304602B070BD4FF0FF36F2E738B50369FA
:10AB600004464FF0FF31186D06F0F4FF237D4BB122
:10AB7000002522690023106D19461A4606F0C2FB13
:10AB8000284638BD2069A1690C3004F0DFFB05467A
:10AB90002069A1690C3004F0D7FB2D1AE9E700BF4A
:10ABA000036910B504464FF0FF31186D06F0D2FF6F
:10ABB000237D43B122690023106DBDE810401A4681
:10ABC000194606F09FBB2069A1690C3004F0E4F936
:10ABD000F0E700BF30B50369044683B0186D4FF04D
:10ABE000FF3106F0B7FF257D55B122690023106DB6
:10ABF00019461A4606F086FB4FF0FF3003B030BD11
:10AC00002069A1690DF1070201230C3004F0E8FA74
:10AC100023692A4604462946186D2B4606F072FB26
:10AC2000002CCCBF9DF807004FF0FF3003B030BDC3
:10AC300030B50368164A5B6883B093428DF80710FD
:10AC40001ED1036904464FF0FF31186D06F082FFF4
:10AC5000237D53B1002522690023106D19461A4641
:10AC600006F050FB284603B030BD2069A1690C30C6
:10AC700001230DF1070203F029FF20EAE075EAE75E
:10AC800001220DF1070198470546284603B030BD63
:10AC9000ADAA020030B4074C016100224FF47A756E
:10ACA000C0E900428560C0E9062230BC027580F828
:10ACB0002020704780870300F0B5836997B0044671
:10ACC0000D46164693B1077D006919460C30002FDA
:10ACD00045D003F0ADFDA06906F018FAE069002345
:10ACE000A36108B106F012FA0023E361206903AA08
:10ACF0000C30294604F036FB98B99DF80C30112B26
:10AD000034D02C2006F0E8F90146A06130B120696A
:10AD10002A460C3003F064FD002839D0002017B01B
:10AD2000F0BD0230FAD1012EF8D1382006F0D4F966
:10AD30000146A0610028F1D0206940F203130C30D5
:10AD40002A4603F011FE06460028E7D12069A169D2
:10AD50000C300223324604F0C7FA267509E004F0ED
:10AD60009DF9A06906F0D2F9A761BFE7EEB1012E07
:10AD70003AD02F2128460BF03DF8203400B1451C75
:10AD80002946204640220BF022F8012017B0F0BDE2
:10AD90000123237528460BF012F8013006F09CF9C8
:10ADA0002946E0610AF0F2FFE3E70123382001932E
:10ADB00006F092F9019BA06101460028AED02069FF
:10ADC0002A460C3003F0D0FD0028A7D1012E02D076
:10ADD00000232375CDE72369A169024603F10C0026
:10ADE000022304F081FAF3E740F20313DEE700BF29
:10ADF00030B5036983B004460D46186D01924FF0DB
:10AE0000FF3106F0A7FE019A29462046FFF754FFBE
:10AE10002169002302461446086D1A46194606F0B9
:10AE200071FA204603B030BD70B504460025C4E970
:10AE300006551048236182B0206084F820504FF4FA
:10AE40007A700E46A0604FF0FF31186D6560257571
:10AE5000019206F07FFE019A31462046FFF72CFF53
:10AE600022692B46106D29462A4606F04BFA2046E9
:10AE700002B070BD80870300036970B504460D46BB
:10AE8000186D4FF0FF31164606F064FE237D4BB17E
:10AE9000002522690023106D19461A4606F032FA81
:10AEA000284670BD2069A1692A4633460C3004F05B
:10AEB00097F90546EDE700BF38B5036904460D462E
:10AEC000186D4FF0FF3106F045FE237D4BB1002594
:10AED00022690023106D19461A4606F013FA284617
:10AEE00038BD2069A1692A460C3004F0FDF9C5433C
:10AEF000ED0FEDE738B5036904464FF0FF31186DEB
:10AF000006F028FE237D4BB1002522690023106D39
:10AF100019461A4606F0F6F9284638BD2069A16997
:10AF20000C3004F011FA0546EFE700BF38B50369AD
:10AF300004464FF0FF31186D06F00CFE237D4BB137
:10AF4000002522690023106D19461A4606F0DAF929
:10AF5000284638BD2069A1690C3004F0F7F9054690
:10AF6000EFE700BF036970B504464FF0FF31186D7D
:10AF700006F0F0FDA16981B12069257D0C30ADB1ED
:10AF800003F056FCA06906F0C1F8E0690023A36154
:10AF900008B106F0BBF80023E36122690023106DBD
:10AFA000BDE870401A46194606F0ACB904F076F8D0
:10AFB000A06906F0ABF8A561EFE700BF8069003833
:10AFC00018BF0120704700BF2DE9F04F95B00B6905
:10AFD00006460C46186D4FF0FF3100AF904606F064
:10AFE000B9FD00232069337586F82030227D2B4976
:10AFF00030614FF47A70C6E90013C6E90633B060D9
:10B00000DAB342F62E652069A1690C303A1D03F0CF
:10B0100023FC012831D1BB892E2BF4D0AB4238D090
:10B02000D4F81C9048460AF0CAFE054607F10C0009
:10B030000AF0C5FE2B18093323F00703EA46ADEBEF
:10B04000030D68466A1C494609F060FF99F8003014
:10B050002F2BEB4602D199F801301BB1104B1B8806
:10B060002BF8053007F10C0158460AF069FE4246FC
:10B0700059463046FFF720FED54622690023106D61
:10B0800019461A4606F03EF930465437BD46BDE82B
:10B09000F08FBB7B002BB6D0C2E700BF80870300D8
:10B0A000748703002DE9F04F85B0DDE90E4B109F4A
:10B0B00081460D4690461E46002F63D0B8F1000F22
:10B0C00003D0D8F80030B34249D0D9F800002B683B
:10B0D0009E422BD04369B4FBF3F203FB1242BAB990
:10B0E000BB4215D8B7FBF3F203FB127AA7EB0A03B6
:10B0F00000930393436822461F4631465B46B84798
:10B1000088B9039B57469B441C44002FD6D139E095
:10B110000093A21AC5E90062D0F804A0AB683146DA
:10B12000D0470028CAD005B0BDE8F08F69684369F0
:10B13000A142D0D8CA18A242CDD9A2EB040ABA457E
:10B14000AB6828BFBA46611A524658461944BF1A1E
:10B15000544409F0DBFED344002FAFD112E0D8F8FD
:10B160000430A342B1D8D9F8000082691A44A2423F
:10B17000ADD9A2EB040ABA45D8F8081028BFBA46E0
:10B18000E31AE1E7002005B0BDE8F08F2DE9F04FAC
:10B19000074687B00D4672B30368D1F800B09046F9
:10B1A0009A69D1E901104AB3013A01F101098618FF
:10B1B000A9EB0009441E4FF0010A08E014F8012F22
:10B1C0009DF817309A4223D1A6423B6814D01A6AE0
:10B1D000934509EB040320D20DF11702CDE90032AB
:10B1E000CDF808A05B46002241463846FFF75AFFDB
:10B1F0000028E3D009DB3B68A8689A69FF2109F0C1
:10B20000ADFE4FF0FF332B60002007B0BDE8F08F9C
:10B210006FF0330007B0BDE8F08F034B034A0448DA
:10B22000122109F0D9FD00BF9C870300C8890300E3
:10B23000BC8703002DE9F04F87B0DDF840A00592F0
:10B24000002B64D0D0F800908B46D9F81C105C1EFF
:10B25000A1F108084445074651D3B4FBF8F0013882
:10B2600009F03CFCD04500F10200A4EB8003B3FBE5
:10B27000F8F560D8BAFBF8F0013809F02FFC861C0D
:10B28000AAEB8606B6FBF8F6304609F027FCAAEBD7
:10B29000800006FB180AB54243D9D9F82020059B47
:10B2A0004FF004090DF114080BE0012B45D93A6861
:10B2B000126A934241D8012101FA04F42D1BB542D0
:10B2C00030D9AC1BB4FA84F495FAA5F1C4F11F048B
:10B2D000B1FA81F18C4228BF0C4693424FEA8401B7
:10B2E00032D20091CDE90189002259463846FFF754
:10B2F000D9FE059B0028D8D007B0BDE8F08FD04517
:10B3000088BF1346BAFBF8F00CD80025B4E71199B2
:10B310004FF0FF320A60129A1846136007B0BDE87A
:10B32000F08F059B119A1360129B0020C3F800A0B8
:10B3300007B0BDE8F08F0026ADE7064B064A074888
:10B340004FF48F6109F048FD054B064A034812216E
:10B3500009F042FD3C880300E8890300BC87030034
:10B360009C870300C88903002DE9F04F89B0074688
:10B37000149C129D8B4692461E46002C55D0DBF83D
:10B380000030B3425CD0013340F0A180386882695C
:10B39000B5FBF2F302FB1353002B4AD1A24248D86B
:10B3A000B4FBF2F302FB13430593E31A00930493F7
:10B3B0008468139B2A463146A04700287ED1BAF103
:10B3C000000F29D0049B3BB3139B5C1E049B04EB32
:10B3D0000309139B05F10108A8EB030807E014F823
:10B3E000012F9DF81F309A4266D14C4514D03B681E
:10B3F0001A6A964208EB040363D2012202920DF10D
:10B400001F02CDE900325146334600223846FFF78D
:10B4100049FE0028E3D051DB139A049B059C11469A
:10B42000194413911D44002CA9D1002009B0BDE896
:10B43000F08FEB1ACBE90063DBF80030B342A2D106
:10B44000DBF80410A9429ED83A6892690A44AA42DD
:10B4500099D9A2EB0508A045DBF8080028BFA04653
:10B46000691A08444246139909F050FD3868139947
:10B47000826945444144B5FBF2F302FB1353A4EB4C
:10B4800008041391002B7FF478AFDBF800104B1CFD
:10B490003FF473AF0092DBE90123D0F80880C04786
:10B4A00060B9524659463846FFF770FE00283FF40F
:10B4B00064AF09B0BDE8F08F6FF0330009B0BDE8AC
:10B4C000F08F064B064A0748122109F085FC064B0F
:10B4D000064A0448B72109F07FFC00BF9C8703009F
:10B4E000C8890300BC87030068880300D88903006B
:10B4F0002DE9F04F0446D2E9003091B04FF0010B36
:10B500000A9300230B90069104F114080DF1280909
:10B510000593236859F8045B1B6A9D427BD2102374
:10B520000DF1300A0022CDE901A300922B464146DD
:10B530002046FFF7B7FD002839D1059B002B60D1CD
:10B540000D9B23F00043132B4FD92268D2699342FD
:10B550004BD84FF0FF3309A810225146099304F04D
:10B56000BFFE0D9B23F00043102B28D0CDF81C907C
:10B5700010260DF12307994607E0013601223946CE
:10B5800009A804F0ADFEB14517D023681B6A9D429F
:10B5900041D20123CDE9017300962B46002241469A
:10B5A0002046FFF77FFD0028E7D0DDF81C9010F162
:10B5B000340F1AD011B0BDE8F08FDDF81C90099B54
:10B5C0009BB99AE80F000BF0010610AF07EB860C51
:10B5D000069F1026FE603E467D601C365CF8185CB7
:10B5E000BD6086E80F0001230593BBF1020F0FD168
:10B5F000059B002B14BF00206FF0330011B0BDE895
:10B60000F08F069A0C9BD2699B1A002B98DAECE714
:10B610004FF0020B7DE7034B034A0448122109F067
:10B62000DBFB00BF9C870300C8890300BC870300C5
:10B630004368013337D02DE9F0438368013383B089
:10B64000044628D015460E464FF000084FF0010979
:10B650006A462946CDE90089FFF74AFFE0B905F1BE
:10B6600024086B6A591C16D0AF6A7A1C13D0D6F81E
:10B6700000C09C4513D0D6F804E0BE450FD07345FA
:10B680004246294620460AD0BC4508D0FFF730FF85
:10B690000028E6D000E0002003B0BDE8F0830120E0
:10B6A00003B0BDE8F0830020704700BF2DE9F041F2
:10B6B000D1F820C00C46C9682CF00043043B01F1CE
:10B6C0000C069E4284B0054617461FD904F1240893
:10B6D000102612E0424621462846FFF709FF90B99E
:10B6E000D4F820C0A169E6602CF00043043B14317B
:10B6F0001B2BA1614FF0100108D8BCF1000FE9DB52
:10B7000039606FF0010004B0BDE8F0812A4663683B
:10B7100052F8140B066AB34207F104001AD20C2641
:10B72000CDE900100296114628460022FFF7BAFC28
:10B730000028E8D17B79BA79FD79A16904331344F3
:10B74000E2683A602B441A440B44E260A36104B0FF
:10B75000BDE8F081024B034A0348122109F03CFB8B
:10B760009C870300C8890300BC870300F0B593B031
:10B7700000260D46012707A96A46CDE90067044661
:10B78000FFF7B6FE064610B121E0831C22D1109BC4
:10B7900001331CD0119B013319D010AA07A92046F0
:10B7A000FFF7A6FEB0B903AA07A92046FFF77EFF60
:10B7B0000028EAD19DF91030002B4FF008022946ED
:10B7C00005A8F0DB09F094FB0028ECD101263046F7
:10B7D00013B0F0BD0646304613B0F0BD2DE9F0477A
:10B7E000164600240122C6E90942824688461D46C3
:10B7F00006F124094A4631465046FFF779FE0746CE
:10B8000068B92A4631465046FFF750FF50B1831CB5
:10B810001FD1736A013302D0B36A0133EAD13846CB
:10B82000BDE8F0872C7904F07004202CE9D1AB68D6
:10B83000D8F80020934208D0E868D8F8041088426D
:10B8400003D08B4201D08242DBD101273846BDE8CC
:10B85000F0870746E3E700BF2DE9F04F2DED028B9F
:10B860008DB090461C46099340F622032268C8F822
:10B8700004300892D0E90123724EC8F808208246AD
:10B880008946C8F80C3000F1140B089D3146284653
:10B890000AF0C4FA2B460344044631461846059381
:10B8A0000AF07CFA0128049000F0B080022804D14C
:10B8B000059B1B782E2B00F0B280DDE90423134496
:10B8C00008931F460124314638460AF0A7FA074478
:10B8D000384631460AF062FA78B1022802D00134C3
:10B8E0000744F0E73B782E2BF9D17B782E2BF6D14D
:10B8F000013CF5D1BB1C0893C7E7059C20780028C4
:10B900005FD0099B1C6098F80430222B40F08D809A
:10B9100008F108031A464946504608EE103AFFF768
:10B92000E7FD00284DD1049B013B23440793424689
:10B9300049465046FFF7BAFE002842D198F8042045
:10B9400002F07F03112B01D0222BF0D198F80730A1
:10B9500004998B42EBD1D8F8003098F8051098F88C
:10B960000650D9F8047004330B441D44049BA3B360
:10B97000059BCDF818800135DDF81C80ED1A5C1EA2
:10B9800007E014F8012F9DF82F309A421ED144454C
:10B990001FD0DAF800301A6A974205EB040347D249
:10B9A000012202920DF12F02CDE9003259463B46A9
:10B9B00000225046FFF776FB0028E2D0DDF8188021
:10B9C00009DA0DB0BDEC028BBDE8F08FDDF8188010
:10B9D000ADE7DDF8188098F8042013067FF555AF21
:10B9E000DAF8043001330CD0DAF80830013308D02B
:10B9F00018EE101A5046FFF7B9FE00281ED198F82D
:10BA0000042002F07F0288F804203EE72B5D2E2BF5
:10BA10007FF453AFDDE904231344089335E7059B16
:10BA20005B782E2B7FF449AFF4E76FF01300C8E783
:10BA3000054B064A0648122109F0CEF9C1DB6FF02A
:10BA40000100BEE7748703009C870300C8890300D8
:10BA5000BC8703002DE9F04F8B469DB00BF104032A
:10BA600004930BF10C03CDE9053B016B04464FF049
:10BA700001080025D4E90D3010E05A09E66B0138C1
:10BA80005F1CA063676356F822C003F01F0208FA28
:10BA900002F212EA0C0F00F027813B469942ECD1EA
:10BAA000002800F0F2812268E36AD2E908621944B2
:10BAB000904228BF1046B1FBF6F306FB131120633A
:10BAC000E162E06B6563D208002109F047FA636820
:10BAD000013300F05781A368013300F05381002245
:10BAE00001230025CDE9082304F1140701222E4685
:10BAF000D4F800C0E16ADCF82030206B591A0E44FB
:10BB0000B6FBF3F503FB1565854210D26909E26BBC
:10BB100005F01F0552F8213008FA05F51D4342F8DB
:10BB20002150DCF82030E16A099A206B591A0A4446
:10BB3000B2FBF3F103FB112383420AD25809E16BF4
:10BB400003F01F0351F8202008FA03F3134341F8D0
:10BB5000203008AA11A92046FFF7CAFC002840F0AF
:10BB60000E810C25149A24E02068129B006A8342FF
:10BB700080F01A820EA9CDE90021029500223946F3
:10BB80002046FFF78FFA002840F0F9809DF8392011
:10BB90009DF83A309DF83B60149904321A449DF8A0
:10BBA0003830324403F070030A44102B149200F032
:10BBB000EB80199B23F00043043B02F10C009842F8
:10BBC000D2D9DDE91A62701CCDE9086201D0511C9E
:10BBD0008ED1D4F80C904D46B9F1000F00F0DE8103
:10BBE000EB69DA0340F156816F69002F00F0528152
:10BBF000D4F800A0DAF81C60013F083EB742C0F05C
:10BC0000CF81B7FBF6F0013808F068FF0230A7EBF0
:10BC10008002B2FBF6F6D4F830E0E16A2B690795B2
:10BC200005F12C000546DAF82020704604F11409CD
:10BC30008E4601469818A0EB0E0EBEFBF2F002FBFA
:10BC400010E28A420AD25709E06B02F01F0250F854
:10BC5000271008FA02F20A4340F82720002E00F0CD
:10BC60001781DAF8202006F00107C7F1020A934293
:10BC70004FEA8A0080F098810BA90022CDE90110DB
:10BC8000009249462A462046FFF70CFA002876D152
:10BC90000AF1FF3CD4F800A013E0BBFBF2F302FB77
:10BCA00013B38B424FF0010014D24FEA531EE16BE5
:10BCB00003F01F0351F82E2000FA03F3134341F859
:10BCC0002E30D4F82CE0DAF820200B9B216BA2EB6D
:10BCD0000E0B9B446045E0DB1CAB03EB8C0C023F7E
:10BCE0005CF8443C3E44A5E72068E26A016A1344DC
:10BCF000B3FBF1F201FB1233049A42F8043BD4E99E
:10BD00000C139942049207D10FE0A26B0133013A60
:10BD10008B42C4E90D3208D05D0903F01F0256F8CA
:10BD2000255008FA02F22A42EFD1DDE904329342AB
:10BD30007FF49FAEDDF818B0006ADBF80430834270
:10BD40000BF11C0204F1140180F02E8104250192F4
:10BD50000022204602950092FFF7A4F9002840F047
:10BD60008B80DBF81C304FF0FF32CBE90922142026
:10BD700001331021CBE90730CBF80C1000201DB0A7
:10BD8000BDE8F08F216B75E6109B002B3FF411AFDF
:10BD9000D4F800A0DAF81C6003F1FF3BA6F1080913
:10BDA000CB4570D3BBFBF9F0013808F097FE861C39
:10BDB000ABEB8606B6FBF9F60F9BE16ADAF82020BA
:10BDC000D4F830E09818401AB0FBF2F102FB1102EF
:10BDD00072450BD24FEA521CE16B02F01F0251F880
:10BDE0002C0008FA02F2024341F82C20002E3FF406
:10BDF000B9AEDAF8202006F00109C9F1020A93422F
:10BE00004FEA8A0080F0D0800BA90022CDE9011012
:10BE1000009239462046FFF745F90028AFD10AF1D4
:10BE2000FF3CD4F800A013E0BBFBF2F302FB13B31A
:10BE300073454FF0010014D24FEA531EE16B03F03B
:10BE40001F0351F82E2000FA03F3134341F82E305C
:10BE5000E16ADAF820200B9BD4F830E0A2EB010B6A
:10BE60009B446045E0DB1CAB03EB8C0CA9F10209A1
:10BE70005CF8443C4E44A5E710F1340F3FF471AF39
:10BE80001DB0BDE8F08F064696E76FF01B0076E721
:10BE9000079DEB699B037DD52F6A002F7AD0D4F8DC
:10BEA00000A0DAF81C60013F083EB7427AD3B7FB26
:10BEB000F6F0013808F012FE0230A7EB8003B3FB66
:10BEC000F6F6D4F830E0E16A6B6A079505F12C00CC
:10BED0000546DAF82020704604F114098E46014622
:10BEE0009818A0EB0E0EBEFBF2F002FB10E28A42A5
:10BEF0000AD25709E06B02F01F0250F8271008FA27
:10BF000002F20A4340F82720002E42D0DAF820201F
:10BF100006F00107C7F1020A93424FEA8A0043D2B2
:10BF20000BA90022CDE90110009249462A4620467D
:10BF3000FFF7B8F800287FF422AF0AF1FF3CD4F8ED
:10BF400000A013E0BBFBF2F302FB13B38B424FF0F4
:10BF5000010014D24FEA531EE16B03F01F0351F8A6
:10BF60002E2000FA03F3134341F82E30D4F82CE0CE
:10BF7000DAF820200B9B216BA2EB0E0B9B44604553
:10BF8000E0DB1CAB03EB8C0C023F5CF8443C3E4412
:10BF9000A6E7079D2D68002D7FF422AE216B68E592
:10BFA000002638E600268CE7024B034A034812219C
:10BFB00008F012FF9C870300C8890300BC870300B8
:10BFC0002DE9F04F2DED028B9BB001250446049125
:10BFD000A9464FF00008D4E90D31D4F830C00FE085
:10BFE0005A09E76B0139581CA163606357F8226056
:10BFF00003F01F0205FA02F2324200F02A810346E2
:10C000009C45EDD1002900F052822368E66AD3E90D
:10C010000802B444914228BF1146BCFBF0F300FB78
:10C0200013C32163E362E06BC4F83480D2080021BB
:10C0300008F094FF63680133CDD0A3680133CAD000
:10C0400000220123CDE906230122002004F1140778
:10C0500096462268E36A116A266BCB1A03EB000C42
:10C06000BCFBF1F001FB10C0864210D94609E16B20
:10C0700000F01F0051F8263005FA00F0184341F88F
:10C080002600D4E90B36116ADDF81CE0CB1A7344A4
:10C09000B3FBF1F201FB1233B3420AD25809E16B50
:10C0A00003F01F0351F8202005FA03F3134341F86E
:10C0B000203006AA0FA92046FFF71AFA002840F000
:10C0C000E9804FF00C08129A0CAE23E02168109B17
:10C0D000096A8B4280F0F5810092CDE90168002267
:10C0E00039462046FEF7DEFF002840F0D3809DF859
:10C0F00031209DF832109DF833C0129B04320A445F
:10C100009DF8301062441A4401F07003102B129213
:10C1100000F0C580179B23F00043043B02F10C01A3
:10C120009942D3D9DDE9180E411CCDE9060E02D0A3
:10C13000BEF1FF3F8DD1D4F80C804646B8F1000F18
:10C140003FF447AFF369DA0340F128817769002FA4
:10C1500000F02481D4F800A0DAF81C30013FA3F1EC
:10C1600008084745C0F0A881B7FBF8F0013808F08F
:10C17000B5FC0230A7EB8007B7FBF8F704F1140019
:10C18000E16AD4F830C0DAF8202033690596834696
:10C1900006F12C0008EE100A0E4661469818A0EB36
:10C1A000060EBEFBF2F002FB10E28A420BD2E06BFD
:10C1B0004FEA521C02F01F0150F82C2005FA01F141
:10C1C0000A4340F82C20002F00F0E680DAF8202007
:10C1D00007F00108C8F1020A93424FEA8A0080F092
:10C1E000708109A90022CDE901100092594618EE8C
:10C1F000102A2046FEF756FF00284BD10AF1FF3CDB
:10C20000D4F800A012E0BEFBF2F302FB13E38B4272
:10C210004FF0010012D25E09E16B03F01F0351F8E9
:10C22000262009FA03F3134341F82630E66ADAF8C8
:10C230002020099B216BA2EB060E9E446045E2DBA9
:10C240001AAB03EB8C0CA8F102085CF8443C4744A1
:10C25000A4E72168E26A096A1344B3FBF1F201FB27
:10C260001233049A1360D4E90C03834211D00125E0
:10C2700006E0A26B0133013A8342C4E90D3208D0D3
:10C28000590903F01F0257F8211005FA02F20A4279
:10C29000EFD100201BB0BDEC028BBDE8F08F0E9EED
:10C2A000002E3FF411AFD4F800A0DAF81C20013EB4
:10C2B000A2F1080B5E450AD3B6FBFBF0013808F08B
:10C2C0000DFC0230A6EB8003B3FBFBF31846E16ADA
:10C2D000D4F830C00D9BDAF8202008EE107A8E4694
:10C2E000074661469818A0EB0E0EBEFBF2F002FB6B
:10C2F00010E28A420AD25609E06B02F01F0250F89F
:10C30000261005FA02F20A4340F82620002F00F01A
:10C31000D580DAF8202007F00106C6F1020A934220
:10C320004FEA8A0080F0CD8009A90022CDE90110F2
:10C33000009218EE101A2046FEF7B4FE0028A9D18C
:10C340000AF1FF3CD4F800A013E0BBFBF2F302FBC0
:10C3500013B38B424FF0010014D24FEA531EE16B2E
:10C3600003F01F0351F82E2009FA03F3134341F899
:10C370002E30D4F82CE0DAF82020099B216BA2EBB8
:10C380000E0B9B446045E0DB1AAB03EB8C0C023ECA
:10C390005CF8443C3744A5E7059EF3699B0340F1F4
:10C3A0008180376A002F7DD0D4F800A0DAF81C20F5
:10C3B000013FA2F1080847457CD3B7FBF8F00138EC
:10C3C00008F08CFB0230A7EB8007B7FBF8F704F10D
:10C3D0001400E16AD4F830C0DAF82020736A0596B8
:10C3E000834606F12C0008EE100A0E4661469818A6
:10C3F000A0EB060EBEFBF2F002FB10E28A420BD26B
:10C40000E06B4FEA521C02F01F0150F82C2005FA95
:10C4100001F10A4340F82C20002F42D0DAF8202006
:10C4200007F00108C8F1020A93424FEA8A0048D295
:10C4300009A90022CDE901100092594618EE102AF0
:10C440002046FEF72FFE00287FF424AF0AF1FF3CC0
:10C45000D4F800A012E0BEFBF2F302FB13E38B4220
:10C460004FF0010012D25E09E16B03F01F0351F897
:10C47000262009FA03F3134341F82630E66ADAF876
:10C480002020099B216BA2EB060E9E446045E2DB57
:10C490001AAB03EB8C0CA8F102085CF8443C47444F
:10C4A000A5E7059E3668002E7FF44CAE91E56FF04F
:10C4B0001B00EFE600278AE700275FE618EE107AF8
:10C4C00001E6034B034A0448122108F085FC00BF33
:10C4D0009C870300C8890300BC8703002DE9F04F47
:10C4E000044687B00F4600F1140905A92046FFF75E
:10C4F00067FD064640B920680599C3689847064617
:10C5000030B110F1340FF0D0304607B0BDE8F08FF5
:10C51000BB6A83B307F12C0A35460DF1130804F109
:10C52000200B13E02268059B126A934247D2012236
:10C53000CDE9018200954A4659462046FEF714FF90
:10C54000002831D1BB6A0135AB4214D922687B6A1D
:10C55000126A93422DD20122CDE901820095524602
:10C5600049462046FEF79EFD0028DBD006463046B1
:10C5700007B0BDE8F08F2368A16A9A69786B08F06C
:10C58000C5FCD4E908122368A06AC7E90B12FF2191
:10C590009A6908F0E3FC059B4FF0FF3230462262B7
:10C5A0007B6207B0BDE8F08F10F1340F9DD00646D6
:10C5B000DDE7064B064A0748122108F00DFC034B45
:10C5C000054A04489C2108F007FC00BF9C87030033
:10C5D000C8890300BC870300D88903002DE9F04F08
:10C5E0002DED028BC9B004462C2200211CA808F0B6
:10C5F000B5FC4FF00043282227A80021249308F01F
:10C60000ADFC23681B6A01223192002B00F0C98126
:10C6100000274FF00C09319B013300F0B18130AAA3
:10C6200027A92046FEF764FF0546002840F00C814C
:10C63000249B002BC0F20E816368013300F04E8111
:10C64000A368013300F04A8132AE32460CAB25A913
:10C650002046FFF7C3F80028C0F2F58000F03E81C5
:10C660000E9B259A0F982699934200F090818B4259
:10C6700000F09381DDE91D51239A269020682593CF
:10C6800001320023CDE91D150B9505932392C36854
:10C690000A9198474FF0FF380546F0B115F1340F75
:10C6A00040F0D2800A9BC4F82080012B40F27981AF
:10C6B0000B9B012B40F275811DA92046FFF780FCE2
:10C6C0000546002840F0C08020681D99012305938D
:10C6D000C368984705460028E0D123AF0DF1500A02
:10C6E000A146102239465046CDF8508003F0F8FD9F
:10C6F00059F8202B1D9B126A934280F01582102658
:10C70000CDE900572A46029649462046FEF72CFE00
:10C7100005460028C2D1249B23F00043043B102B84
:10C7200032D904F1140B3DAF22680B9B126A93427D
:10C7300080F0F4810122CDE9017200960022594671
:10C740002046FEF7AFFC054600287DD10122394680
:10C75000504603F0C5FD22681D9B126A934280F08B
:10C76000E3810122CDE9017200962A46494620461E
:10C77000FEF7FAFD0546002890D1249B23F00043E4
:10C780000136043B9E42CFD322681D9B126A93421E
:10C7900080F0CA8104220292CDE9006A4946002253
:10C7A0002046FEF7E1FD054600287FF477AF216AB9
:10C7B000C4F814804A1C12D02068A36A82690092CF
:10C7C0008568626AA847054600287FF467AF23683A
:10C7D000A06A9A69FF2108F0C1FBC4F82080206894
:10C7E00003699847054600287FF458AF249EDDF87A
:10C7F00074B0CDF8F48026F0004604F11403043E32
:10C8000008EE103A00F0968107460DF1400908E065
:10C810000137012249463DA803F062FDBE4240F2C5
:10C82000898123681B6A9B4580F078810123CDE9CB
:10C83000019318EE101A00975B4600222046FEF77F
:10C8400031FC0028E4D00546284649B0BDEC028BF7
:10C85000BDE8F08F32AE4FF00008324627A92046DF
:10C86000FEF724FFF0B1831CEDD10DF19C0CBCE868
:10C870000F001CAE0FC6BCE80F000FC69CE80700F7
:10C8800086E8070023681B6A01379F4280F0898091
:10C89000309B01337FF4BFAE284649B0BDEC028B1C
:10C8A000BDE8F08F9DF9CC309DF8CC20002BD4DA78
:10C8B0006368013341D0A36801333ED034A92046D8
:10C8C000FEF754FF0028BEDB35D0324627A92046AC
:10C8D00001F0C8F90028C0D00546B5E7DDE93050C1
:10C8E000DDE91D21239B1D91CDE9255001332393C3
:10C8F00008911E9209924FF0000801262068C36833
:10C900009847054600284FD015F1340F9CD1089B5D
:10C910004FF0FF32012B226243D9099B012B40D9F2
:10C920001DA92046FFF74CFB054600288CD11D9918
:10C930004FF00108E2E79DF8CC20DDF8C8E09DF853
:10C94000CFC0CDF8F89002F07F020EF10C0033A9B1
:10C95000CDE93F198DF8CC20419001233DAA27A9AC
:10C960002046CDF80C81CDF8F4E0CDF808C1CDF823
:10C9700010C100F0F9F900283FF46FAF054663E7F6
:10C980000025284649B0BDEC028BBDE8F08F8842F7
:10C990003FF461AF8B427FF46DAE82427FF46AAEAA
:10C9A00059E76FF033054FE723AFA2464FF0FF334F
:10C9B0001022394607A8079303F092FC5AF8202B5F
:10C9C0001D9B126A934280F0AF804FF01009CDE9B1
:10C9D00000572A46CDF8089051462046FEF7C4FC81
:10C9E0000546002890D1249B23F00043043B102BE4
:10C9F00034D904F1140B10AF2268099B126A9342D8
:10CA000080F08C80CDE90176CDF800900022594667
:10CA10002046FEF747FB054600287FF415AF0122AC
:10CA2000394607A803F05CFC22681D9B126A9342FA
:10CA30007AD22A46CDE90176CDF8009051462046BB
:10CA4000FEF792FC054600287FF45EAF249B23F09E
:10CA5000004309F10109043B9945CDD322681D9B90
:10CA6000126A934260D2042207A9CDE90091029292
:10CA7000514600222046FEF777FC054600287FF449
:10CA800043AF216A4FF0FF37B942676111D0206888
:10CA9000A36A826900928568626AA84705460028F1
:10CAA0007FF432AF2368A06A9A69FF2108F056FA32
:10CAB0002762206803699847054600287FF424AF61
:10CAC000249FDDF874B027F000474FF0FF3204F1E7
:10CAD0001403043F08EE103A109245D081460DF140
:10CAE000F40A08E009F101090122514610A803F0F7
:10CAF000F7FB4F4538D923681B6A9B450ED2CDE919
:10CB000001A618EE101ACDF800905B4600222046D0
:10CB1000FEF7C8FA0028E5D0054695E68E4B8F4A09
:10CB20008F48122108F058F98B4B8E4A8C489C2173
:10CB300008F052F93D9A149B9A427FF4B3AD059BDD
:10CB4000002B30D12369002B3FF47EAE5C681D9A28
:10CB5000944271D099681E9881426DD084426BD006
:10CB60008A4269D01B68EEE7109A079B9A427FF4CD
:10CB7000CEAEB8F1000F40F082802369002B3FF465
:10CB800063AE5C681D9A944200F0C48099681E9858
:10CB9000814200F0BF80844200F0BC808A4200F0F5
:10CBA000B9801B68EAE7636801334ED0A36801339C
:10CBB0003DAE0AAF4BD03246394610AB2046FEF7A9
:10CBC0000DFE0028FFF63FAE41D0DDE91D03109FAA
:10CBD000149731460C370C2612909DF84700189791
:10CBE000139311AF15961796199000261B90524675
:10CBF0000123204616971A9600F0B6F800287FF415
:10CC000022AE0A98636898421AD00B9AA1688A42A9
:10CC100016D0884214D0934212D00122013384F8F6
:10CC200040208FD0A36801338CD02046FFF7D6FC7C
:10CC3000002887D0054607E65A601E9A9A6091E759
:10CC4000DDE91D32C4E90132E7E73DAE0AAF3946FE
:10CC500032462046FEF7ECFC0028FFF6F4AD3FF428
:10CC600071AF3146DDE91D60002347901A4620462A
:10CC7000469600F079F800283FF464AFDAE763687D
:10CC8000013350D0A36801333DAE4DD0324610ABD6
:10CC900008A92046FEF7A2FD0028FFF6D4AD43D038
:10CCA000DDE91D02109B14930C33189312900C2392
:10CCB00011A89DF8477013923146159300261793DB
:10CCC0001690012314AA204619971B971A9600F074
:10CCD0004BF800287FF4B7AD0898636898421DD0E0
:10CCE000099AA1688A4219D0884217D0934215D078
:10CCF0000122013384F840203FF43FAFA3680133A1
:10CD00003FF43BAF2046FFF769FC00283FF435AF06
:10CD1000054699E55A601E9A9A6042E7DDE91D32A0
:10CD2000C4E90132E4E73DAE08A932462046FEF7E9
:10CD30007FFC0028FFF687AD3FF41FAF3146DDE9E9
:10CD40001D60002347901A462046469600F00CF8D6
:10CD500000283FF412AFDBE79C870300C88903007B
:10CD6000BC870300D88903002DE9F04F2DED028B1D
:10CD7000CE690D46D1E90141A5B0013690462A1D84
:10CD800069608246EE61AC600892059383B11E46ED
:10CD9000D8F80400D8F80C302A6A1B1A022E1A445C
:10CDA00005D1D8F81C70D8F814603A44921B2A6256
:10CDB000DAF80000CDF818800023CDE90B140993B0
:10CDC000C36898470446E0B114F1340F3DD10B9B82
:10CDD0004FF0FF32012BCAF8202034D90C9B012BD5
:10CDE00031D908995046FFF7EBF8044668BBDAF8EA
:10CDF0000000696801230993C36898470446002826
:10CE0000E2D105F11C07D0464FF0FF33102239461E
:10CE100011A8119303F064FA58F8202B6B68126A7A
:10CE2000934280F00D811026CDE9004722460296FC
:10CE300041465046FEF798FA834660B110F1340F30
:10CE4000C5D0044601E06FF03304204625B0BDECA8
:10CE5000028BBDE8F08F2B6A23F00043043BB34202
:10CE60006BD90AF1140308EE103A37460DF1640944
:10CE700034E0DAF800200C9B126A934280F0E680DE
:10CE80000122CDE9019218EE101A009700225046B7
:10CE9000FEF708F904460028D7D10122494611A817
:10CEA00003F01EFADAF800206B68126A934280F0F1
:10CEB000C7800122CDE901920096224641465046A4
:10CEC000FEF752FA044600287FF47EAF01370136A0
:10CED0002B6A23F00043043B9E422ED2059B5B4508
:10CEE000C7DD069A4FEA0B1302EB0B11D3580791DB
:10CEF000BB42BED10C4611A8D1E9021203F0F0F9F1
:10CF0000DAF800206B68106AE168A268834280F05A
:10CF10009780CDE901210096002241465046FEF758
:10CF200023FA044600287FF44FAF079B5A68DB685A
:10CF30000BF1010B17441E44CAE7DAF800206B68B6
:10CF4000126A93427CD2042211A9CDE900610292B7
:10CF5000414600225046FEF707FA044600287FF4B7
:10CF600033AFDAF820104FF0FF339942CAF814308B
:10CF700019D0DAF80000DAF8283082690092846863
:10CF8000DAF82420A047044600287FF41DAFDAF821
:10CF90000030DAF828009A69FF2107F0DFFF4FF030
:10CFA000FF33CAF82030DAF80000036998470446D6
:10CFB00000287FF409AF2B6AD5F8048023F00043E2
:10CFC0004FF0FF32B3F1040919920AF1140B1DD08E
:10CFD00007460DAE07E001370122314619A803F0DC
:10CFE0007FF9B94512D0DAF800301B6A98452DD286
:10CFF0000123CDE90163009743460022594650467C
:10D00000FEF750F80028E6D004461EE7199A119B57
:10D010009A427FF4DCAE099B13BBDAF81030002B88
:10D020003FF413AF5E686A68964215D09968A868A5
:10D03000814211D086420FD08A420DD01B68EEE7A4
:10D040003D4B3E4A3E489C2107F0C6FE3A4B3D4AC6
:10D050003B48122107F0C0FE5A60AA689A60EDE7CB
:10D06000DAF80430013347D0DAF80830013319AE6A
:10D070000BAF43D0324639460DAB5046FEF7AEFB00
:10D080000028C1DB3AD0D5E901030D9F1197314645
:10D090000C370C260F909DF83B00159710930EAFA0
:10D0A0001296149616900026189011AA0123504645
:10D0B00013971796FFF758FE0028A5D10B98DAF8BA
:10D0C0000430984231D00C9ADAF808108A422CD0F9
:10D0D00088422AD0934228D0012201338AF8402086
:10D0E0009BD0DAF80830013397D05046FFF776FA34
:10D0F000002892D00446A8E619AE0BAF3946324656
:10D100005046FEF795FA0028FFF67EAF85D03146EF
:10D11000D5E90160002323901A4650462296FFF776
:10D1200023FE00283FF479AFE4E76B68CAF80430C7
:10D13000AA68CAF80820CFE79C870300D8890300B3
:10D14000BC870300C88903002DE9F04F2DED028B49
:10D150000D46BDB0824616461F4601F1240809E07F
:10D16000002B52DA424629465046FEF7C1F9002804
:10D1700040F008817479B179F279DAF800002B6A0D
:10D1800004340C441444C1691C448C42E8D8B446AD
:10D190001E1F4CF8046BE96924974C1C6F68A96842
:10D1A00025920C3313442B62C5E901170C2300228E
:10D1B00021932B1DCDF880C01E96229613971291B5
:10D1C000EC611F92239207920693C3689847044626
:10D1D000002800F0DE8014F1340F65D1129B4FF06F
:10D1E000FF32012BCAF820205CD9139B012B59D99F
:10D1F00006995046FEF7E4FE0446002854D1012368
:10D200006968DAF800000793DFE7AC46BCE80F0076
:10D2100026AC0FC4BCE80F000FC49CE8070084E8EC
:10D22000070029465046FEF715FC044600283BD16E
:10D23000DDE92F122B6A69623046191FAA6240F895
:10D24000041BF6791794CDE91B47334406941691D5
:10D250006C681A91A968EA691D960C332B62C5E9BE
:10D2600001140C23013219932B1D18900F940E9169
:10D27000EA6107934FF00109DAF80000C3689847A4
:10D280000446002800F0AA8014F1340F0CD10E9B44
:10D290004FF0FF32012BCAF8202003D90F9B012B3E
:10D2A00000F2BF806FF0330420463DB0BDEC028B2E
:10D2B000BDE8F08FDAF800206B68126A934280F0C4
:10D2C0004C8204220BA9CDE9006102924146002262
:10D2D0005046FEF749F804460028D5D1DAF8201068
:10D2E0004FF0FF339942CAF8143018D0DAF8000032
:10D2F000DAF82830826900928468DAF82420A0479E
:10D3000004460028C0D1DAF80030DAF828009A691B
:10D31000FF2107F023FE4FF0FF33CAF82030DAF880
:10D3200000000369984704460028ADD12E6A26F014
:10D3300000464FF0FF33321F0C930AF1140B6B6859
:10D34000059200F0EA81074631AE1C4609E0012251
:10D3500031460CA802F0C4FF059B0137BB4200F028
:10D36000DC81DAF800301B6A9C4280F0FC81CDE958
:10D37000016900972346002259465046FDF792FE68
:10D380000028E4D0044620463DB0BDEC028BBDE849
:10D39000F08F05F11C07D0464FF0FF3310223946BD
:10D3A00009A8099302F09CFF58F8202B6B68126AB9
:10D3B000934280F0D2811026CDE9004722460296A2
:10D3C00041465046FDF7D0FF8346002800F0AA8072
:10D3D00010F1340F3FF402AF5C4665E705F11C071E
:10D3E000D0464FF0FF33102239460BA80B9302F0C2
:10D3F00077FF58F8202B6B68126A934280F0AD815A
:10D400001026CDE900472246029641465046FDF7D8
:10D41000ABFF834688B110F1340F3FF438AF5C4660
:10D4200042E707995046FEF7CBFD044600287FF4FB
:10D430003BAF0123696806931EE72B6A23F0004384
:10D44000043BB3427FF636AF0AF1140308EE103AFC
:10D45000374638E0DAF800200F9B126A934280F0DA
:10D4600082810CAACDE9007218EE101ACDF808904E
:10D4700000225046FDF716FE044600287FF414AF44
:10D4800001220CA90BA802F02BFFDAF800206B6830
:10D49000126A934280F061810CAACDE90062CDF856
:10D4A0000890224641465046FDF75EFF044600289C
:10D4B0007FF4EAAE013701362B6A23F00043043BC8
:10D4C000B3427FF6F7AEBBF1010FC3DC16AA4FEAF9
:10D4D0000B1302EB0B11D3580591BB42BAD10C468A
:10D4E0000BA8D1E9021202F0FBFEDAF800206B680B
:10D4F000106AE168A268834280F02F81CDE90121A2
:10D500000096002241465046FDF72EFF04460028B3
:10D510007FF4BAAE059B5A68DB680BF1010B174428
:10D520001E44C9E72B6A23F00043043BB3426CD985
:10D530000AF1140308EE103A37460DF1280935E0D8
:10D54000DAF80020139B126A934280F00C810122CA
:10D55000CDE9019218EE101A009700225046FDF70F
:10D56000A1FD044600287FF49FAE0122494609A888
:10D5700002F0B6FEDAF800206B68126A934280F07F
:10D58000EC800122CDE901920096224641465046A8
:10D59000FDF7EAFE044600287FF41DAE0137013690
:10D5A0002B6A23F00043043BB3422ED9BBF1010F99
:10D5B000C6DC1EAA4FEA0B1302EB0B11D3580591E0
:10D5C000BB42BDD10C4609A8D1E9021202F088FE87
:10D5D000DAF800206B68106AE168A268834280F084
:10D5E000BC80CDE901210096002241465046FDF75E
:10D5F000BBFE044600287FF4EEAD059B5A68DB684D
:10D600000BF1010B17441E44CAE7DAF800206B68DF
:10D61000126A934280F0A180042209A9CDE9006139
:10D620000292414600225046FDF79EFE0446002825
:10D630007FF4D1ADDAF820104FF0FF339942CAF8E9
:10D64000143019D0DAF80000DAF828308269009234
:10D650008468DAF82420A047044600287FF4BBAD94
:10D66000DAF80030DAF828009A69FF2107F076FC32
:10D670004FF0FF33CAF82030DAF80000036998470A
:10D68000044600287FF4A7AD2A6AD5F804B022F03A
:10D6900000424FF0FF33171F0A930AF114091ED0FE
:10D6A00006460DF1C40807E00136012241460AA8EA
:10D6B00002F016FEB74212D0DAF800301B6A9B4522
:10D6C00051D20123CDE9018300965B4600224946F1
:10D6D0005046FDF7E7FC0028E6D0044653E6DDE9B6
:10D6E00009329A427FF47AAD079B002B41D1DAF8D8
:10D6F0001030002B3FF4D8AD5E686A68964200F0A7
:10D7000089809968A868814200F08480864200F090
:10D7100081808A427ED01B68EBE7DDE90B329A42BA
:10D720007FF4B5AD069B002B40F06E81DAF8104017
:10D73000002C00F0948060686B68984200F0B7811C
:10D74000A268A9688A4200F0B281884200F0AF81E5
:10D75000934200F0AC812468EAE7A74BA74AA848A7
:10D760009C2107F039FBA44BA64AA548122107F0DB
:10D7700033FBDAF80430013357D0DAF808300133DC
:10D7800031AE12AF53D03246394616AB5046FEF793
:10D7900025F80028FFF6F6AD49D0D5E90102169B21
:10D7A00026930C332A9318900C2317A89DF85F70CA
:10D7B000199231462793002629932890012326AAFF
:10D7C00050462B972D972C96FFF7CEFA00287FF422
:10D7D000D9AD1298DAF8043098421FD0139ADAF8CB
:10D7E00008108A421AD0884218D0934216D00122DB
:10D7F00001338AF840203FF47AAFDAF80830013379
:10D800003FF475AF5046FEF7E9FE00283FF46FAFD6
:10D810000446B8E55A60AA689A607CE76B68CAF863
:10D820000430AA68CAF80820E1E731AE12AF3946E1
:10D8300032465046FDF7FCFE0028FFF6A3AD3FF44C
:10D8400056AF3146D5E9016000233B901A46504659
:10D850003A96FFF789FA00283FF449AFD8E7D5E9AF
:10D860000116DDE92D3227982F9128991190CDE9E5
:10D870002710DAF80000309642F0004201332D9371
:10D880002E92C3681091059498474FF0FF370126F8
:10D89000C1460446F8B114F1340F7FF405AD109B76
:10D8A000CAF82070012B7FF6FDAC119B012B7FF68F
:10D8B000F9AC27A95046FEF783FB044600287FF405
:10D8C000F3ACDAF80000279901230593C368984761
:10D8D00004460028DFD10DF1B408102241460DA8FE
:10D8E0000D9702F0FDFCDAF80020279B126A9342A4
:10D8F000BFF433AF1025CDE90048224602954946D2
:10D900005046FDF731FD04460028C4D12E9B23F07C
:10D910000043043B102B88BF0DF1C40830D9DAF85E
:10D920000020119B126A9342BFF41DAFCDE901861E
:10D930000095002259465046FDF7B4FB04460028E6
:10D940007FF4B2AC012241460DA802F0C9FCDAF81E
:10D950000020279B126A9342BFF4FFAE2246CDE916
:10D960000186009549465046FDF7FEFC0446002816
:10D9700091D12E9B23F000430135043B9D42CED331
:10D98000DAF80020279B126A9342BFF4E6AE042225
:10D990000DA9CDE900510292494600225046FDF7FB
:10D9A000E3FC044600287FF476AFDAF82010CAF8CA
:10D9B00014704B1C17D0DAF80000DAF828308269AE
:10D9C00000928468DAF82420A047044600287FF4F7
:10D9D00062AFDAF80030DAF828009A69FF2107F020
:10D9E000BDFACAF82070DAF80000036998470028E9
:10D9F00061D004464FE700BF9C870300D88903002D
:10DA0000BC870300C8890300DAF80430013379D0F9
:10DA1000DAF80830013331AE0EAF75D032463946F0
:10DA200012AB5046FDF7DAFE041EFFF63DAC6BD09C
:10DA3000D5E9012312981E900C30229014920C20EC
:10DA400013AA9DF84F40159331461F9021902092C4
:10DA5000002601231EAA5046239425942496FFF7FE
:10DA600083F9044600287FF41FAC0E98DAF80430DE
:10DA7000984263D00F9ADAF808108A425ED0884242
:10DA80005CD093425AD0012201338AF840203FF4FF
:10DA90004DAEDAF8083001333FF448AE5046FEF799
:10DAA0009DFD0446002C3FF441AEFFF7FDBB6360D3
:10DAB000AB68A3604FE62E9ADDF89C80319722F088
:10DAC0000042131F1C4640D0054607E001350122E5
:10DAD0001EA931A802F004FCAC4236D0DAF80030BE
:10DAE0001B6A9845BFF43FAE1EABCDE900530296CA
:10DAF0004346002259465046FDF7D4FA0028E5D0A7
:10DB0000044640E431AE0EAF394632465046FDF78A
:10DB10008FFD041EFFF6C8AB3FF408AED5E9014007
:10DB200000233B9031461A4650463A94FFF71CF9C1
:10DB30000446002C3FF4FAADFFF7B6BB6B68CAF899
:10DB40000430AA68CAF808209DE7319A0D9B9A42D2
:10DB50007FF4A5AE059D95B9DAF81040002C3FF48E
:10DB6000A3AB6068279B984278D0A26828998A4224
:10DB700074D0884272D0934270D02468EEE7DAF80D
:10DB8000043001334BD0DAF80830013331AE10AD38
:10DB900047D03246294612AB5046FDF71FFE041E01
:10DBA000FFF682AB3DD0129B1E93DDE927420C337A
:10DBB0009DF84F0022930C231494159200241F9378
:10DBC000219323902590314613AD01231EAA504680
:10DBD00024942095FFF7C8F8044600287FF464AB2E
:10DBE0001098DAF80430984233D0119ADAF8081015
:10DBF0008A422ED088422CD093422AD0012201336F
:10DC00008AF84020A8D0DAF808300133A4D0504672
:10DC1000FEF7E4FC0446002C9ED0FFF745BB31AE76
:10DC200010AD294632465046FDF702FD041EFFF6B0
:10DC30003BAB91D0DDE9274000233B9031461A46AB
:10DC400050463A94FFF790F80446002C84D0FFF732
:10DC50002BBBDDE92732CAE90132CFE76360289B9D
:10DC6000A3608AE72DE9F04F2DED028B154653791D
:10DC70009279EE790433B1B013440A6A33440C4606
:10DC8000059322F000411433994204F104038346C2
:10DC9000079365D0D4E901012E68E3690696059ED5
:10DCA0000F90921BC4E901100133DBF800000E91C4
:10DCB000C4E9073200230893C36809959847A04632
:10DCC0000646E8B116F1340F3CD10E9B4FF0FF32FF
:10DCD000012BCBF820203BD90F9B012B38D907997A
:10DCE0005846FEF76DF9064660BBDBF80000D8F831
:10DCF000041001230893C368984706460028E1D121
:10DD000008F11C04DA464FF0FF331022214612A816
:10DD1000129302F0E5FA5AF8202BD8F80430126A70
:10DD2000934280F04B821025CDE900643246029583
:10DD300051465846FDF718FB044620B310F1340F46
:10DD4000C3D00646304631B0BDEC028BBDE8F08F43
:10DD50006FF03306304631B0BDEC028BBDE8F08F7A
:10DD600019461AAAFDF764FC061EEBDB229B002B6A
:10DD7000C0F2E0806B79A979EA7904330B4413444B
:10DD80000593226A86E7D8F8203023F00043043B4D
:10DD9000AB4242D90BF1140308EE103A2F460DF1B5
:10DDA00094091CB9069BBB4200F0A680DBF800205A
:10DDB0000F9B126A934280F0FB810122CDE9019210
:10DDC00018EE101A009700225846FDF76BF9064628
:10DDD0000028B7D10122494612A802F081FADBF8E7
:10DDE0000020D8F80430126A934280F0E7810122C3
:10DDF000CDE901920095324651465846FDF7B4FAF6
:10DE0000064600287FF45EAF01370135D8F8203090
:10DE100023F00043043BAB42C3D8DBF80020D8F822
:10DE20000430126A934280F0C981042212A9CDE91C
:10DE300000510292514600225846FDF795FA0646D7
:10DE400000287FF43FAFDBF820104FF0FF339942FA
:10DE5000CBF8143019D0DBF80000DBF828308269E9
:10DE600000928468DBF82420A047064600287FF44F
:10DE700029AFDBF80030DBF828009A69FF2107F0B2
:10DE80006DF84FF0FF33CBF82030DBF8000003696A
:10DE90009847064600287FF415AFD8F82030D8F808
:10DEA000047023F0004A4FF0FF32BAF1040A2592C1
:10DEB0000BF1140900F00D8105461AAC08E001359C
:10DEC0000122214625A802F00BFAAA4500F00181A3
:10DED000DBF800301B6A9F4280F06A810123CDE9A4
:10DEE000014300953B46002249465846FDF7DAF8C3
:10DEF0000028E4D0064625E72246214612A802F073
:10DF0000EFF9DBF80020D8F80430126A934280F071
:10DF10005581CDE901440095224651465846FDF70A
:10DF200023FA064600287FF4CDAEDDE9052301245F
:10DF30009F186BE7226A2199D4E9090462F0004234
:10DF4000134023904A1CDDE91B01CDE91B100D9005
:10DF5000DBF800002494CDE92123002305930C91E4
:10DF6000C36898474FF0FF3801270646F8B116F10D
:10DF7000340F7FF4E7AE0C9BCBF82080012B7FF6AB
:10DF8000E7AE0D9B012B7FF6E3AE1BA95846FEF7CB
:10DF900017F8064600287FF4D5AEDBF800001B9981
:10DFA00001230593C368984706460028DFD121ADB9
:10DFB000D946102229460AA8CDF8288002F090F907
:10DFC00059F8202B1B9B126A934280F0F780102493
:10DFD000CDE900653246029449465846FDF7C4F93A
:10DFE00006460028C3D1229B23F00043043B102B9C
:10DFF00033D90BF1140A0BADDBF800200D9B126A2C
:10E00000934280F0D580CDE901570094002251461B
:10E010005846FDF747F8064600287FF493AE0122E4
:10E0200029460AA802F05CF9DBF800201B9B126A63
:10E03000934280F0C3803246CDE9015700944946AF
:10E040005846FDF791F90646002890D1229B23F00F
:10E0500000430134043B9C42CED3DBF800201B9BE1
:10E06000126A934280F0AA8004220AA9CDE90041F5
:10E070000292494600225846FDF776F906460028E6
:10E080007FF475AFDBF82010CBF814804B1C17D051
:10E09000DBF80000DBF82830826900928468DBF846
:10E0A0002420A047064600287FF461AFDBF800304B
:10E0B000DBF828009A69FF2106F050FFCBF820809A
:10E0C000DBF8000003699847002800F0D18006467D
:10E0D0004DE7259A129B9A427FF4F7ADDDE90835AA
:10E0E0004446002B70D1DBF810301A4672B1D2F8DA
:10E0F00004C061688C4557D09068A768B84253D077
:10E10000BC4551D081424FD01268EFE7DBF80C20BC
:10E1100022B34FF0FF370BE0D2F808E0D4F808C084
:10E12000E64509D0614507D0704505D01268AAB10F
:10E13000516860688142EFD1D1682868814230D04F
:10E14000F4D9687995F806E095F807C00430704472
:10E150006044091AD1601268002AE9D163B9F1E577
:10E160009F68A06887420BD0824209D0B94207D08D
:10E170001B68002B3FF4E6AD5A6861688A42EFD114
:10E18000D9682A689142F3D96A7995F806C0EF797F
:10E190009869043262443A44891A821AD9609A61B1
:10E1A000E6E7C2E90177C1E75160A1689160ABE79A
:10E1B0009B4B9C4A9C48122106F00EFE984B9B4AB2
:10E1C00099489C2106F008FEDBF80430013379D031
:10E1D000DBF80830013325AF0DF1380875D012ABEC
:10E1E0003A4641465846FDF7F9FA0028FFF682AE56
:10E1F0006BD0D4E9012312981A900C301E9014921F
:10E200000C2013AA9DF84FC0159339461B90002788
:10E210001D901C9201231AAA5846CDF87CC0CDF857
:10E2200084C02097FEF7A0FD00287FF463AE0E980F
:10E23000DBF80430984260D00F9ADBF808108A426D
:10E240005BD0884259D0934257D0012201338BF8DA
:10E2500040203FF448AFDBF8083001333FF443AFD0
:10E260005846FEF7BBF900283FF43DAF064669E586
:10E27000229DDDF86CA0CDF82C8025F000450BF137
:10E280001403043D1E463FD004460DF1940907E0F7
:10E290000134012249460BA802F022F8A54233D0EE
:10E2A000DBF800301B6A9A4582D2CDE901970094D1
:10E2B0005346002231465846FCF7F4FE0028E7D0CA
:10E2C00006463FE525AF0DF1380841463A46584627
:10E2D000FDF7AEF90028FFF60DAE3FF404AF394666
:10E2E000D4E9017000232F901A4658462E97FEF766
:10E2F0003BFD00283FF4F7AEB8E76368CBF8043085
:10E30000A268CBF80820A0E7DDE90A329A427FF440
:10E3100032AE059B93B9DBF81060002E3FF412ADCE
:10E3200070681B9B984276D0B2681C998A4272D062
:10E33000884270D093426ED03668EEE7DBF8043046
:10E3400001334AD0DBF80830013325AF0CAC46D09E
:10E350003A4621460EAB5846FDF740FA061EFFF638
:10E36000F1AC3CD00E9B1293DDE91B420C339DF8BF
:10E370003F0016930C23109411921393159317904A
:10E38000199039460FAD0024012312AA584614955E
:10E390001894FEF7E9FC064600287FF4D3AC0C98ED
:10E3A000DBF80430984231D00D9ADBF808108A422D
:10E3B0002CD088422AD0934228D0012201338BF8F6
:10E3C0004020A8D0DBF808300133A4D05846FEF72F
:10E3D00005F90646002E9ED0B4E425AF0CAC2146CC
:10E3E0003A465846FDF724F9061EFFF6ABAC92D02C
:10E3F000DDE91B4000232F9039461A4658462E94DB
:10E40000FEF7B2FC0646002E85D09BE4DDE91B3208
:10E41000CBE90132D1E773601C9BB3608CE700BF8E
:10E420009C870300C8890300BC870300D8890300C8
:10E430002DE9F04F90F84030BBB00546059163B927
:10E4400043680122013380F8402006D083680133FD
:10E4500003D0FEF7C3F8044668B909AA19A905ABA9
:10E460002846FDF7F9F9821C044608D105982F21AA
:10E4700007F075FC58B120463BB0BDE8F08F00288E
:10E4800008BF6FF0100420463BB0BDE8F08F2B684A
:10E490001B6AAB6324A92846FDF7DCFA0446002872
:10E4A000E9D1DDE92210259A2D9126992B9B049420
:10E4B000CDE9251201332B932E90089207914FF04E
:10E4C000FF3A4FF001082868C36898470446B8B17E
:10E4D00014F1340FCFD1079BC5F820A0012B40F2D7
:10E4E000D580089B012B40F2D18025A92846FDF755
:10E4F00067FD04460028BED1012325990493E2E775
:10E500002BAFA9461022394611A8CDF844A001F03E
:10E51000E7FE59F8202B259B126A934280F0BF80BA
:10E520001026CDE900472246029649462846FCF7C8
:10E530001BFF04460028CBD12C9B23F00043043B57
:10E54000102B30D905F1140B2FAF2A68089B126AE3
:10E55000934280F09E80CDE90178009600225946D2
:10E560002846FCF79FFD0446002884D10122394645
:10E5700011A801F0B5FE2A68259B126A934280F02B
:10E580008E802246CDE90178009649462846FCF760
:10E59000EBFE044600289BD12C9B23F00043013660
:10E5A000043B9E42D1D32A68259B126A934276D2BD
:10E5B000042211A9CDE900610292494600222846B1
:10E5C000FCF7D2FE0446002882D1296AC5F814A0BF
:10E5D0004B1C12D02868AB6A8269009284686A6A10
:10E5E000A047044600287FF473AF2B68A86A9A6995
:10E5F000FF2106F0B3FCC5F820A0286803699847FE
:10E60000044600287FF464AF2C9B259FCDF8BCA066
:10E6100023F0004BBBF1040B05F114091BD0064697
:10E620002B681B6A9F4234D20DABCDE90063CDF855
:10E6300008803B46002249462846FCF733FD044645
:10E6400000287FF418AF013601220DA92FA801F090
:10E6500047FEB345E4D12F9A119B9A427FF43BAF1A
:10E66000049B002B42D12A69FAB15468259B9C4235
:10E6700000F0898091682698814200F0848084426D
:10E6800000F081808B427ED01268EDE76FF033049A
:10E69000F1E64F4B4F4A5048122106F09DFB4C4B80
:10E6A0004E4A4D489C2106F097FB059B8DF82A2089
:10E6B000184640F622020493ADF8282007F07FFBAD
:10E6C000DDE925648DF82B00049B0C9409AA19A997
:10E6D000284623940B962296FEF736FD0446002822
:10E6E0007FF4C9AE2B681B6AAB63C4E66B68013369
:10E6F00052D0AB6801332FAE07AF4FD03246394608
:10E700000DAB2846FDF76AF8041EFFF6B4AE45D0FF
:10E71000DDE925400D9B11930C33159310900C23CC
:10E720009DF83B000F9431461293149300241690E9
:10E73000189011AA0EAE0123284617941396FEF7DF
:10E7400013FB044600287FF496AE07986B68984246
:10E750001DD0089AA9688A4219D0884217D09342DE
:10E7600015D00122013385F840203FF47CAFAB681F
:10E7700001333FF478AF2846FDF730FF0446002C04
:10E780003FF471AF77E65360269B93607CE7DDE949
:10E790002532C5E90132E4E72FAE07AF39463246EC
:10E7A0002846FCF745FF041EFFF665AE3FF45BAF5D
:10E7B000DDE925400023399031461A462846389431
:10E7C000FEF7D2FA0446002C3FF44DAF53E600BFEB
:10E7D0009C870300C8890300BC870300D889030015
:10E7E00070B5D0E9015386B0C1E90153019201AB84
:10E7F00002AA06460C46FDF72FF8A0B99DF80C308A
:10E80000222B12D104AA21463046FCF771FE50B9E2
:10E81000D4E901123369216162610E211022A161E4
:10E82000E2602360346106B070BD6FF01300FAE758
:10E83000036943B1994202D107E0994207D01A46D1
:10E840001B68002BF9D10020704700F110020B6803
:10E8500013600020704700BFF0B515460E4689B022
:10E8600004464C222846002106F078FBB3690E2BA3
:10E870004AD00F2B53D004AA31462046FCF716FF8E
:10E8800000285BD19DF8142002F07F03112B01D0EA
:10E89000222BF0D1110655D5626801320DD0A26845
:10E8A00001320AD006A92046FCF760FF002829DBC8
:10E8B000E1D19DF8143003F07F038DF81430214628
:10E8C0002B70112B51F8140B08BF079B049A08BF3B
:10E8D0006B609DF815C07368066A9DF81670101D70
:10E8E0006044B3429DF8172005F1080538442BD247
:10E8F000CDE90152009000222046FCF7D3FB00280E
:10E9000008BF012009B0F0BD124A222312882A81D3
:10E910002B70B36901200133B36109B0F0BD2B4600
:10E920000D4A222103F8081B1188927829819A70D8
:10E93000B36901200133B36109B0F0BD841C08BF85
:10E940000020DFE71346BAE7044B054A05481221C9
:10E9500006F042FA6C870300708703009C8703006F
:10E96000C8890300BC8703002DE9F0431F4693B01C
:10E9700003F00303012B0C460192054603D090F8E7
:10E980004030002B70D002AA07A901AB2846FCF743
:10E9900063FF064600283FD19DF80C30222B00F083
:10E9A0009180BB0500F18B80DDE90820029962604F
:10E9B000049AA0600023C4E90637C4E90312236265
:10E9C0007A05059B636106D5002B5FD14FF0FF32BE
:10E9D0000023C4E904232B68586B4FF0FF32E26236
:10E9E000002857D0EB68002B5FD16063E36903F028
:10E9F00003034FF0FF36012BE66205D02B68FF21A1
:10EA00009A6906F0ABFAE662EB6823600026EC60D8
:10EA1000304613B0BDE8F083B01CF9D1DDF80480B6
:10EA20002F21404607F09BF902460028F0D1F90556
:10EA3000EED540F6110340468DF80E20ADF80C30AF
:10EA400007F0BDF94FF0000943468DF80F0002AA08
:10EA500007A94FF0FF382846CDE90489FEF774FB7B
:10EA600006460028A0D0D3E743680122013380F88E
:10EA7000402088D08368013385D0FDF7AFFD06467E
:10EA8000002880D0304613B0BDE8F08347F48037CB
:10EA9000E7619BE7E26902F00302012A08D0986966
:10EAA00002F06AFB60630028A0D16FF00B06AFE7AD
:10EAB000586902F061FB6063002897D1F5E76FF0B9
:10EAC0001006A5E76FF01406A2E700BF2DE9F04F8E
:10EAD0002DED028BCC698FB004F00305012D05925A
:10EAE000079300F0B98167038846834600F10D81E2
:10EAF000250500F11681A00340F1ED80079B002B56
:10EB000000F0D88008F12C090693D8F81C3099033E
:10EB100000F18980D8F82030002B40F06481DBF8C8
:10EB200000100B6ACBF83830D8E908730C930DABA2
:10EB300008EE103A0BF114044FF0010ACDF82080D2
:10EB400018EE101A5846FDF73BFA00285ED10D99D1
:10EB5000012940F29181DBF80000036A994200F23A
:10EB60008B81C3689847002840F0AD80002F00F0EB
:10EB70006581DBF80010D1F81C807D1EA8F1080625
:10EB8000B542C0F01B81B5FBF6F00138049105F0E9
:10EB9000A5FF0230A5EB8005B5FBF6F5284605F08C
:10EBA0009DFFA7EB800005FB1607B845049900F010
:10EBB000C380002F00F03F8100250DF12F0616E0E5
:10EBC000DBF800200D9B126A934280F03F81CDE973
:10EBD000016A0095224649465846FCF7C5FB0028C5
:10EBE00071D10135BD4280F0EF80DBF800100A6A78
:10EBF0000C9B934280F03A81CDE9016A0095002296
:10EC000021465846FCF74EFA0028D9D0DDF820807E
:10EC1000D8F81C3043F40023C8F81C300FB0BDEC0A
:10EC2000028BBDE8F08FDBF80010D8F82870CD69B2
:10EC3000AF423FF476AFD8F824300BF11404069AB3
:10EC4000059EED1B954228BF15460EE010F1340FCE
:10EC5000DED141465846FDF741FC0028D8D1D8F80E
:10EC60002870DBF80010D8F824300A6A9A4240F283
:10EC7000ED80CDE901650097224649465846FCF7EC
:10EC800073FB0028E2D1D8F82020D8F82830DBF830
:10EC900000102A442B44096AC8F82020C8F82830FC
:10ECA000059A069BCBF838102A445B1B0592069305
:10ECB0007FF42BAFD8F81C30079823F40023C8F852
:10ECC0001C30ABE7099F10F1340F9FD14FF0FF3399
:10ECD000CBF8203034E7D8F82040D8F814309C42E4
:10ECE0007FF60CAFC8F820300DAE00250123324668
:10ECF000414658468DF83450FFF7E8FE00288DDB7A
:10ED0000D8F820309C42F1D8F8E64FF0FF3224F4D6
:10ED10008023A603CA62CB6100F185802205DAD583
:10ED20001C46D8F81430D8F820209A4238BFC8F8CA
:10ED30002030A003CFD5E1E6013595FAA5F3B3FA6B
:10ED400083F31846013304930A6A099700250DF1ED
:10ED5000300807460D9B93424FEA850676D204227F
:10ED6000CDE901820096224649465846FCF7FCFA56
:10ED70000C9B0028A6D1AF4211D0DBF80020126A0C
:10ED8000934273D20422CDE90182009602462146C5
:10ED90005846FCF787F900287FF438AF0C9B012B0D
:10EDA0005DD9DBF800100A6A934258D8049B0135FC
:10EDB000AB42CFD1DDF820809F0009E047457FF4CA
:10EDC000FBAE01230493BFE7DDF82080DBF80010E1
:10EDD0000D9BC8E90937D8F81C20CD6942F40032F0
:10EDE000C8F81C202BE708F1280108F12402CDE91E
:10EDF0000121013B0093D8E9042349465846FCF71A
:10EE000019FA00287FF404AFDBF80030D8F834009A
:10EE10009A69FF2106F0A2F84FF0FF33DBF80010EB
:10EE2000C8F82C307DE600F03DF800287FF4F6AEFF
:10EE3000D8F81C405CE6DDF82080C9E7DDF82080CA
:10EE40000D9BDBF80010C8E90937C4E70E4B0F4AE9
:10EE50000F489C2105F0C0FF6FF00800DEE60D4B67
:10EE60000D4A0B4840F2D34105F0B6FF064B0B4A62
:10EE70000748122105F0B0FF094B074A044840F249
:10EE80008C4105F0A9FF00BF9C870300D8890300CF
:10EE9000BC8703003C880300F8890300C88903008D
:10EEA000848803002DE9F0430D4693B0064600F137
:10EEB00014072C22002104A8D5F8208006F04EF873
:10EEC00097E807004FF0FF33D5E904C40DF1480E71
:10EED00073610EE90700296A6A69CDF83080012064
:10EEE0009142CDF820C009940B901FD2994601237E
:10EEF0000DF10F0204A9304600F072F90446002C0F
:10EF00004FF001030DF10F02294630463ADBFFF7BF
:10EF1000DDFD041E36DB7369013337D0C6F814906B
:10EF20006A692B6ACDF83C909A42E0D805F12C0929
:10EF300018E030686B6B8269009284682A6BA04786
:10EF400004463A46494630461CB9FCF71FF90446C8
:10EF500058B114F1340F2946304613D1FDF7BEFAEB
:10EF6000044678B9E96A4B1CE3D1EB69D5E908217D
:10EF700023F4003343F480332961EB616A61C5F8FF
:10EF800020800024204613B0BDE8F0832A6A6B6914
:10EF90009A42ACD3CAE700BFF0B5CB690C4659031F
:10EFA0009DB0054605D523F480234FF0FF32E36181
:10EFB000E2629A0309D521462846FFF773FF02460D
:10EFC00010B110461DB0F0BDE36903F41023B3F592
:10EFD000803F03D0002210461DB0F0BD63680133AE
:10EFE000F8D0A3680133F5D0221D11A92846FCF7FB
:10EFF0007FFA02460028E4D12946129B51F8140BEF
:10F000000692076AE068059006AEBB42C6E9012297
:10F010002CD20C27CDE9000602972846FCF742F8CF
:10F0200002460028CDD19DF81830112B24D1059B24
:10F030000B9603F10C060A9728460C979DF81B5077
:10F0400027690F9209930D9609AA6669079711A976
:10F05000012308960E951095FDF786FE02460028BE
:10F06000AFD1E36923F48033E361AAE7064B074A93
:10F070000748122105F0B0FE064B074A044840F24B
:10F08000136105F0A9FE00BF9C870300C889030037
:10F09000BC870300B4880300088A03002DE9F0410F
:10F0A000CB690C4659039CB0054605D523F4802353
:10F0B0004FF0FF32E361E2629A0321D521462846F0
:10F0C000FFF7F0FE0646D0B1EB6843B19C4202D197
:10F0D0006AE09C426AD019461B68002BF9D1A369EB
:10F0E0002BB11B681BB130461CB0BDE8F0812B680A
:10F0F0005B6B002BF7D1606B02F052F8F3E7E3692A
:10F1000003F41023B3F5803F01D00026DCE76368E9
:10F110000133FAD0A3680133F7D011A9221D284684
:10F12000FCF7E6F906460028CED12946129B51F895
:10F13000142B0696106AE268059206AF8342C7E96F
:10F14000016636D24FF00C08CDE90027CDF80880D3
:10F1500032462846FBF7A6FF06460028B4D19DF8A4
:10F160001830112B2BD1059B22690F9060699DF8F7
:10F170001B600B97099303F10C070792089011A9E4
:10F18000012309AA28460E961096CDF82880CDF8BE
:10F1900030800D97FDF7E8FD0646002894D1E3691D
:10F1A00023F48033E3618FE705F10C0123680B60E2
:10F1B00095E7064B064A0748122105F00DFE064B5F
:10F1C000064A044840F2136105F006FE9C870300DE
:10F1D000C8890300BC870300B4880300088A0300C1
:10F1E0002DE9F04F0D46C96901F00304022C87B0E8
:10F1F0004FD08046880317461E464FD42A6A696955
:10F200008A425CD2A1EB0209B1454B4628BF334686
:10F210000593002B57D01E4605F12C0905F1280B4C
:10F2200005F1240A1FE0D8F80000A96AC469A142C8
:10F230001CD0641A026A6B6AB44228BF34469342F7
:10F2400045D20091CDE90174002249464046FBF7C2
:10F2500029FF00BB2A6AAB6A22442344361B274499
:10F260002A62AB622FD0EB695B03DCD4CDE901AB42
:10F270000092D5E9042349464046FBF7DBFF50B92D
:10F28000EB69D8F80000A96AC46943F48023EB61F4
:10F29000CFE76FF0080007B0BDE8F08F4A0305D54F
:10F2A00021F480214FF0FF32E961EA6229464046AD
:10F2B000FFF7F8FD0028A1D007B0BDE8F08F0020CF
:10F2C00007B0BDE8F08F059807B0BDE8F08F034B9D
:10F2D000034A0448122105F07FFD00BF9C8703000C
:10F2E000C8890300BC870300F8B50C46C9691646F7
:10F2F0004A0307461D4605D521F480214FF0FF3310
:10F30000E161E3628B0305D538462146FFF7CAFD6C
:10F3100000B1F8BD2DB1012D0CD0022D04D0206A12
:10F32000F8BD26623046F8BD002E606905DB30442A
:10F330002062F8BD002E206AF9DA72428242F6D9C4
:10F340006FF01500F8BD00BF086A7047CB699B03DA
:10F3500005D5086A4B69984238BF18467047486916
:10F36000704700BFF0B597B01546059105AB07AAE9
:10F370000BA90646FCF770FA044610B1204617B0F8
:10F38000F0BD4C220146284605F0E8FD9DF82030EE
:10F390002B70112B04BF0A9B6B607268099B934210
:10F3A00023D00A98B16888421FD08B421DD0824278
:10F3B0001BD03146079A51F8143B9DF821701C6A06
:10F3C0000C9B9DF8220004323A44A342024405F10A
:10F3D00008059DF823000ED2CDE901500092304679
:10F3E0000022FBF75FFE0446C8E7064B1B882B8113
:10F3F000204617B0F0BD044B044A0548122105F021
:10F40000EBFC00BF748703009C870300C8890300DE
:10F41000BC8703002DE9F04F90F84030BBB00546A3
:10F42000059183B943680122013380F840200AD056
:10F430008368013307D0FDF7D1F8044618B12046A0
:10F440003BB0BDE8F08F09AA19A905AB2846FCF727
:10F4500003FA04460028F2D19DF82830222B00F050
:10F46000D08009AA19A92846FEF7FCFB044600280B
:10F47000E5D19DF82830222BE1D119AA25A92846EB
:10F48000FCF7D6F8041EDADB00F00B81DDE92D4035
:10F49000209B2390DDE91A212868229401332093D0
:10F4A00000230493CDE91A12C36808920791984784
:10F4B0004FF0FF3A4FF001080446E0B114F1340F69
:10F4C000BDD1079BC5F820A0012B40F2A480089B6A
:10F4D000012B40F2A0801AA92846FCF771FD0446D2
:10F4E0000028ACD128681A9901230493C36898476F
:10F4F00004460028E2D120AFA9461022394611A8BF
:10F50000CDF844A000F0ECFE59F8202B1A9B126AAB
:10F51000934280F03A811026CDE9004722460296B8
:10F5200049462846FBF720FF04460028C6D1219B08
:10F5300023F00043043B102B31D905F1140B2FAFFE
:10F540002A68089B126A934280F02581CDE90178F0
:10F550000096002259462846FBF7A4FD04460028E1
:10F560007FF46DAF0122394611A800F0B9FE2A6878
:10F570001A9B126A934280F008812246CDE90178F5
:10F58000009649462846FBF7EFFE0446002895D131
:10F59000219B23F000430136043B9E42D0D32A68CE
:10F5A0001A9B126A934280F0F080042211A9CDE9DF
:10F5B00000610292494600222846FBF7D5FE044628
:10F5C00000287FF47BAF296AC5F814A04B1C12D029
:10F5D0002868AB6A8269009284686A6AA047044618
:10F5E00000287FF46BAF2B68A86A9A69FF2105F0A9
:10F5F000B5FCC5F820A028680369984770B1044697
:10F600005CE70BAA24A92846FBF772FF04460028F2
:10F610003FF427AF13E76FF0330410E7219FDDF8C5
:10F6200068B0CDF8BCA027F0004705F11403043FF3
:10F630001C461DD006460DF1340907E001360122B3
:10F6400049462FA800F04CFEB74211D02B681B6A28
:10F650009B4580F0A080CDE9019800965B46002292
:10F6600021462846FBF71EFD0028E7D00446E6E6C3
:10F670002F9A119B9A427FF424AF049BC3B92C6943
:10F68000002C3FF4DCAE60681A9B98425AD0A26806
:10F690001B998A4256D0884254D0934252D0246853
:10F6A000EEE7404B404A414840F26E7105F094FB52
:10F6B0006B6801334FD0AB6801332FAE07AF4CD02E
:10F6C000324639460DAB2846FCF788F8041EFFF693
:10F6D000B6AE42D0DDE91A400D9B11930C33159361
:10F6E00010900C239DF83B000F9431461293149315
:10F6F00000241690189011AA0EAE012328461794E4
:10F700001396FDF731FB044600287FF498AE079866
:10F710006B6898421AD0089AA9688A4216D0884223
:10F7200014D0934212D00122013385F84020A6D094
:10F73000AB680133A3D02846FCF750FF0446002CE9
:10F740009DD07CE663601B9BA360A8E7DDE91A32CD
:10F75000C5E90132E7E72FAE07AF39463246284602
:10F76000FBF766FF041EFFF66AAE88D0DDE91A409B
:10F770000023399031461A4628463894FDF7F4FAAA
:10F780000446002C3FF47BAF59E6094B094A074871
:10F790009C2105F021FB064B074A0448122105F085
:10F7A0001BFB00BFD4880300188A0300BC8703003A
:10F7B0009C870300D8890300C88903002DE9F04F16
:10F7C0002DED028B8B6A0160C5B00446002B00F062
:10F7D0009780C361C86A002800F09E80A0628A6991
:10F7E000FF2105F0BBFB4FF0FF332268236263610A
:10F7F000536AD90640F02783002B00F01D83106B5D
:10F80000002800F09280E063D2E90551B1FBF5F3E6
:10F8100005FB1313002B40F0FA82D769B7FBF1F513
:10F8200001FB1575002D40F000834FF0FF36A7F166
:10F830000803B6FBF3F33344B3FA83F3C3F12003B5
:10F84000B7EB830FC0F0EA82526A25612946C4E90A
:10F850000265D20884F84050666005F07FFB23689B
:10F86000E562D3E90823934228BF1346C4E90C3567
:10F87000A26322A92046FCF7EDF8054678B123687B
:10F880009A6A002A63D0DA6A002A5BD01B6B002BCD
:10F8900054D0284645B0BDEC028BBDE8F08F2DA9B1
:10F8A0002046FCF7D7F805460028E8D1DDE92E21EF
:10F8B000349B0E92CDE92E120133049034930D91B6
:10F8C0004FF001092068C36898470546002843D0D7
:10F8D00015F1340FD3D10D9B2662012B0DD90E9B50
:10F8E000012B0AD92EA92046FCF76AFB0546002801
:10F8F000C5D101232E990493E4E76FF03305BEE7E9
:10F90000486901F039FCE061002800F0DF802168DF
:10F91000C86A00287FF462AF886901F02DFCA062FC
:10F92000002800F0D380216859E7D80801F024FCB2
:10F93000E063002800F0CA80226865E7E06B01F010
:10F940002FFCA6E7A06A01F02BFC23689EE7E06984
:10F9500001F026FC236896E734AFA2461022394610
:10F9600009A8099600F0BCFC5AF8202B2E9B126ABD
:10F97000934280F07D824FF01008CDE900572A466F
:10F98000CDF8088051462046FBF7EEFC05460028DE
:10F990009ED1359B23F00043043B102B474633D9BF
:10F9A00004F1140B0DF1280822680E9B126A934291
:10F9B00080F06482CDE901890097002259462046F3
:10F9C000FBF770FB054600287FF459AF0122414642
:10F9D00009A800F085FC22682E9B126A934280F0F1
:10F9E00047822A46CDE90189009751462046FBF718
:10F9F000BBFC054600287FF46BAF359B23F000432A
:10FA00000137043B9F42CFD322682E9B126A934258
:10FA100080F02E82042209A9CDE90071029251469C
:10FA200000222046FBF7A0FC054600287FF450AFDB
:10FA3000216A66614B1C11D02068A36A826900921A
:10FA40008568626AA847054600287FF441AF2368AD
:10FA5000A06A9A69FF2105F081FA2662206803698D
:10FA60009847054600287FF433AF359BDDF8B8B0E2
:10FA70000A9623F0004304F11402043B08EE102A16
:10FA80003CD01D46234608EE90AA38AF9246044665
:10FA9000984607E00134012239460AA800F020FC0C
:10FAA000A54228D0D8F800301B6A9B4580F0E6813B
:10FAB000CDE9017900945B46002251464046FBF7B0
:10FAC000F1FA0028E6D005464446D8E623689A6A4B
:10FAD000002A00F0C881DA6A002A00F0BF811B6B9F
:10FAE000002B00F0B7816FF00B05284645B0BDEC48
:10FAF000028BBDE8F08F18EE90AA4446DDE909328A
:10FB00009A427FF4E8AE049B002B40F016822569F0
:10FB10008DB168682E9B984200F0B681AA682F9933
:10FB20008A4200F0B181884200F0AE81934200F039
:10FB3000AB812D68ECE7A74A23688DF86A50082648
:10FB400041F22E47ADF868708DF86B6092E80300C3
:10FB5000D3E907261D9220AA82E803002F9A069572
:10FB60004FF001102E9D1E9634211026A2601C928B
:10FB70002C9202221F9065601B952B9519962A9155
:10FB80004FF0010904921846DDE92331299A0C93BC
:10FB9000CDE923130132002307932992C3680B9107
:10FBA00098470546D8B115F1340F7FF468AE0B9B2A
:10FBB0004FF0FF32012B226232D90C9B012B2FD93F
:10FBC00023A92046FCF7FCF9054628BB20682399A9
:10FBD00001230793C368984705460028E3D129AF5E
:10FBE0004FF0FF331022394611A8119300F078FB33
:10FBF0002268239B126A934280F03A811026CDE955
:10FC000000572A46029651462046FBF7ADFB18B333
:10FC100010F1340FCBD0054615F1340F7FF42FAE21
:10FC2000049B012B14D1069B002B3FF466AE22A946
:10FC30000026012738AA2046CDE93867FBF758FC93
:10FC4000054600287FF41BAE23681A6AA26317E6F4
:10FC500001232068049397E72A9B23F00043043B89
:10FC6000B34259D918EE108A37460DF1E00B0590D2
:10FC70002FE022680C9B126A934280F0FF80CDE94E
:10FC800001B90097002241462046FBF70BFA0546D2
:10FC90000028C1D10122594611A800F021FB226899
:10FCA000239B126A934280F0E3802A46CDE901B992
:10FCB000009651462046FBF757FB054600287FF487
:10FCC00072AF013701362A9B23F00043043B9E426A
:10FCD00022D2059B002BCCD1102FCAD11AAD2022E5
:10FCE000294611A800F0FCFA2268239B126A93426D
:10FCF00080F0BE802021CDE900650291059A514631
:10FD00002046FBF731FB054600287FF44CAF01236A
:10FD1000203630270593D6E72268239B126A934248
:10FD200080F0A680042211A9CDE90061029251461B
:10FD300000222046FBF718FB054600287FF433AF6E
:10FD4000216A4FF0FF339942636113D02068A36AA0
:10FD5000826900928568626AA847054600287FF498
:10FD600022AF2368A06A9A69FF2105F0F7F84FF0E7
:10FD7000FF332362206803699847054600287FF413
:10FD800012AF2A9BDDF88C8023F0004B4FF0FF323E
:10FD9000BBF1040B38921FD018EE105A07460DAE77
:10FDA00007E001370122314638A800F099FABB4537
:10FDB00012D023681B6A984560D2CDE9016900978B
:10FDC0004346002229462046FBF76CF90028E8D07C
:10FDD000054621E7BC890300389A119B9A427FF4BB
:10FDE000E6AE079B002B57D123696BB15D68239A60
:10FDF00095424DD099682498814249D0854247D098
:10FE00008A4245D01B68F0E70123069308E7914B2F
:10FE1000914A924840F61F0104F0DEFF904B8E4A53
:10FE20008E4840F6230104F0D7FF8E4B8A4A8B4858
:10FE30004FF4026104F0D0FF8B4B874A874840F6AD
:10FE4000140104F0C9FF894B834A844840F613012A
:10FE500004F0C2FFE06B01F0A3F944E6A06A01F0F0
:10FE60009FF923683BE6E06901F09AF9236832E6DE
:10FE70007F4B804A79489C2104F0AEFF7C4B7E4A40
:10FE80007648122104F0A8FF6B602F9BAB6050E610
:10FE90005A60249A9A60B5E76368013300F09F8046
:10FEA000A368013338AE0BAF00F09B803246394671
:10FEB0000DAB2046FBF792FC051EFFF6ADAE00F041
:10FEC0009080DDE923030D9D11950C3515950F905C
:10FED0000C259DF83B001093314612951495169011
:10FEE0000025189011AA0EAE0123204617951396EF
:10FEF000FCF73AFF054600287FF48EAE0B98636846
:10FF0000984267D00C9AA1688A4263D0884261D037
:10FF100093425FD04FF00102013384F840203FF458
:10FF200063AFA36801333FF45FAF2046FCF756FB95
:10FF30000546002D3FF458AF6EE6636801336ED07E
:10FF4000A368013338AE0DAF6BD03246394611ABE2
:10FF50002046FBF743FC051EFFF691AC61D0DDE9BE
:10FF60002E02119B19930C331D9313900C2312A88E
:10FF70009DF84B50149231461A931C931B90002607
:10FF8000012319AA20461E9520951F96FCF7ECFE2A
:10FF9000054600287FF473AC0D986368984239D009
:10FFA0000E9AA1688A4235D0884233D0934231D02C
:10FFB0000122013384F840203FF4A9ADA368013346
:10FFC0003FF4A5AD2046FCF709FB0546002D3FF4A4
:10FFD0009EAD54E4DDE92332C4E901329AE738AE3C
:10FFE0000BAF394632462046FBF722FB051EFFF6D3
:10FFF00013AE3FF4F9AEDDE92350002342903146C1
:020000023000CC
:100000001A4620464195FCF7AFFE0546002D3FF409
:10001000EBAE01E6DDE92E32C4E90132C8E738AEC5
:100020000DAF394632462046FBF702FB051EFFF6B0
:1000300026AC3FF46CADDDE92E50002342903146F2
:100040001A4620464195FCF78FFE0546002D3FF4E9
:100050005EAD14E410890300248A0300BC8703000A
:100060007089030040890300F8880300D8880300E2
:100070009C870300D8890300C8890300F0B58B6A08
:1000800001609BB00446002B7CD0C361C86A002885
:1000900000F08380A0628A69FF2104F05FFF4FF0C7
:1000A000FF33216823626361486AC30640F0C3805E
:1000B000002800F0D5800B6B002B75D0E363D1E9ED
:1000C0000503B3FBF0F200FB1232002A40F0C180BE
:1000D000C869B0FBF3F203FB1202002A40F0B280C1
:1000E0004FF0FF35A0F10803B5FBF3F32B44B3FA4F
:1000F00083F3C3F12003B0EB830FC0F085800B6A5C
:10010000A363C4E90155C4E90322C4E90B2284F8BE
:10011000402062630026012704AA0FA92046CDE9EA
:100120000467FBF7E5F9054660B123689A6A002A7F
:1001300046D0DA6A002A3ED01B6B002B45D02846F9
:100140001BB0F0BD2146109B51F8142B126A93424C
:1001500080F08D802020029007AE1020CDE90006AF
:100160002A462046FAF79EFF05460028DDD1DDE944
:100170000810424B0D9A9A42C4E9011029D06FF041
:100180003305D2E7486900F0F7FFE061002831D07D
:100190002168C86A00287FF47DAF886900F0ECFF11
:1001A000A06238B3216876E7C00800F0E5FFE0639D
:1001B00000B3216883E7A06A00F0F2FF2368BBE781
:1001C000E06900F0EDFF2368B3E7E06B00F0E8FFC3
:1001D000B5E70E9AA3F18773A3F580639A42CED157
:1001E0000C9B1A0C012A02D19BB2012BA7D96FF0EC
:1001F00015059AE723689A6AC2B1DA6A8AB11B6B5D
:100200004BB16FF00B059AE71D4B1E4A1E4840F696
:10021000230104F0E1FDE06B00F0C2FF6FF00B057D
:100220008DE7A06A00F0BCFF2368E8E7E06900F012
:10023000B7FF2368E1E7154B124A134840F6130154
:1002400004F0CAFD124B0F4A0F484FF4026104F04C
:10025000C3FD104B0B4A0C4840F61F0104F0BCFDD7
:100260000D4B084A084840F6140104F0B5FD0B4B4D
:100270000B4A0548122104F0AFFD00BF6C6974748D
:1002800070890300248A0300BC870300D888030018
:100290004089030010890300F88803009C8703004D
:1002A000C889030003689A6A10B504462AB1DA6A5D
:1002B00052B11B6B7BB1002010BDC06900F070FF14
:1002C0002368DA6A002AF4D1A06A00F069FF236883
:1002D0001B6B002BEFD1E06B00F062FF002010BD24
:1002E000E2B170B4561E0E4D02680E444C1E14F856
:1002F000013F83EA020101F00F01A64255F82110E7
:1003000081EA121282EA131303F00F0355F8233027
:1003100083EA1212EBD170BC02607047704700BFD5
:10032000308A030010B5034B03600446FAF7BAFAAB
:10033000204610BD788A030010B5054B03600446C3
:10034000FAF7B0FA204603F089FA204610BD00BF44
:10035000788A030008B500F09BF9002008BD00BFB3
:1003600070B501F55A61CC0182B004F18006FF2519
:10037000012220460DF1070114448DF8075000F0CA
:100380008DF9A642F4D1002002B070BD08B501F588
:100390005A6102EBC110029A194600F07FF9B0FAD7
:1003A00080F04009404208BD08B501F55A6102EBF2
:1003B000C1111846029A00F089F90028CCBF00202C
:1003C0000120404208BD00BF38B500210546FAF7BC
:1003D00089FA98B94FF4DA24204604F5805400F0E5
:1003E00081F958B1B4F5E82FF6D12846FAF79CFA0E
:1003F00028460021BDE83840FAF774BA38BD00BF7E
:1004000010B5074C07492046FAF754FA064B23600B
:100410002046064A0649BDE8104004F0D7BC00BF9C
:10042000004200200C360020788A030000360020AD
:100430002503030010B504460069431C18D0E36887
:1004400023B161694FF48052984770B90A2004F0D3
:100450007FF8236820699847D4E9040163684FF462
:10046000805298470A2004F081F84FF0FF3323614F
:1004700010BD00BF2DE9F04F83B0019343B3DFF807
:10048000709005460E4690461F46C6F30B0ACAF505
:1004900080542B69BC4206EA090B28BF3C465B45E9
:1004A00028464146224617D0FFF7C4FFAB6868696B
:1004B000C5F810B059464FF48052984768694146D4
:1004C0002246504404F022FD3F1B2644A044DCD1C8
:1004D000019803B0BDE8F08F6869504404F016FD40
:1004E0003F1BA0442644D0D1019803B0BDE8F08F53
:1004F00000F0FFFF2DE9F84307691D467B1C064607
:100500008846144605D097420BD807F580539A4287
:1005100030D3B368214640462A4698472846BDE86E
:10052000F88353199F42F4D207F580539A42F0D2D0
:10053000A7EB04094A462146B3684046E71B9847A3
:100540007A1908EB09004FF4805C0021624528BF4E
:1005500062467369174619444F4404F0D7FCBD4204
:10056000DCD9B368E11908EB0700EA1B9847284675
:10057000BDE8F883A7EB040C0CF5805CE11B2A4670
:1005800040464FF00009E1E729DF704728DF704758
:1005900012DF704708B504F0ABFCB0FA80F04009F8
:1005A00008BD00BF10B5144604F0B0FC204610BDD5
:1005B000F0B583B0054600230DF1070017460C4641
:1005C00096088DF80730FFF7E3FF01E000F076FDB5
:1005D000324621462846FFF7D7FF112803464FF041
:1005E0000100F3D073B99DF8073013B9384603B052
:1005F000F0BD064B4FF0FF31186801F0ABFA3846FA
:1006000003B0F0BD0027384603B0F0BDA45200206F
:1006100030B5184D296883B00446D9B1240B01E0E8
:1006200000F04CFD2046FFF7B1FF112803464FF0C4
:100630000100F5D013B1002003B030BD0DF107006B
:100640008DF80730FFF7A4FF9DF807304BB9012064
:1006500003B030BD0A2000F023FE28600028DDD161
:10066000E9E728684FF0FF3101F074FA012003B088
:1006700030BD00BFA4520020044B186820B10023F5
:100680001A46194600F03EBE704700BFA452002033
:100690000148FFF7CFBE00BF4436002010B4094C1C
:1006A000A0420AD3B0F5E82F07D213465DF8044BF9
:1006B0000A4601460448FFF7DDBE4FF0FF305DF803
:1006C000044B7047006002004436002010B40C4612
:1006D00013460146224602485DF8044BFFF70ABF65
:1006E0004436002030B5184D296883B00446D9B18E
:1006F000240B01E000F0E2FC2046FFF747FF112841
:1007000003464FF00100F5D013B1002003B030BD17
:100710000DF107008DF80730FFF73AFF9DF807301D
:100720004BB9012003B030BD0A2000F0B9FD2860AC
:100730000028DDD1E9E728684FF0FF3101F00AFA1F
:10074000012003B030BD00BFA4520020F8B5174609
:1007500082B105460E46002402E00134A74207D0CC
:100760002B6816F8011B1B68284698470028F4D10F
:100770002046F8BD1446FBE72DE9F0410C46D9B1FF
:1007800007688046084605F01AFB7B68104A9342CA
:10079000064615D1D0B1002504E00135AE4208D09F
:1007A000D8F800703B6814F8011B404698470028B1
:1007B000F3D12846BDE8F0810D462846BDE8F0811A
:1007C000024621464046BDE8F04118470546F0E79D
:1007D0004D0703002DE9F0470768DFF894A0D7F82C
:1007E000049004460E4600293AD0084605F0E7FA80
:1007F000D145804622D1002836D0002503E00135BE
:10080000A845276820D03B6816F8011B204698476A
:100810000028F4D12768D7F80490D14518D13B6857
:100820000D212046984730B1236820461B680A21D5
:100830009847B8B102352846BDE8F08702463146F0
:100840002046C84727680546D7F80490D145E6D02A
:10085000064920460222C84705442846BDE8F087DD
:100860000D46DAE70135E6E70546D6E7808A03005C
:100870004D07030090F8A300704700BF38B590F90A
:100880009D30002B04460DDB5A09204820320121FF
:1008900003F01F0301FA03F340F82230BFF34F8F38
:1008A000BFF36F8F2369002101224FF48870C3F8D2
:1008B0000803C3F84411C3F858115A60DA6002E023
:1008C00003F0A8F92369D3F85821002AF8D0D3F807
:1008D0004421002AF4D04FF0FF320025C3F8005520
:1008E00004F11400C3F80C25C3F81425C3F8082537
:1008F000C3F8102503F062FED4F8A40001F0B2FAA8
:10090000C4F8A45084F8A35038BD00BF00E100E053
:10091000143003F065BE00BF143003F067BE00BFA3
:10092000143003F04FBE00BF08B5D0F8A40001F0AA
:100930008DFA002814BF4020002008BD90F8A33095
:1009400003B9704710B54FF0FF310446D0F8A4004A
:1009500001F000F90023D4F8A4001A46BDE81040C5
:10096000194600F0CFBC00BF10B503680F4A5B68A2
:1009700082B093428DF8071012D104464FF0FF3138
:10098000D0F8A40001F0E6F89DF8073084F85D3057
:10099000226901231846C2F84835936002B010BDA1
:1009A00001220DF10701984702B010BDB109030003
:1009B0002DE9F04716460AB30746884600F15D0A5E
:1009C00000254FF00109741B402C28BF40244FF034
:1009D000FF31D7F8A40001F0BDF808EB050122466D
:1009E000504604F093FA25443B69AE42C3F84845AB
:1009F000C3F80890E7D82846BDE8F0871546284692
:100A0000BDE8F087036870B51B6A744DAB4240F0D7
:100A1000AE800A4690F8A3100446002940F09F805B
:100A2000036990F89F00C3F80C0594F89E00C3F882
:100A3000140594F8A200012800F09D80C3F86C15FD
:100A4000B2F5966F45D9B2F5166F40F29F80B2F5B8
:100A5000965F40F29E80B2F5165F40F29C80B2F540
:100A6000615F40F29A80B2F5964F40F29880B2F5FD
:100A7000E14F40F2968047F612218A4240F293807D
:100A8000B2F5164F40F292804DF6C0218A4240F2F4
:100A90009080B2F5614F40F28F80B2F5963F40F200
:100AA0008E80B2F5E13F40F28C80B2F5613F40F2BA
:100AB0008B804B498A4240F28D80B2F5E12F40F2A3
:100AC0008680B2F5612F94BF4FF070624FF0805274
:100AD00001E04FF49E2294F99D00C3F824250821DB
:100AE00004F15D020025C3F800150028C3F8442571
:100AF00004F15C01C3F820514FF001024FF48875F6
:100B0000C3F83415C3F838251A60C3F8045327DB3B
:100B1000344D410900F01F062B186031B2406020AF
:100B200045F8212083F8000394F99D30002B07DB62
:100B30002C4903F01F0001225B09824041F8232069
:100B400003220021012000F069FB00231A46194608
:100B5000C4F8A40000F0D6FB012384F8A33070BDD4
:100B6000214A00F00F031A4460231376DCE7BDE846
:100B700070400022184794F8A010C3F8101594F89C
:100B8000A110C3F80815C3F86C0559E74FF41D22EE
:100B9000A1E7164A9FE7164A9DE7164A9BE7164AC1
:100BA00099E7164A97E74FF4000294E74FF41D02C5
:100BB00091E74FF465028EE74FF46B028BE7104A22
:100BC00089E74FF0EB7286E74FF06C7283E74FF0E6
:100BD000E86280E74FF080627DE700BF050C03000C
:100BE00090D0030000E100E0FCEC00E000B0130056
:100BF0000050270000F03A0000A04E0000C0750031
:100C000000903A0190F8A330002B40F0B08070B50E
:100C10000369044690F89F00C3F80C0594F89E0001
:100C2000C3F8140594F8A20001284AD0B1F5966FD4
:100C3000C3F86C2554D9B1F5166F40F2A080B1F518
:100C4000965F40F29F80B1F5165F40F29D80B1F54E
:100C5000615F40F29B80B1F5964F40F29980B1F50B
:100C6000E14F40F2978047F61222914240F2948081
:100C7000B1F5164F40F293804DF6C022914240F2FA
:100C80009180B1F5614F40F29080B1F5963F40F20E
:100C90008F80B1F5E13F40F28D80B1F5613F40F2C8
:100CA0008C804A4A914240F28E80B1F5E12F40F2A9
:100CB0008780B1F5612F94BF4FF070624FF0805282
:100CC00010E094F8A000C3F8100594F8A100C3F850
:100CD000080542F00102B1F5966FC3F86C25AAD859
:100CE0004FF49E2294F99D00C3F82425082104F1B5
:100CF0005D020025C3F800150028C3F8442504F15F
:100D00005C01C3F820514FF001024FF48875C3F81D
:100D10003415C3F838251A60C3F8045328DB2C4D6A
:100D2000410900F01F062B186031B240602045F8E1
:100D3000212083F8000394F99D30002B07DB244920
:100D400003F01F0001225B09824041F823200322A7
:100D50000021012000F062FA00231A461946C4F867
:100D6000A40000F0CFFA012384F8A33070BD7047CF
:100D7000184A00F00F031A4460231376DBE74FF4A0
:100D80001D22AFE7144AADE7144AABE7144AA9E7BE
:100D9000144AA7E7144AA5E74FF40002A2E74FF46C
:100DA0001D029FE74FF465029CE74FF46B0299E741
:100DB0000E4A97E74FF0EB7294E74FF06C7291E7B1
:100DC0004FF0E8628EE74FF080628BE790D003002F
:100DD00000E100E0FCEC00E000B013000050270050
:100DE00000F03A0000A04E0000C0750000903A01EB
:100DF00008B5054B1BB1054803F0F2FB00B908BD6F
:100E0000AFF3008008BD00BF00000000BC5200200E
:100E100010B5114C2369D3F810213AB10022C3F860
:100E20001021D3F83C2572B901221A60D3F8202191
:100E300002B910BD0021D4F8A400C3F82011BDE808
:100E4000104000F0FBBC94F85C1004F1140003F0B7
:100E5000A7FB2369E8E700BFA852002038B50E4C75
:100E60000E4A20464FF47A73002540F8142BC4E94B
:100E7000015303F089FB0A4B0A481A6A9B6984F8FC
:100E80009F300221A4F8A250C4F8A450206184F835
:100E90009D1084F89E2038BDA85200208C8A030043
:100EA000188B030000200040884238B5054607DA59
:100EB0000C1A04F0D9FE90FBF4F101FB14010D446F
:100EC000284638BDF8B50026C0E9006604468660AD
:100ED00079B108460D4604F072FF0746013000F074
:100EE000FBF830B1C4E900070670A760294604F09A
:100EF0004DFF2046F8BD00BFF8B588424FF0000511
:100F0000C0E90055044685600DD00E685EB18F685B
:100F1000781C00F0E1F830B1C4E900070570A76063
:100F2000314604F033FF2046F8BD00BF30B504461B
:100F300000238BB0C4E90033A360084601A902F086
:100F4000FDFB01A804F03BFF2368054613B162686E
:100F500090420BD91846691C00F0EEF8034668B1C0
:100F6000A268C4E900050AB902702368A56001A956
:100F7000184604F00BFF20460BB030BD206808B1C6
:100F800000F0C4F800232046C4E9013323600BB00D
:100F900030BD00BF10B50446006800F0B7F8204629
:100FA00010BD00BF884270B504461FD00D680068B0
:100FB000ADB18E6810B163689E4209D9711C00F012
:100FC000BBF858B1A368C4E900060BB903702068E8
:100FD000A660294604F0DAFE204670BD206808B1FC
:100FE00000F094F80023C4E901332360204670BD6B
:100FF000884238B5044612D000680D4628B16268B0
:101000008B689A420DD200F081F8D5E90031AA68C8
:1010100023600023C4E90112C5E90033AB60204618
:1010200038BD096804F0B2FEAB68A3600023AB6072
:10103000204638BD814238B5044612D000680D46BE
:1010400028B162688B689A420DD200F05FF8D5E94A
:101050000031AA6823600023C4E90112C5E9003306
:10106000AB60204638BD096804F090FEAB68A36011
:101070000023AB60204638BD826808B50B463AB104
:1010800061B1006804F078FEB0FA80F0400908BD54
:1010900031B11878B0FA80F0400908BD0368F8E76C
:1010A000012008BD08B501F06BFA4FF47A73A0FB7C
:1010B0000323900A40EA835008BD00BF08B50146EB
:1010C00000238002890D4FF47A7203F0EFFCBDE833
:1010D000084001F08DBB00BF10B5044601F0E4FDEF
:1010E000022804D02046BDE8104003F0F1BE01F014
:1010F0003FFA204603F0ECFE044601F0E9FA0CB199
:10110000204610BD02F094FDFAE700BF10B504467A
:1011100001F0CAFD02280AD144B101F029FA2046A3
:1011200003F0DEFEBDE8104001F0D2BA10BD20464B
:10113000BDE8104003F0D4BE10B582B00446019162
:1011400001F0B2FD0228019905D0204602B0BDE8A9
:10115000104004F0BDBD01F00BFA2046019904F0E7
:10116000B7FD044601F0B4FA14B1204602B010BD38
:1011700002F05EFDF9E700BF10B582B0019001F00A
:10118000F7F9019803F0A4FE044601F0A1FA14B1A6
:10119000204602B010BD02F04BFD204602B010BD4B
:1011A00050B110B5044601F0E3F9204603F098FE73
:1011B000BDE8104001F08CBA704700BF38B51C463E
:1011C0009DF8105043B3002908BF1A460123C4E913
:1011D0000F01226084F8463002F0BEF8D4E90F1304
:1011E0002268A26001FB03F1CB1A134400200A44D9
:1011F000FF21A063E36084F84410626084F8451026
:1012000004F1100003F0FAF904F1240003F0F6F9F8
:1012100002F0ACF884F84C50204638BDF8B50646CC
:1012200017460D4669B100FB01F05030FFF7A4FFEF
:10123000044690B3002200F1500380F8462003607A
:1012400007E05020FFF798FF044630B384F846507B
:101250002460C4E90F6502F07FF8D4E90F13226817
:10126000A26001FB03F1CB1A134400200A44FF21C2
:10127000A063E36084F84410626084F8451004F1D0
:10128000100003F0BBF904F1240003F0B7F902F0F9
:101290006DF884F84C702046F8BD00242046F8BD57
:1012A000F8B5064650200D46FFF766FF044630B3FA
:1012B00000272060C66380F84670076402F04CF88F
:1012C000D4E90F322168A76303FB02F39A1A0A4498
:1012D0000B44FF26C4E90131E26084F8446004F164
:1012E000100084F8456003F089F904F1240003F04C
:1012F00085F902F03BF80223A56384F84C302046C0
:10130000F8BD00BF2DE9F047044684B01F460192A6
:10131000884600F1240602F01FF8A26BE36BDFF8A9
:1013200040939A424FF0000A7CD3022F00F0E880ED
:10133000019D002D00F0128102ADBAF1000F00F006
:10134000DB8002F013F801F013F902F005F894F8CD
:101350004430FF2B04BF002384F8443094F8453018
:10136000FF2B04BF002384F8453001F0FFFF28461F
:1013700001A901F043FC002840F0F68001F0ECFFE9
:10138000A26BE36B9A4261D001F0F0FF01F0E4FF41
:1013900094F845506DB2002D05DC12E06B1E13F081
:1013A000FF0F5DB20DD0636A304653B101F0C8FB48
:1013B0000028F3D001F056FC6B1E13F0FF0F5DB256
:1013C000F1D1FF2384F8453001F0D0FF01F0C4FFD4
:1013D00094F844506DB2002D15DD04F1100A04E0BC
:1013E0006B1E13F0FF0F5DB20DD02369504653B151
:1013F00001F0A6FB0028F3D001F034FC6B1E13F0C3
:10140000FF0F5DB2F1D1FF2384F8443001F0AEFF4D
:1014100001F05EF901F0A0FFA26BE36B9A424FF07E
:10142000010A82D2226CA56B002A40F0E780266870
:10143000002E00F0F9800135A563636A002B7CD192
:1014400001F094FF012004B0BDE8F08704F1100A18
:1014500001F08CFF0199504601F0F6FA01F07CFF93
:1014600094F845506DB2002D05DC12E06B1E13F0B0
:10147000FF0F5DB20DD0636A304653B101F060FBDF
:101480000028F3D001F0EEFB6B1E13F0FF0F5DB2EE
:10149000F1D1FF2384F8453001F068FF01F05CFFD3
:1014A00094F844506DB2002D05DC12E06B1E13F071
:1014B000FF0F5DB20DD02369504653B101F040FBE0
:1014C0000028F3D001F0CEFB6B1E13F0FF0F5DB2CE
:1014D000F1D1FF2384F8443001F048FF01F0F8F81F
:1014E000002897D14FF08053C9F8043040BFBFF3B4
:1014F0004F8FBFF36F8F8DE7284601F073FB20E716
:10150000226CA56B002A92D04146E06803F0FEFCF5
:10151000226CE36821689B1A8B42E360C2F10002EF
:1015200004D263681A44E260022F84D1002D83D173
:101530000123A363636A002B82D004F1240001F02D
:10154000FFFA00283FF47CAF454B4FF080525A60C1
:1015500040BFBFF34F8FBFF36F8F71E701F006FFFE
:10156000284604B0BDE8F08701F0F6FE94F8455037
:101570006DB2002D15DD04F1240604E06B1E13F09E
:10158000FF0F5DB20DD0636A304653B101F0D8FA57
:101590000028F3D001F066FB6B1E13F0FF0F5DB265
:1015A000F1D1FF2384F8453001F0E0FE01F0D4FED4
:1015B00094F844506DB2002D15DD04F1100604E0DE
:1015C0006B1E13F0FF0F5DB20DD02369304653B18F
:1015D00001F0B6FA0028F3D001F044FB6B1E13F0C3
:1015E000FF0F5DB2F1D1FF2384F8443001F0BEFE5D
:1015F00001F06EF8002004B0BDE8F087414607BB5B
:10160000A06803F083FCA368216C62680B449342DA
:10161000A360FFF410AF0135A563636A2268A2607E
:10162000002B3FF40DAF88E76068013501F092FBB5
:10163000A563636A6660002B7FF47FAF002883D1C7
:10164000FEE6E06803F062FC226CE36821689B1A06
:101650008B42E360C2F10002BFF466AF61E700BFF6
:1016600000ED00E0F8B50C4679B3002501232160B8
:10167000C1E90F3581F84630064601F06DFED4E928
:101680000F322168A56303FB02F39A1A0A440B4444
:10169000FF27C4E90131E26084F8447004F11000CE
:1016A00084F8457002F0AAFF04F1240002F0A6FFBE
:1016B00001F05CFEC4E90055E56084F84C602B46FF
:1016C0002A4629462046FFF71DFE2046F8BD00BFEA
:1016D000F8B506465020FFF74FFD044670B30025CD
:1016E00001232060C0E90F3580F8465001F034FE38
:1016F000D4E90F322168A56303FB02F39A1A0A4466
:101700000B44FF27C4E90131E26084F8447004F11E
:10171000100084F8457002F071FF04F1240002F01B
:101720006DFF01F023FEC4E90055E56084F84C60CC
:101730002B462A4629462046FFF7E4FD2046F8BD01
:101740002DE9F043044683B016469946EFF311881D
:10175000402282F31188806BE26B90421ED3022BF1
:1017600005D0002088F3118803B0BDE8F08394F819
:101770004550226CA76B6DB232BB2368002B47D05B
:1017800001376B1CA76335D001356DB284F8455025
:10179000012088F3118803B0BDE8F08394F8455028
:1017A000226CA76B6DB2002AE7D0002B38D1A0685D
:1017B00003F0ACFBA368216C62680B449342A36006
:1017C00024BF2368A360DBE7E06803F09FFB226C83
:1017D000E0682168801A8842E060C2F1000205D208
:1017E00061680A44E260B9F1020FC9D1012F38BF24
:1017F0000127C6E7636A002BCAD004F1240001F078
:101800009FF90028C4D0002EC2D001203060A9E783
:101810006068019301F09EFA019B63600137B0E7B5
:10182000E06803F073FB226CE0682168801A88424C
:10183000E060C2F10002D6D2D2E700BF10B582B09C
:10184000EFF31184402383F31188836BC26B9A42B8
:101850000FD990F845200133FF2A836353B20DD08E
:1018600001335BB280F84530012084F3118802B067
:1018700010BD002084F3118802B010BD436A002B14
:10188000F2D02430019101F05BF90028ECD00199ED
:101890000029E9D001200860ECE700BF2DE9F04302
:1018A000044685B00F46019201F056FDA56B002D50
:1018B00040F02781019B002B00F0D28002A801F0AC
:1018C00091F9DFF88C8204F1240601F04FFD00F05D
:1018D0004FFE01F041FD94F84430FF2B04BF00237C
:1018E00084F8443094F84530FF2B04BF002384F87B
:1018F000453001F03BFD01A902A801F07FF9002865
:101900005BD101F029FDA36B002B40F0AF8001F00B
:101910002DFD0199304601F097F801F01DFD94F876
:1019200045506DB2002D05DC12E06B1E13F0FF0F69
:101930005DB20DD0636A304653B101F001F9002861
:10194000F3D001F08FF96B1E13F0FF0F5DB2F1D1F0
:10195000FF2384F8453001F009FD01F0FDFC94F807
:1019600044506DB2002D15DD04F1100904E06B1E2A
:1019700013F0FF0F5DB20DD02369484653B101F05B
:10198000DFF80028F3D001F06DF96B1E13F0FF0FA4
:101990005DB2F1D1FF2384F8443001F0E7FC00F0A0
:1019A00097FE002853D14FF08053C8F8043040BF51
:1019B000BFF34F8FBFF36F8F49E001F0CDFC94F878
:1019C00045506DB2002D05DC12E06B1E13F0FF0FC9
:1019D0005DB20DD0636A304653B101F0B1F8002812
:1019E000F3D001F03FF96B1E13F0FF0F5DB2F1D1A0
:1019F000FF2384F8453001F0B9FC01F0ADFC94F808
:101A000044506DB2002D15DD04F1100904E06B1E89
:101A100013F0FF0F5DB20DD02369484653B101F0BA
:101A20008FF80028F3D001F01DF96B1E13F0FF0FA3
:101A30005DB2F1D1FF2384F8443001F097FC00F04F
:101A400047FE01F089FCA36B53B101F08FFC01F05C
:101A500083FCA56B002D54D1019B002B7FF435AF87
:101A600001F084FC002005B0BDE8F08301F07EFCAD
:101A700001F072FC94F845506DB2002D05DC12E0C7
:101A80006B1E13F0FF0F5DB20DD0636A304653B189
:101A900001F056F80028F3D001F0E4F86B1E13F0C3
:101AA000FF0F5DB2F1D1FF2384F8453001F05EFCF9
:101AB00001F052FC94F844506DB2002D15DD04F194
:101AC000100904E06B1E13F0FF0F5DB20DD0236907
:101AD000484653B101F034F80028F3D001F0C2F8C1
:101AE0006B1E13F0FF0F5DB2F1D1FF2384F8443079
:101AF00001F03CFC00F0ECFD01F02EFCA56B002D8C
:101B0000AAD0226C52B1E168636811449942E16045
:101B100024BF2168E160384603F0F8F9013DA56370
:101B200023692BB901F022FC012005B0BDE8F08348
:101B300004F1100001F004F80028F3D0044B4FF03A
:101B400080525A6040BFBFF34F8FBFF36F8FE9E7FA
:101B500000ED00E02DE9F043044685B000F12406D5
:101B6000019101F0F9FBA36BDFF8DC820027B94695
:101B7000002B40F0D780019D002D00F0418102AD87
:101B8000B9F1000F00F0DE8001F0F0FB00F0F0FC96
:101B900001F0E2FB94F84430FF2B04BF002384F8EB
:101BA000443094F84530FF2B04BF002384F84530BF
:101BB00001F0DCFB284601A901F020F800285FD1E4
:101BC00001F0CAFBA36B002B40F0C88001F0CEFBF4
:101BD0002368002B00F01B810199304600F034FF90
:101BE00001F0BAFB94F845506DB2002D05DC12E00F
:101BF0006B1E13F0FF0F5DB20DD0636A304653B118
:101C000000F09EFF0028F3D001F02CF86B1E13F0BB
:101C1000FF0F5DB2F1D1FF2384F8453001F0A6FB40
:101C200001F09AFB94F844506DB2002D15DD04F1DB
:101C3000100904E06B1E13F0FF0F5DB20DD0236995
:101C4000484653B100F07CFF0028F3D001F00AF8B9
:101C50006B1E13F0FF0F5DB2F1D1FF2384F8443007
:101C600001F084FB00F034FD002853D14FF0805385
:101C7000C8F8043040BFBFF34F8FBFF36F8F49E008
:101C800001F06AFB94F845506DB2002D05DC12E0BE
:101C90006B1E13F0FF0F5DB20DD0636A304653B177
:101CA00000F04EFF0028F3D000F0DCFF6B1E13F0B5
:101CB000FF0F5DB2F1D1FF2384F8453001F056FBF0
:101CC00001F04AFB94F844506DB2002D15DD04F18B
:101CD000100904E06B1E13F0FF0F5DB20DD02369F5
:101CE000484653B100F02CFF0028F3D000F0BAFFB3
:101CF0006B1E13F0FF0F5DB2F1D1FF2384F8443067
:101D000001F034FB00F0E4FC01F026FBA36BEBB127
:101D100001F02CFB01F020FBA36B4FF00109002B1D
:101D20003FF429AF2268013BA363002A00F08880BA
:101D30002369002B74D101F019FB0127384605B047
:101D4000BDE8F083284600F04DFF1DE701F00EFBD3
:101D5000002F4AD1384605B0BDE8F08301F006FBFC
:101D600001F0FAFA94F845506DB2002D05DC12E04E
:101D70006B1E13F0FF0F5DB20DD0636A304653B196
:101D800000F0DEFE0028F3D000F06CFF6B1E13F0B5
:101D9000FF0F5DB2F1D1FF2384F8453001F0E6FA80
:101DA00001F0DAFA94F844506DB2002D15DD04F11B
:101DB000100904E06B1E13F0FF0F5DB20DD0236914
:101DC000484653B100F0BCFE0028F3D000F04AFFB3
:101DD0006B1E13F0FF0F5DB2F1D1FF2384F8443086
:101DE00001F0C4FA00F074FC94E701F0B5FA616AFE
:101DF00019B1236B1968C1F10501606800F0DAFFC1
:101E000001F0B4FA0027384605B0BDE8F08301F0D0
:101E1000A3FA606800F058FF074601F0A7FADBE676
:101E200004F1100000F08CFE002884D0064B4FF027
:101E300080525A6040BFBFF34F8FBFF36F8F7AE776
:101E400000F0F2FF606073E700ED00E010B50446BB
:101E500082B001F081FAA06B019001F087FA01983D
:101E600002B010BD104B5A68904208D0DA68904218
:101E700008BF012204D090F8463093B17047002289
:101E8000002110B403EBC20443F8321090F846303E
:101E9000616013B15DF8044B70475DF8044BFFF7C8
:101EA0007FB9FFF77DB900BF805D0020074B1A683E
:101EB0001AB19A6802B17047012210B403EBC20450
:101EC00043F8321060605DF8044B7047805D00207D
:101ED00070B504460E46154601F03EFA94F84430BB
:101EE000FF2B04BF002384F8443094F84530FF2BC7
:101EF00004BF002384F8453001F038FAA36B002BAF
:101F000045D001F029FA94F845506DB2002D15DD49
:101F100004F1240604E06B1E13F0FF0F5DB20DD038
:101F2000636A304653B100F00BFE0028F3D000F096
:101F300099FE6B1E13F0FF0F5DB2F1D1FF2384F801
:101F4000453001F013FA01F007FA94F844506DB2ED
:101F5000002D15DD04F1100604E06B1E13F0FF0FD9
:101F60005DB20DD02369304653B100F0E9FD002881
:101F7000F3D000F077FE6B1E13F0FF0F5DB2F1D1CE
:101F8000FF2384F84430BDE8704001F0EFB92A46E1
:101F9000314604F1240000F093FDB2E72DE9F04151
:101FA000044601F0D9F9344A344D13680133136003
:101FB0002B68002B30D0324E336833B3E36A31489C
:101FC000314907680A689F4238BF03602F480132D1
:101FD00003EB83030A6000EB8300E263211D02F040
:101FE0001DFB01F0C3F933686BB12A68E36AD26A5A
:101FF0009A4208D2264B4FF080525A6040BFBFF33E
:102000004F8FBFF36F8FBDE8F0812A68E36AD26A11
:102010009A4298BF2C60D2E72C601368012B02D043
:10202000E36A174ECBE71948DFF89080194F144E3A
:1020300002F0E4FA184802F0E1FA184802F0DEFA79
:10204000174802F0DBFA174802F0D8FA404602F0CF
:10205000D5FA384602F0D2FA134802F0CFFA134804
:1020600002F0CCFA124802F0C9FA124B124AC2F836
:1020700000801F60E36AA2E7C05300205053002095
:1020800020540020D4530020D05300205C53002063
:1020900000ED00E0EC53002070530020845300203A
:1020A00098530020AC5300200C54002038540020DA
:1020B000245400205853002054530020D8530020AB
:1020C0002DE9F843DDE909C4002C66D0BCF1000F0E
:1020D00060D00D46960098460223324684F851306F
:1020E000A5210746C4F830C0604602F037FF2A78C1
:1020F00084F83420236B2978321F1A4422F0070613
:1021000001B36B7884F835306B78DBB1AB7884F849
:102110003630AB78B3B1EB7884F83730EB788BB1ED
:102120002B7984F838302B7963B16B7984F83930A6
:102130006B793BB1AB7984F83A30AB7913B1EB7979
:1021400084F83B30089D042D28BF04254FF000097A
:10215000E5626564201D84F83B90C4F8489002F065
:1021600059FAC5F1050504F1180002F053FAC4F854
:102170004C9042463946A561246184F850906462CF
:10218000304601F0ADF820602046FFF707FF2046FB
:10219000BDE8F8836046BDE8F8832046BDE8F883D3
:1021A0002DE9F0479600804630460D469946FEF7E9
:1021B000E3FF002862D007465420FEF7DDFF044607
:1021C00000285FD000230763324684F85130384638
:1021D000A52102F0C3FE2B7884F834302B78D4F894
:1021E00030A003B36B7884F835306B78DBB1AB7813
:1021F00084F83630AB78B3B1EB7884F83730EB78CD
:102200008BB12B7984F838302B7963B16B7984F8F2
:1022100039306B793BB1AB7984F83A30AB7913B193
:10222000EB7984F83B30089D042D28BF0425002756
:10223000E5626564201D84F83B70A764043E02F0EB
:10224000E9F9C5F1050504F11800564402F0E2F978
:10225000E764A56126F0070084F850702461646289
:102260004A46414601F03CF8099B206003B11C60DE
:102270002046FFF793FE0120BDE8F0874FF0FF30C6
:10228000BDE8F0873846FEF78BFF4FF0FF30F3E7ED
:1022900070B50446534E01F05FF8002C00F08280C8
:1022A000251D284602F0E2F9A36A1BB104F11800CB
:1022B00002F0DCF929464C484C4D02F0AFF994F895
:1022C0005030012B04BF002384F8503001F04EF849
:1022D0002B68002B57D13368A34200D070BD2B6808
:1022E000002B66D14049424A0968126891426AD07F
:1022F000404B1B68002B68D13F4A1360326833683B
:1023000012681B6B9A4266D93C4C3D4B226802EB2B
:10231000820080009100185828BB501E00EB8005F9
:10232000AD0081005D59002D53D1901E00EB80055A
:10233000AD0081005D59002D4BD1D01E00EB800512
:10234000AD0081005D59002D43D1101F00EB8005C9
:10235000AD0081005D59002D3BD1053A02EB8200B2
:10236000800091001858114403EB81000346416836
:10237000496841600833994204BF49684160CB68AD
:102380003360226070BD00F0E7FF1E4B1A681268D0
:1023900052B11A681C4BD268D26852681A6000F0B9
:1023A000E5FF98E734687BE7174B4FF0FF321A6080
:1023B000F5E7164B4FF080525A6040BFBFF34F8F86
:1023C000BFF36F8F70BD336070BD0B4B01221A607D
:1023D00070BD0246C7E730683168343101F026FC31
:1023E00092E700BF505300202454002020540020C6
:1023F000C0530020CC53002050540020D453002060
:102400005C530020545300200454002000ED00E0F1
:1024100098B130B51D4D2B68834283B004460AD075
:1024200000F09AFF1A4B62699A4207D003B0BDE8E8
:10243000304000F09BBF03B030BD7047A36A154A1F
:102440009342F3D0002BF1D1211D0846019102F0F7
:102450000DF9114AE36A1068019983420F4888BF59
:10246000136003EB830300EB830002F0D7F82B68C3
:10247000E26ADB6A9A42D9D3094B4FF080525A6024
:1024800040BFBFF34F8FBFF36F8FCFE75053002094
:10249000245400200C540020D45300205C5300200E
:1024A00000ED00E070B584B0002503AA02A901A8E0
:1024B000CDE9015501F0BEFB019C002C46D00298ED
:1024C000002843D0039E20630223B6003246A52194
:1024D00084F8513002F042FD206B1F4B6363043ED1
:1024E0000644C4E91155201D84F8385084F83B5047
:1024F000E56202F08FF804F1180002F08BF826F084
:10250000070605231549A3612A46E5643046246180
:10251000646284F8505000F0E3FE20602046FFF72C
:102520003DFD0F4B1C6000F0EFFD012811D1402351
:1025300083F311880B490C4A0C4B4FF0FF340C60AD
:1025400010601D6000F0E2FE04B070BD044B00227C
:102550001A6004B070BD00BF49444C4575280300A3
:102560000054002004540020205400204C5400202B
:10257000024A136801331360704700BFCC53002038
:10258000014B1868704700BF4C540020024A136882
:1025900018441060704700BF4C5400202DE9F04FE4
:1025A000404B1B6883B0002B46D13F4B1E68013661
:1025B0001E60002E4ED0DFF808B1DBF80030B342C9
:1025C0005FD83A4F3B681D68002D65D0DFF8F48076
:1025D000DFF8F4A0DFF8F490002522E0019102F08A
:1025E00045F8A36A019904F1180013B102F03EF80E
:1025F0000199E36AD8F8002003EB830093420AEBC9
:10260000800088BFC8F8003002F008F8D9F8002030
:102610003B68E16AD26A1B68914228BF0125002B02
:102620003AD03B68DB68DC686368211D9E4208463F
:10263000D4D2CBF8003004E01D4A13680133136094
:1026400000251C4B1B68002B0CBF2846012003B043
:10265000BDE8F08F154B184A1868184914681C60BB
:1026600010600A6801320A601A6812685AB9DFF805
:1026700050B04FF0FF33CBF80030DBF80030B342FE
:102680009FD90025DDE71B68DFF834B0DB68DB6825
:102690005B68CBF8003090E74FF0FF33CBF80030A9
:1026A000CFE700BFCC5300204C54002054530020EF
:1026B000C8530020505400205853002008540020D4
:1026C00004540020D45300205C53002050530020B9
:1026D0002DE9F04F83B000F03FFE3A4B1A68013A03
:1026E0001A601B68002B55D1374B1B68002B51D04B
:1026F000364D2B68002B62D0354EDFF8EC80354F1D
:10270000DFF8E8904FF0010AEB68DC6804F1040B95
:1027100004F1180001F0AAFF584601F0A7FFE36A90
:10272000326803EB83009342594608EB800088BF70
:10273000336001F073FF3B68E26ADB6A9A4231D38F
:10274000C9F800A02B68002BDED1234B1A68126851
:10275000002A2FD01A68214BD268D26852681A60BA
:102760001F4E346844B10125FFF718FF08B1C9F8BE
:102770000050013CF8D13460D9F8003053B1194B06
:102780004FF080525A6040BFBFF34F8FBFF36F8F3F
:10279000012000E00020019000F0E8FD019803B066
:1027A000BDE8F08F2B68002BAED10B4B1A68126876
:1027B000002ACFD1094B4FF0FF321A60D0E7DFF883
:1027C0002C90CDE7CC530020C05300200C540020A7
:1027D000D4530020505300205453002004540020B0
:1027E000C853002000ED00E05C530020505400204E
:1027F00070B548B9184B4FF080525A6040BFBFF3D4
:102800004F8FBFF36F8F70BD144A15491368154D74
:10281000013313600E6804462868043001F026FF77
:102820002B68A4195C600FD20F4B1868296804311B
:1028300001F004FF0D4B1A68944238BF1C60FFF78B
:1028400047FF0028D6D070BD094B186829680431AD
:1028500001F0F4FEF3E700BF00ED00E0CC530020F0
:102860004C540020505300205453002004540020A6
:10287000585300202DE9F84F3A4CDFF804913A4DB7
:102880003A4EDFF800813A4FDFF8FCB02368EBB135
:1028900000F062FDD9F80C30D3F80CA00AF1040066
:1028A00001F0E4FE2B68013B2B602368013B2360B1
:1028B00000F05CFD9AF85130002B34D0012BE5D1AB
:1028C0005046FEF76DFC2368002BE1D13368012BE5
:1028D00008D94FF08053CBF8043040BFBFF34F8F7F
:1028E000BFF36F8F00F0E4FED8F800301BBB3B68ED
:1028F000DB6A002BCAD13368012BC7D81D4B1E4A97
:102900001B6812689B1A012BC0D91C4A136801333B
:102910001360D8F80030A3B13B68DB6A03B93368B1
:10292000FFF7D6FEB2E7DAF83000FEF739FC504682
:10293000FEF736FCAAE73B68DB6A002BA6D13368BA
:10294000A4E73B68DB6A002BEAD13368012BE7D8A8
:10295000084B1868084B1B68C01A0128E0D900F022
:1029600075FDDDE7C4530020C05300205C530020F8
:1029700050530020045400204C540020CC5300201D
:1029800038540020D453002000ED00E0294B1B6890
:102990001BB1294B01221A607047274A70B5274C9A
:1029A00013602268236812681B6B9A423CD9244D3D
:1029B000244B2A6802EB820080009100185808BB63
:1029C000501E00EB8006B60081009E5956BB901E3B
:1029D00000EB8006B60081009E591EBBD01E00EBA6
:1029E0008006B60081009E59E6B9101F00EB8006F4
:1029F000B60081009E59AEB9053A02EB8200800014
:102A000091001858114403EB81000346416849685E
:102A100041600833994204BF49684160CB68236034
:102A20002A6070BD0246EDE720682168343101F06C
:102A3000FDF8BCE7CC530020505400205053002038
:102A4000D45300205C53002070B5174D2B680C4602
:102A500003F1180101F0F2FD144B1E6828680430E0
:102A600001F004FE631C17D02B68A4195C6007D327
:102A70000F4B18682968BDE87040043101F0DEBDD5
:102A80000C4B18682968043101F0D8FD0A4B1A680C
:102A9000944238BF1C6070BD29680848BDE870408A
:102AA000043101F0BBBD00BF505300204C54002046
:102AB0005853002054530020045400202454002074
:102AC00070B5194D2B6816460C4603F1180101F03C
:102AD000A5FD164B5EB11B682868043001F0C6FDE9
:102AE00029681348BDE87040043101F097BD1E68A5
:102AF0002868043001F0BAFD2B68A4195C6007D384
:102B00000C4B18682968BDE87040043101F096BD8F
:102B1000094B18682968043101F090FD074B1A68C9
:102B2000944238BF1C6070BD505300204C540020AC
:102B300024540020585300205453002004540020F3
:102B400030B5C368DC6804F1180583B0284601F08D
:102B50008DFD1C4B1B683BBB211D0846019101F0FC
:102B600085FD194AE36A106801998342174888BFB6
:102B7000136003EB830300EB830001F04FFD144B64
:102B8000E26A1B68DB6A9A4282BF124B012018601E
:102B9000114B1A68126898BF002052B90F4B4FF0C2
:102BA000FF321A6003B030BD0D48294601F036FDF2
:102BB000E5E71A68094BD268D26852681A6003B018
:102BC00030BD00BFCC530020D45300205C53002004
:102BD000505300205054002054530020045400202F
:102BE0000C540020034A044B12681B68C0E9002300
:102BF000704700BF085400204C540020F0B50D462B
:102C000083B0044600F0A8FB2B68144A591C1068D6
:102C10001DD0DFF84CC0D4E90061DCF80070BE4282
:102C200008D0814206D80120019000F09FFB019856
:102C300003B0F0BD471ABB420BD91B1A0B44DCF89A
:102C4000001012682B600020C4E90012ECE700209D
:102C5000EAE700232B600120E6E700BF4C54002088
:102C600008540020014B01221A6070475054002084
:102C7000094B186818B9094B1B6813B1704700203D
:102C80007047074A074B10681B68013B984214BF06
:102C900001200220704700BF0C5400205054002037
:102CA00024540020C0530020054B1B6833B1054B52
:102CB0001B68002B0CBF02200020704701207047CA
:102CC00020540020CC53002070B5044682B0C8B117
:102CD0001D4DC36A2A68D26A934215D28269002ABE
:102CE00004DB2A68D26AC2F105028261174E62696A
:102CF00003EB830306EB83039A420ED02B68DB6A57
:102D0000E362012002B070BD2B68406CDC6AA04217
:102D10002CBF0020012002B070BD211D084601918A
:102D200001F0A4FC2A680A4BD06A1A680199E06293
:102D3000904200D9186000EB800006EB800001F0A3
:102D40006DFC0120DEE700BF505300205C530020E3
:102D5000D453002068B130B5836CC16A426C013B2A
:102D6000914283B00446836400D023B1002003B0B5
:102D700030BD00207047011D0846019101F076FC2E
:102D80000A4A636C1068E3628342094888BF136093
:102D9000C3F1050503EB830300EB83000199A561F3
:102DA00001F03CFC012003B030BD00BFD453002033
:102DB0005C53002070B130B5426CC36A914238BF99
:102DC00011468B4283B0044602D0826C012A02D0A5
:102DD00003B030BD70478269114DC162002A03EB18
:102DE00083034269A8BFC1F1050105EB8303A8BFB6
:102DF00081619A42ECD1011D0846019101F036FC37
:102E0000084BE06A1A680199904288BF186000EB8D
:102E1000800005EB800003B0BDE8304001F0FEBB50
:102E20005C530020D4530020044B1A681AB119686F
:102E30008A6C01328A641868704700BF50530020C2
:102E40002DE9F0431D4EDFF87C9085B04FF000086F
:102E50000CE0DB68DC681F68251D284601F006FCD5
:102E6000636A20469847E369012B0AD033681A68E1
:102E7000002AEED1124A11683160136005B0BDE836
:102E8000F083A3693B449F42294610D3D9F8003010
:102E9000002BEBD0CDE900870294FFF705FF00235C
:102EA000D9F800001A466946FEF72CFADEE73068CA
:102EB0006360246101F0C2FBD8E700BF54540020D6
:102EC00058540020D85600202DE9F04F894E8A4CE6
:102ED000DFF82C82894DDFF82CA28BB03368D3F851
:102EE00000B0BBF1000F00F0A980DB68D3F800B0A0
:102EF000FFF73EFBFFF744FB22688242814600F267
:102F0000AE808345206040F2BF8000222868ABEB92
:102F10000901FEF7DDFFFFF7DBFB40B94FF08053FF
:102F2000CAF8043040BFBFF34F8FBFF36F8F2868DC
:102F3000002202A9FEF7B2FC0028CFD0029B002B92
:102F400073DBDDF81090D9F814301BB109F10400DF
:102F500001F08CFBFFF714FB236898420746C0F092
:102F60008580029B2760092BE1D801A252F823F04B
:102F7000992F0300992F0300992F03002F2F03008F
:102F8000F32F03001B300300992F0300992F030038
:102F90002F2F0300F32F03000398D9F81830C9F836
:102FA0001090C2182CBF01210021BA42C9F8042098
:102FB0005FD8381A834228D8D9F824304846984731
:102FC000D9F81C302868012BB2D10028B0D0D9F82C
:102FD0001820039B00211344CDE907390691FFF720
:102FE00063FE002328681A4606A9FEF78BF92868B5
:102FF0009EE7039BC9F81090DA19BA42C9F8183055
:10300000C9F8042039D8002B91D0D8F8000009F174
:10301000040101F013FB28688AE799F82C30002B93
:1030200085D14846FEF7BCF881E7039BDDE9040142
:103030009847029B002BFFF67AAF82E7FFF798FADA
:10304000FFF79EFA22689042814608D3D8F8002004
:10305000C4F800901268B2FA82F2520956E7FFF7FC
:10306000EFFEC4F80090FFF733FB60E7FFF7E8FEE0
:1030700077E7B84201D900299ED0306809F10401F0
:1030800001F0DCFA286853E7FFF722FB3268D268C8
:10309000D768391D0846019101F0E8FAF8690199ED
:1030A000012803D07B6A3846984740E7BA693F61F8
:1030B0000BEB02004845786003D9306801F0BEFA96
:1030C000F0E7A9EB0B039A420FD82B68002BE9D04D
:1030D0000023CDE9063B0897FFF7E6FD00232868AB
:1030E0001A4606A9FEF70EF9DCE7D8F8000001F051
:1030F000A5FAD7E75454002084560020D856002063
:103100005854002000ED00E0F0B51F4C89B000F0ED
:1031100023F92568F5B100F029F92068C0B1002431
:1031200007AA06A905A8CDE9054400F091FDDDE94F
:1031300005310222CDE900210293079A1349144870
:103140002346FEF7BDFF134B1860001B18BF01207C
:1031500009B0F0BD104F114E384601F04FFA30461D
:1031600001F04CFA0E4A0F4900950F4B17600E60A4
:103170000E4A10212020FEF721F820600028CAD036
:103180000B49FEF793FEC6E7D8560020C08A03001D
:10319000C92E0300DC5600205C560020705600202B
:1031A0005454002058540020885600205C540020BD
:1031B000B88A03002DE9F04F074685B030208846D5
:1031C00016461D46FDF7D8FF0446A0B1DFF88490EF
:1031D00000F0C2F8D9F800308BB100F0C7F80E9BB0
:1031E0006362C4E9068627602562201D01F012FA99
:1031F000002384F82C30204605B0BDE8F08FDFF8BE
:1032000058B0DFF858A00393584601F0F7F950463C
:1032100001F0F4F90A4A0B49039B00932020C2F8FD
:1032200000B0C1F800A0084B084A1021FDF7C6FF06
:10323000C9F800000028D0D00549FEF737FECCE7DA
:103240005454002058540020885600205C5400201C
:10325000B88A0300D85600205C5600207056002023
:1032600050B5144E346885B0C4B10529CDE90012BB
:1032700002900BDCFFF718FD022812D00023306803
:103280001A466946FEF73EF805B050BD1A4620467C
:1032900000236946FEF754FA05B050BD204605B03C
:1032A00050BD3068089A00236946FEF72BF805B038
:1032B00050BD00BFD856002010B5044682B000F0C3
:1032C0004BF86069003818BF0120019000F04EF8FB
:1032D000019802B010BD00BF402383F31188FEE7C0
:1032E00030B46FF00203084C40F80C4C4FF080757E
:1032F00040F8045C40F8081C40F8202C40F8243CBE
:1033000030BC4438704700BFD93203000F4C08B5B9
:10331000E02384F8223000F07BF80D4B0D4A0021A9
:103320001960D4F8883043F47003C4F888305368C7
:1033300043F040435360236943F01003236100F0DE
:1033400065F9402383F31188FEE700BF00ED00E03C
:10335000E056002030EF00E0402383F31188024A5A
:103360001368013313607047E0560020034A136866
:10337000013B13600BB983F311887047E0560020BE
:1033800041DF704712DF704770B51D4B00221A6095
:1033900082B01B680193019BEFF31186402383F3F6
:1033A00011881849184BD1F804451A601B6800931E
:1033B000009BFFF7E5F8201A20F07F4323F001037C
:1033C00020F07F459BB96C1E6DB10025FFF7E6F834
:1033D000013C631C45EA0005F8D125B10B4B4FF0C9
:1033E00080525A6040BF86F3118802B070BDFFF76B
:1033F0005BFC0228E7D0FFF7D1F80546EDE700BFF8
:1034000040110140001001400011014000ED00E0BA
:103410000B4B0C4930B41F200B4DC3F8080501229B
:103420000224E020C3F804232A601A60C3F844434E
:1034300081F811034FF400330B6030BC704700BFBC
:103440000010014000E100E0081001402DE9F041CA
:10345000054684B0EFF3108272B6614CA36883B95D
:10346000604B61480121A160D3F8801001402160C8
:10347000C3F88000D3F8841061604FF0FF31C3F8C7
:10348000841002B962B6594ED6F80485FFF7F0FBF6
:1034900078B3574F574AAF4228BF2F4607EB080370
:1034A00023F07F4301214FF0000CC6F80813C6F843
:1034B0004035C2F800C0136801934FF4803301987F
:1034C000C6F80433BFF34F8F25BBC6F80833156029
:1034D0001268494B0392039A1D601B680293414B8B
:1034E000029AC6F804134FF40032D6F80415C3F854
:1034F0008021A3685BB1EFF3108272B6394B21686B
:103500001960616859600023A36002B962B604B013
:10351000BDE8F081F1EE103A23F09F03E1EE103A9E
:10352000F1EE103A2F4D4023C5F8843103A88DF8F1
:103530000CC0FFF727FF9DF80C30002B4DD12B4618
:1035400020BFD3F80011D3F804210A43F8D0274B49
:103550002848294A4FF48031C3F80813002101603C
:103560000068039003981160126802920122029988
:10357000C3F80423D3F804351A4AA3EB080828F04B
:103580007F48474528BF47464FF40033012FC2F814
:10359000803120D9781EFEF7F9FF184BDB68DA017D
:1035A0000FD5174A1368DB070BD5164B516803FB81
:1035B00007F7A7F57427A7F51077BF0A01EB871760
:1035C0005760FEF7EBFF002893D00F4B4FF080526F
:1035D0005A6040BF8DE7F4D08BE7FFF7D1FEB6E726
:1035E000905D002000E100E0FC06FFBD00100140FE
:1035F000FDFFFF004011014000110140F0ED00E02F
:10360000001000E040420F0000ED00E007480068B5
:1036100080F3088862B661B6BFF34F8FBFF36F8F38
:103620004FF0E00080F3118800DF00BF006002006F
:10363000064B19680868B0E8F04F80F30988BFF3BB
:103640006F8F4FF0000080F31188704750530020B7
:10365000EFF30980BFF36F8F144B1A681EF0100F41
:1036600008BF20ED108A20E9F04F10604DF8043DAE
:103670004FF0400080F31188BFF34F8FBFF36F8F7F
:10368000FFF784F94FF0000080F3118808BC196837
:103690000868B0E8F04F1EF0100F08BFB0EC108AB9
:1036A00080F30988BFF36F8F704700BF505300202D
:1036B000704700BF00293ED0931E222B3BD8F0B4A8
:1036C0000A2A8AB0044631D0002001AF3B467CB1C3
:1036D000B4FBF2F502FB1546092E2C4606F1570500
:1036E00098BF06F13005EDB203F8015B002CEFD175
:1036F000302201E003F8012BBB42FBD00D4688B914
:10370000BB4209D96C1E1A4612F8010D04F8010FCC
:10371000BA42F9D19B1A1D44002308462B700AB007
:10372000F0BC70472D2205F8012BE9E70028CBDA21
:1037300044420120C9E70020704700BFFFF7BABF2D
:103740000A490B4A0B4B9B1A03DD043BC858D05067
:10375000FBDC094809494FF0AD32026004300439FE
:10376000FBD100F093F8F2F773FD0000A08E030088
:10377000003600205838002000F800200008000023
:10378000FEE7FEE7FEE7FEE7FEE7FEE7FEE7FEE711
:10379000FEE7FEE708B5F3F743F8114BBBB1114B59
:1037A00063B1F3F7C1F800F035FAFDF721FBF3F749
:1037B000BBF800F02FFAFDF71BFBF2E7F3F7B4F8C4
:1037C00000F028FAF3F7B0F800F024FAF6E7F3F780
:1037D000ABF800F01FFAF3F7A7F800F01BFAF6E7D2
:1037E00000000000F10D030000B583B000F0BAFC4A
:1037F00000F0A6FC0E4B019301230E4900934FF4F9
:10380000806200230C48FEF7CBFC4FF4407000F0C0
:1038100023FBFEF747FEBFF34F8F0849084BCA68EA
:1038200002F4E0621343CB60BFF34F8F00BFFDE7AC
:10383000E4560020C88A03009537030000ED00E03D
:103840000400FA05034B93F8A30000B9704718462B
:10385000FDF7AEB8A8520020FDF73EBCFDF756BC00
:10386000084A094908B513681844884202D810600C
:10387000184608BD01F0DCFA0C2303604FF0FF335B
:10388000184608BD5C36002000F80020914B1B68EC
:1038900030B45D1C00F0F5808F4A1268062B00F0F2
:1038A000E5808E4B1B78062B00F0CF80894B1B6880
:1038B0005C1C00F0C380884A1268062B00F0B380BD
:1038C000864B1B78062B00F09B80824B1B68581C94
:1038D00000F08F80804A1268062B7CD07F4B1B78CB
:1038E000062B5AD07B4B1B68591C1ED07A4A062BDC
:1038F00011680FD07A4AD2F8883043F47003C2F8C6
:103900008830BFF34F8FBFF36F8F764B764A1A60C4
:1039100030BC7047CA1E032A40F2128103390329C2
:1039200040F2B6806C4B1B68C2E06C496F4A097864
:1039300012680629C2F30312DCD1033A032A40F2CB
:10394000FF80664A694B12781B68062AC3F303138B
:10395000D0D1033B032B40F29B80604A634B12782B
:103960001B68062AC3F3031308BF4FF0FF32C1D10F
:10397000033B032B40F2A280574B1B68062AB9D1A8
:10398000033B032BB6D85A4AD35C002BB2D0594A1A
:10399000136843F480631360ACE7544B1B68C3F3B4
:1039A0000313033B032B9DD8534AD25C12B1534AF5
:1039B00003211160524AD35C002B93D0514A524CE0
:1039C0005249534B05201060012500203F222560FD
:1039D00008601A6086E7033A032A3FF67FAF4FF08C
:1039E00080430022C3F80C21C3F81021C3F8382506
:1039F00074E73E4A394B12681B78C2F303126BE737
:103A00003A4B1B68C3F30313033B032B3FF65DAF35
:103A1000404AD35C002B3FF458AF3F4AD36823F0B1
:103A20008073D36051E7033A032A3FF649AF3B4B1B
:103A30003B4A1B68C3F34233136041E72B4A274BD1
:103A400012681B78C2F3031237E7284B1B68C3F3D5
:103A50000313033B032B3FF629AF324AD35C002B01
:103A60003FF424AF304B314A1A601FE7033A032A70
:103A70003FF617AF2E4B2F4A1B68C3F30423136086
:103A80000FE71A4A154B12681B78C2F3031205E7B9
:103A9000294B104A1B681268284903F04F030B603A
:103AA000531C3FF45AAF0C4B062A1B687FF422AF1D
:103AB000033B032B4FF006023FF65EAF4FF0804111
:103AC000D1F8003413F0010F034B40F093801B68D2
:103AD00054E700BF3001001034010010E00F00F087
:103AE00000ED00E0603600200090D003E80F00F009
:103AF000D48A03003C170040D88A0300A005004088
:103B0000D88A0300105600408856004018560040DE
:103B100014560040D88A0300F0ED00E04402001083
:103B20003C050040D88A030074C007400DF0ADBAD0
:103B3000240300104035014058020010E40E0040FC
:103B400030498A5C002A48D04FF080532E4AD3F87F
:103B50000414C2F82015D3F80814C2F82415D3F8B9
:103B60000C14C2F82815D3F81014C2F82C15D3F889
:103B70001414C2F83015D3F81814C2F83415D3F859
:103B80001C14C2F84015D3F82014C2F84415D3F819
:103B90002414C2F84815D3F82814C2F84C15D3F8E9
:103BA0002C14C2F85015D3F83014C2F85415D3F8B9
:103BB0003414C2F86015D3F83814C2F86415D3F879
:103BC0003C14C2F86815D3F840141048C2F86C15BC
:103BD000D3F844140368C2F870155A1C3FF4B1AE10
:103BE0000B4A062B11687FF485AE033903293FF693
:103BF00099AE4DE7054A1B6812686FF00100C1F8E5
:103C00000004BBE6D08A030000C000403001001071
:103C100034010010044B4FF080525A6040BFBFF394
:103C20004F8FBFF36F8F704700ED00E0704700BF0C
:103C3000704700BF044B036010B46423034C0C6056
:103C40005DF8044B13607047E85600203C57002095
:103C5000054B036010B44FF48073044C0C605DF8A6
:103C6000044B1360704700BFCC580020205900203F
:103C700070B51F4D84B028684FF0FF3203A9FDF7DF
:103C80000DFE0028F7D0039C237A6668052B0CD81C
:103C9000DFE803F02629211B1403D4E90523D4E926
:103CA0000301E4690094B047039C206810B1FDF75C
:103CB0002DFA039C2046FDF729FADCE7D4E9052319
:103CC000D4E90301B047039CEFE7D4E90412E068AC
:103CD000B047039CE9E7D4E90301B047039CE4E75C
:103CE000B047039CE1E7E068B047039CDDE700BF15
:103CF000245D00202DE9F043304B314D5B6885B0E9
:103D0000C3F30803019001AF53B10023286839467B
:103D10001A46FDF715FD012809D105B0BDE8F0836D
:103D2000286839466422FDF7EDFA0128F5D0DFF85E
:103D30009480D8F80000002240000421FDF76EFABC
:103D400006460028E9D0DFF88090D9F80000FEF799
:103D50009FFAFFF701FB01E0FDF7D4FA002203A967
:103D60002868FDF79BFD04460023642203A9304622
:103D7000002CF1D12868FEF775F82E60FFF7F6FAEF
:103D8000D9F80000FEF744FBD8F800300B4A286849
:103D90005B00C8F800305368C3F30803394633B1F9
:103DA00023462246FDF7CCFC05B0BDE8F083642233
:103DB000FDF7A8FA05B0BDE8F08300BF00ED00E014
:103DC000245D0020205D0020285D00202DE9F843BF
:103DD0009DF8206005460F46904699469EB1B0007A
:103DE0000C30FDF779F9044658B10023C0F804807F
:103DF0000672036005B147B90EBB2046FFF77AFF94
:103E00000120BDE8F8831020EBE73846FDF764F9A0
:103E100080462060D0B13A46294601F077F8002E5E
:103E2000EBD0711EC9B209EB8101A9F1040252F86D
:103E3000043FAB4208BFC2F800809142F7D1B20004
:103E4000494604F10C0001F061F8D6E72046FDF781
:103E50005DF94046D5E700BF70B540230B4D82B0F9
:103E600004460022184604212B60FDF7D7F9084DBF
:103E7000084B019306460223009307492E60A2B225
:103E800000230648FEF78CF902B070BD205D0020CB
:103E9000245D0020285D0020DC8A0300713C0300C3
:103EA00010B504464069054B236008B1FDF7DAFF01
:103EB000606808B1FDF72AF9204610BDF08A0300BA
:103EC00010B504464069074B236008B1FDF7CAFFEF
:103ED000606808B1FDF71AF92046FFF7BFFC2046DD
:103EE00010BD00BFF08A030010B4074C817200219E
:103EF00001820460C1815DF8044B0281416041612F
:103F0000C1728181704700BFF08A030010B504467A
:103F1000807A218101FB00F0FDF7DEF8606001206E
:103F2000FDF7D6FB606110BD10B54FF0FF310446C0
:103F30004069FDF70FFE0023A3816069E3811A4603
:103F400023821946BDE81040FDF7DCB9F8B51646E6
:103F50000AB93046F8BD04460D4640694FF0FF31BE
:103F6000FDF7F8FDE37A3BB9A28923899B1A9BB23E
:103F70009E4228BF1E4626B3A27A0027E3896068C6
:103F80009BB202FB0300294600F0C0FFE3892189B0
:103F90009BB20133B3FBF1F201FB12339BB2E3811D
:103FA000A3899BB2994214D0A389A27A0137013325
:103FB000B9B29BB2B142A3811544DFD3002E08BF32
:103FC0000126002360691A461946FDF79BF9304621
:103FD000F8BDE389A27A0137B9B29BB28E4223823F
:103FE0001544CBD8EAE700BFF8B516460AB9304603
:103FF000F8BD04460D4640694FF0FF31FDF7AAFDBC
:10400000A3899BB2B34202D2A689B6B206B3A27A02
:104010000027238A61689BB202FB0311284600F047
:1040200075FF238A2089A27A9BB20133B3FBF0F19A
:1040300000FB11339BB22382A3890137013BB9B244
:104040009BB28E42A3811544E3D8002E08BF0126FF
:10405000002360691A461946FDF754F93046F8BD49
:1040600083899BB21BB183899BB28B4201D800200C
:10407000704770B5038A0589847A466811FA83F11E
:10408000B1FBF5F305FB1311104604FB0161224659
:1040900000F03CFF012070BD1A4B197809BB70B5C8
:1040A0004FF4405382B01B78102B1CD943F21002FE
:1040B000142B126823D943F21401134B0C68134DCF
:1040C0001348A3FB04139B0CA5FB046100FB1340E6
:1040D00089094FF47A76A5FB005006FB114180094F
:1040E00004E00848704708460B460A46CDE900013F
:1040F0000849044801F004FE024802B070BD0846B9
:104100000B46F3E72C5D002083DE1B43D34D62108A
:1041100040420F00F88A030008B5074803780BB146
:10412000054808BD4FF0805304495A6E1B6E01F0DC
:10413000E7FD014808BD00BF4C5D00200C8B03006B
:1041400008B501210A2000F01BF90A2000F00EFA40
:104150000B20012100F014F9BDE808400B2000F00D
:1041600005BA00BF4FF08043174AD3F80014174830
:1041700030B41160D3F80054D3F80024144C15491E
:104180002A43C3F80024D4F84025026001224FF4EA
:104190000030C3F818259A60C1F88000BFF34F8F34
:1041A000BFF36F8F4FF0A04003F588334FF4803199
:1041B0004FF0FF34C3F84813C3F808135A609A60ED
:1041C000C0F8084530BC7047605D0020645D002089
:1041D00000A0004000E100E0F0B44B4B1D6882B04D
:1041E0000023082DADF8063005DD0A2D00F385808B
:1041F0000A26012300E00826444C454AC4F8F0355D
:1042000001270023DFF814C14249C4F80075C4F83F
:104210001435C4F81035C2F81435C2F81035C2F898
:104220002435C2F82035C2F83435C2F83035C2F82A
:104230004435C2F84035C2F85435C2F85035C2F89A
:104240006435C2F86035C2F87435C2F87035324A48
:10425000DCF8003009681268DFF8C4C01B020903EB
:1042600001F4805103F4E06312040B4302F4E022F2
:104270009CF80010134343EA01630DF10602C4F8F1
:1042800018352146C4F81405C4F81005C4F82C26C6
:10429000C4F830762760D1F80031002BFBD0002025
:1042A00001231A4AC1F800014B60D2F80431002BF7
:1042B000FBD0002001231549C2F804019360D1F816
:1042C0001431002BFBD00023C1F81431BDF80620B7
:1042D000120448BFADF806300C4B0022C3F800258D
:1042E000BDF80600B54200B204D035BF751BAD1B4A
:1042F000E840A84002B0F0BC70470D2DB5BF0C26B9
:104300000E260223032377E7643600200070004066
:1043100010700040705D0020745D00206C5D002016
:10432000685D00201F2816D8144B53F82030023B3C
:104330001D2B10D8DFE803F01E2014160F0F0F0FEF
:104340000F0F0F0F0F0F0F0F0F0F0F0F0F0F0F0F7D
:104350000F0F181A1C11002070470820FFF73CBFF0
:104360000320FBE70420F9E70520F7E70620F5E73F
:104370000720F3E70120F1E70220EFE7188B0300A5
:104380001F2816D8474B53F820300E2911D8DFE8E4
:1043900001F081797169615950473E352C231A111A
:1043A000080003F5E0734FF0A04240F2037142F8B9
:1043B0002310704703F5E0734FF0A04240F2036111
:1043C00042F82310704703F5E0734FF0A04240F22B
:1043D000035142F82310704703F5E0734FF0A042F9
:1043E00040F2034142F82310704703F5E0734FF0A9
:1043F000A04240F2033142F82310704703F5E07306
:104400004FF0A04240F2032142F82310704703F519
:10441000E0734FF0A04240F2031142F823107047BE
:1044200003F5E0734FF0A0424FF4403142F82310FF
:10443000704703F5E0734FF0A0424FF4003142F8AB
:104440002310704703F5E0734FF0A042164942F87D
:104450002310704703F5E0734FF0A042134942F870
:104460002310704703F5E0734FF0A042042142F897
:104470002310704703F5E0734FF0A0420C2142F87F
:104480002310704703F5E0734FF0A042032142F878
:104490002310704703F5E0734FF0A042002142F86B
:1044A00023107047188B0300040002000C00030067
:1044B0001F2809D8084B53F82020012329B14FF0B9
:1044C000A0419340C1F8083570474FF0A041934098
:1044D000C1F80C35704700BF188B03001F2813D894
:1044E0000A4B4FF0A04253F82000D2F814150123D4
:1044F00083400B4214BFD2F80425D2F81025134292
:1045000014BF01200020704700207047188B030063
:104510001F2815D80D4B4FF0A04253F82000D2F8B9
:104520001415012383400B4214BFD2F80425D2F89E
:104530001025134205D04FF0A042C2F80C35704749
:1045400070474FF0A042C2F808357047188B03003F
:104550001F2808D8044B53F820104FF0A042012325
:104560008B40C2F808357047188B03001F2808D805
:10457000044B53F820104FF0A04201238B40C2F8A7
:104580000C357047188B030010B5402200210446FB
:1045900000F0E4FC0023C4E91033204610BD00BF46
:1045A00010B4D0E91024531C03F03F039C4218BF01
:1045B00081545DF8044B18BF036470470023C0E9C1
:1045C00010337047D0E91023934206D05A1CC35CC5
:1045D00002F03F024264184670474FF0FF307047C8
:1045E000D0E91030181A48BF40307047D0E9102386
:1045F000934214BFC05C4FF0FF30704700F10803D6
:104600004FF0FF310022C0E9033381600260436054
:10461000704700BF00230361704700BF4368026812
:1046200010B49C688C609C684B600132616099603A
:104630005DF8044B08610260704700BF30B40D683C
:104640006B1C10D000F108031C465B681A68AA4274
:10465000FAD902684B60013299608C606160086130
:1046600030BC0260704704696368F2E7036910B404
:10467000D0E901125C688A608442516008BF5A60C8
:104680001A685DF8044B0021013A01611A6018684C
:10469000704700BF81F0004102E000BF83F000439B
:1046A00030B54FEA41044FEA430594EA050F08BFCD
:1046B00090EA020F1FBF54EA000C55EA020C7FEA91
:1046C000645C7FEA655C00F0E2804FEA5454D4EB0E
:1046D0005555B8BF6D420CDD2C4480EA020281EAD8
:1046E000030382EA000083EA010180EA020281EA10
:1046F0000303362D88BF30BD11F0004F4FEA013162
:104700004FF4801C4CEA113102D0404261EB410170
:1047100013F0004F4FEA03334CEA133302D05242F6
:1047200063EB430394EA050F00F0A780A4F10104B2
:10473000D5F1200E0DDB02FA0EFC22FA05F28018EC
:1047400041F1000103FA0EF2801843FA05F35941D2
:104750000EE0A5F120050EF1200E012A03FA0EFC51
:1047600028BF4CF0020C43FA05F3C01851EBE3717B
:1047700001F0004507D54FF0000EDCF1000C7EEB98
:1047800000006EEB0101B1F5801F1BD3B1F5001FD6
:104790000CD349085FEA30004FEA3C0C04F10104F5
:1047A0004FEA445212F5800F80F09A80BCF1004F1E
:1047B00008BF5FEA500C50F1000041EB045141EAA0
:1047C000050130BD5FEA4C0C404141EB0101013C69
:1047D00028BFB1F5801FE9D291F0000F04BF014658
:1047E0000020B1FA81F308BF2033A3F10B03B3F12A
:1047F00020020CDA0C3208DD02F1140CC2F10C02BA
:1048000001FA0CF021FA02F10CE002F11402D8BF17
:10481000C2F1200C01FA02F120FA0CFCDCBF41EAE3
:104820000C019040E41AA2BF01EB0451294330BDB2
:104830006FEA04041F3C1CDA0C340EDC04F114048F
:10484000C4F1200220FA04F001FA02F340EA030066
:1048500021FA04F345EA030130BDC4F10C04C4F1AC
:10486000200220FA02F001FA04F340EA030029468C
:1048700030BD21FA04F0294630BD94F0000F83F4D6
:10488000801306BF81F480110134013D4EE77FEAB9
:10489000645C18BF7FEA655C29D094EA050F08BF05
:1048A00090EA020F05D054EA000C04BF19461046E6
:1048B00030BD91EA030F1EBF0021002030BD5FEA2A
:1048C000545C05D14000494128BF41F0004130BD52
:1048D00014F580043CBF01F5801130BD01F00045A6
:1048E00045F0FE4141F470014FF0000030BD7FEA19
:1048F000645C1ABF194610467FEA655C1CBF0B4614
:10490000024650EA013406BF52EA033591EA030F2A
:1049100041F4002130BD00BF90F0000F04BF002122
:10492000704730B54FF4806404F132044FF0000555
:104930004FF0000150E700BF90F0000F04BF0021CE
:10494000704730B54FF4806404F1320410F0004534
:1049500048BF40424FF000013EE700BF42004FEA2F
:10496000E2014FEA31014FEA02701FBF12F07F43AC
:1049700093F07F4F81F06051704732F07F4208BF63
:10498000704793F07F4F04BF41F40021704730B56A
:104990004FF4607401F0004521F000411CE700BFB6
:1049A00050EA010208BF704730B54FF000050AE039
:1049B00050EA010208BF704730B511F0004502D53A
:1049C000404261EB41014FF4806404F132045FEA3C
:1049D000915C3FF4D8AE4FF003025FEADC0C18BFE5
:1049E00003325FEADC0C18BF033202EBDC02C2F1D7
:1049F000200300FA03FC20FA02F001FA03FE40EA69
:104A00000E0021FA02F11444BDE600BF4FEA410254
:104A1000B2F1E04324BFB3F5001CDCF1FE5C0DD91C
:104A200001F0004C4FEAC0024CEA5070B2F1004F66
:104A300040EB830008BF20F00100704711F0804F69
:104A400021D113F13872BCBF01F00040704741F42E
:104A500080114FEA5252C2F11802C2F1200C10FA32
:104A60000CF320FA02F018BF40F001004FEAC12316
:104A70004FEAD32303FA0CFC40EA0C0023FA02F3BA
:104A80004FEA4303CCE77FEA625307D150EA013390
:104A90001EBF4FF0FE4040F44000704701F0004060
:104AA00040F0FE4040F40000704700BF53B94AB9DF
:104AB000002908BF00281CBF4FF0FF314FF0FF3026
:104AC00000F082B9ADF1080C6DE904CE00F01AF8DF
:104AD000DDF804E0DDE9022304B07047430803F089
:104AE0005533C01A830803F0333300F033301844D1
:104AF00000EB101000F00F3000EB002000EB004046
:104B0000000E70472DE9F047089D04468C46002BA7
:104B100040F083808A42174647D9B2FA82F242B106
:104B2000C2F1200024FA00F09140974040EA010CC5
:104B300094404FEA1748230CBCFBF8F61FFA87FE97
:104B400008FB16C143EA014306FB0EF1994209D95D
:104B5000FB1806F1FF3080F01981994240F216816E
:104B6000023E3B445B1AA4B2B3FBF8F008FB1033DF
:104B700044EA034400FB0EFEA64509D93C1900F1A6
:104B8000FF3380F00581A64540F2028102383C44A3
:104B900040EA0640A4EB0E0400261DB1D4400023D9
:104BA000C5E900433146BDE8F08702B9FFDEB2FA3D
:104BB00082F2002A50D1CB1B4FEA174E1FFA87F81A
:104BC0000126B3FBFEFC210C0EFB1C3341EA034122
:104BD00008FB0CF38B4207D979180CF1FF3002D295
:104BE0008B4200F2E9808446C91AA3B2B1FBFEF001
:104BF0000EFB101143EA014408FB00F8A04507D959
:104C00003C1900F1FF3302D2A04500F2D9801846CA
:104C1000A4EB080440EA0C40BFE78B4209D9002D01
:104C200000F0B1800026C5E9000130463146BDE8FC
:104C3000F087B3FA83F6002E4AD18B4202D3824228
:104C400000F2B880841A61EB030101208C46002D2C
:104C5000A8D0C5E9004CA5E7C2F1200320FA03F66D
:104C6000974001FA02F04FEA174ED9403043030C47
:104C7000B1FBFEF61FFA87F80EFB161143EA01435B
:104C800006FB08F1994204FA02F409D9FB1806F16F
:104C9000FF3C80F08D80994240F28A80023E3B4486
:104CA0005B1A81B2B3FBFEF00EFB103341EA034105
:104CB00000FB08F38B4207D9791800F1FF3C73D24F
:104CC0008B4271D902383944CB1A40EA064678E75C
:104CD000C6F1200C03FA06F422FA0CF31C4320FA66
:104CE0000CF701FA06F34FEA144E21FA0CF11F43B8
:104CF0003B0CB1FBFEF91FFA84F80EFB191143EAD5
:104D0000014109FB08FA8A4502FA06F200FA06F3A5
:104D100008D9611809F1FF3048D28A4546D9A9F16E
:104D200002092144A1EB0A01BFB2B1FBFEF00EFB68
:104D3000101147EA014700FB08F8B84507D9E71901
:104D400000F1FF312ED2B8452CD90238274440EA71
:104D50000940A7EB0807A0FB02894F45C646494614
:104D60001AD317D05DB1B3EB0E0267EB010707FA58
:104D70000CFCF2404CEA0202F740C5E9002700268D
:104D80003146BDE8F0872E4628460BE70646E9E6A1
:104D90001846FDE64345E5D2B8EB020E69EB040187
:104DA0000138DFE70846D2E760468DE78146B9E77C
:104DB000664675E730464AE7ACF1020C394413E722
:104DC00002383C4424E700BF704700BF0B46014651
:104DD000184600F01FB800001FB514461A46094BCC
:104DE0001B680546D8684CB1074B0091CDE90134EA
:104DF00006492B4600F036F801F066F9044B1C46D4
:104E0000F3E700BF68360020988B0300A58B0300F2
:104E1000D38B030010B5054C13462CB10A4601464E
:104E20000220AFF3008010BD2046FCE70000000028
:104E3000014B1868704700BF6836002008B5074B63
:104E4000044613B10021AFF30080054B1868836A54
:104E500003B19847204603F0E1FA00BF00000000CC
:104E6000D48B03000EB403B5014603AB054853F8D9
:104E7000042B0068019300F05DF902B05DF804EBCB
:104E800003B070476836002070B50D4D0D4C641BA3
:104E9000A4100026A64209D10B4D0C4C03F0C0FA19
:104EA000641BA4100026A64205D170BD55F8043B32
:104EB00098470136EEE755F8043B98470136F2E78C
:104EC0003838002038380020383800205438002086
:104ED000024B0146186800F0A9B800BF68360020F0
:104EE000024B0146186800F051B800BF6836002038
:104EF00030B501390024A24201D1002005E0035D54
:104F000001340D5DAB42F6D0581B30BD0A449142CE
:104F100000F1FF3300D1704710B511F8014B03F8D1
:104F2000014F9142F9D110BD884210B501EB020446
:104F300002D98442234607D8431EA14208D011F863
:104F4000012B03F8012FF8E7024401468A4200D101
:104F500010BD13F8014D02F8014DF7E70244034676
:104F6000934200D1704703F8011BF9E713B54A4398
:104F70001146019200F05AF8044618B1019A002136
:104F8000FFF7ECFF204602B010BD000037B5002946
:104F900048D051F8043C0190002BA1F10404B8BFA3
:104FA000E41802F08DF9204A01981368154633B9C8
:104FB0006360146003B0BDE8304002F087B9A342DB
:104FC0000BD921686218934204BF1A685B6863605A
:104FD00004BF521822602C60ECE71A465B680BB1E4
:104FE000A342FAD911685518A5420BD1246821446F
:104FF0005418A3421160DDD11C685B6853602144E2
:105000001160D7E702D90C230360D3E72568611943
:105010008B4204BF19685B68636004BF4919216053
:105020005460C7E703B030BD785D0020F8B5CD1CF3
:1050300025F0030508350C2D38BF0C25002D06463C
:1050400001DBA94203D90C2333600020F8BD02F034
:1050500037F921490A6814469CB9204F3B6823B9A7
:105060002146304600F03CFE38602946304600F0CC
:1050700037FE431C23D10C233360304602F026F95F
:10508000E3E723685B1B17D40B2B03D923601C4475
:10509000256004E06368A2420CBF0B605360304699
:1050A00002F014F904F10B00231D20F00700C21ACE
:1050B000CCD01B1AA350C9E722466468CCE7C41CB5
:1050C00024F00304A042E3D0211A304600F008FE89
:1050D0000130DDD1CFE700BF785D00207C5D00208E
:1050E0009368013B002B10B4936008DA9469A342E3
:1050F00001DB0A2903D15DF8044B00F025BF1368DA
:10510000581C1060197008465DF8044B7047F8B5DC
:1051100006460F461446D518AC4201D1002007E0E0
:1051200014F8011B3A463046FFF7DAFF431CF3D16F
:10513000F8BD00002DE9F04F0D469DB0144698468D
:10514000064618B183690BB901F04AFF894B9D42AD
:105150001BD175686B6ED90705D4AB899A0502D44B
:10516000A86D01F0E0FFAB891B0701D52B69EBB9F6
:105170002946304600F03AFFC0B16B6EDC070ED511
:105180004FF0FF301DB0BDE8F08F7B4B9D4201D149
:10519000B568DFE7794B9D4208BFF568DAE7AB8970
:1051A0009805EDD4A86D01F0BFFFE9E7002309934E
:1051B00020238DF82930CDF80C803023DFF8C08112
:1051C0008DF82A304FF0010923469A4613F8012B37
:1051D0000AB1252AF9D1BAEB040B0BD05B46224663
:1051E00029463046FFF793FF013000F0AA80099A64
:1051F0005A4409929AF80030002B00F0A280002354
:105200004FF0FF32CDE905230AF1010A0493079319
:105210008DF853301A935446052214F8011B584850
:1052200001F0FEFF049AD8B9D10644BF20238DF8BF
:105230005330130744BF2B238DF853309AF80030B6
:105240002A2B15D0079A544600204FF00A0C21460D
:1052500011F8013B303B092B4ED9B0B1079214E055
:10526000A0EB080309FA03F313430493A246D2E721
:10527000039B191D1B680391002BBBBF5B4242F0CF
:10528000020207930793B8BF049223782E2B0CD108
:1052900063782A2B35D1039B1A1D1B680392002BC0
:1052A000B8BF4FF0FF3302340593DFF8E4A0217854
:1052B0000322504601F0B4FF40B14023A0EB0A00A6
:1052C00003FA00F0049B03430134049314F8011B18
:1052D0002C488DF82810062201F0A2FF00283FD0AC
:1052E000294B1BBB039B073323F0070308330393AE
:1052F000099B3B44099367E70CFB02320C460120F3
:10530000A5E700230134059319464FF00A0C204607
:1053100010F8012B303A092A03D9002BC5D005918A
:10532000C3E70CFB012104460123F0E703AB009324
:105330002A46164B04A9304600F0CCF80746781CE4
:10534000D6D16B6ED90705D4AB899A0502D4A86D66
:1053500001F0EAFEAB895B063FF512AF099811E751
:1053600003AB00932A46094B04A9304600F056FBD4
:10537000E4E700BF4C8D03006C8D03002C8D03000F
:10538000D88B0300E28B0300D55403000F510300B8
:10539000DE8B03002DE9FF4755EC104B002D0E4628
:1053A00019462B46BBBF05F100431D4600232D23A4
:1053B0000B700D9BDDF830A0914623F02008BCBF98
:1053C00022461446B8F1460F05D0B8F1450F00D17A
:1053D0000136022100E0032103AB019302AB0093ED
:1053E00045EC104B5346324600F002FFB8F1470F30
:1053F000074602D119F0010F22D0B8F1460F07EB92
:10540000060910D13B78302B0AD100220023204618
:10541000294602F05BFF18B9C6F10106CAF8006020
:10542000DAF800309944002200232046294602F091
:105430004DFF08B1CDF80C903022039B4B4507D3AC
:10544000039B0E9ADB1B3846136004B0BDE8F0875F
:10545000591C03911A70F0E7F7B503460029B8BF4D
:10546000494203F8022BB4BF2D222B220929427096
:105470002ADD0DF10704A4460A27A6460A4691FB39
:10548000F7F607FB16153035632A04F1FF340EF8E2
:10549000015C3146F1DC3031AEF1020504F8011C4B
:1054A000441C294661450AD30DF10902A2EB0E0204
:1054B000654588BF00221344181A03B0F0BD11F8E7
:1054C000012B04F8012FEDE7302330318370C170D8
:1054D000031DF1E72DE9F04F2DED028B8DB00C4649
:1054E000DDF8608016461F46054601F017FED0F82D
:1054F00000A0504600F063FC00230A932368059344
:10550000D8F8003094F818B0073323F0070303F1FC
:105510000802C8F80020D3E90023C4E91223D4E923
:10552000128929F000430793CDF8188008EE100A7D
:105530009F4BDDE906014FF0FF3202F0F9FE88BB18
:10554000DDE906019A4B4FF0FF3202F0D3FE48BB73
:10555000002200234046494602F0C2FE10B12D232E
:1055600084F84330934B9448BBF1470F94BF98465F
:10557000804603232361059B23F0040222604FF041
:105580000009009733460BAA2146284600F0D8F9B7
:10559000013040F090804FF0FF300DB0BDEC028B39
:1055A000BDE8F08F42464B464046494602F0C0FEF9
:1055B00040B14B46002BBCBF2D2384F843307F48BD
:1055C0007F4BD1E763680BF0DF0206925A1C3FD194
:1055D00006236360059B616843F4806200230393A4
:1055E0000AABCDE901B309AB49EC108B0093226003
:1055F0000DF123032846FFF7CDFE069B0999472BA3
:10560000804608D1C81C02DB6368994241DDABF1DA
:10561000020B5FFA8BFBBBF1650F20D801395A46AC
:1056200004F150000991FFF717FF0A9A1318012A95
:105630008146236102DC2268D20701D50133236150
:105640009DF82330002B9CD02D2384F8433098E71D
:10565000069A472ABED1002BBCD10123B9E7BBF182
:10566000660F18D1002963680BDD216113B9226828
:10567000D00702D501330B442361A1654FF0000927
:10568000DEE713B92268D20701D50233F4E701231C
:10569000F2E74FF0670B0A9B994205DB2368216113
:1056A000D807EAD54B1CE7E70029D4BFC1F10202B5
:1056B00001221344E0E723685A0507D423694246D0
:1056C00031462846B84701302CD164E7BBF1650F5D
:1056D00040F2E080D4E912010022002302F0F6FD3E
:1056E000002834D0374A012331462846B8470130D4
:1056F0003FF451AFDDE909239A4202DB2368D80762
:1057000010D518EE103A524631462846B8470130B7
:105710003FF441AF4FF0000804F11A090A9B013B26
:10572000434509DC23689B0700F10581E0680B9B7A
:105730009842B8BF184630E701234A46314628460A
:10574000B84701303FF427AF08F10108E6E7099BAD
:10575000002B39DC1B4A012331462846B84701306B
:105760003FF419AFDDE90923134302D12368D907B8
:10577000D8D518EE103A524631462846B84701307F
:105780003FF409AF4FF0000904F11A0A099B5B428C
:105790004B4501DC0A9B92E70123524631462846DD
:1057A000B84701303FF4F7AE09F10109EEE700BF59
:1057B000FFFFEF7FE98B0300ED8B0300F58B030008
:1057C000F18B0300F98B03000A9AA36D9A42A8BFDC
:1057D0001A46002A914637DC4FF0000B29EAE97996
:1057E00004F11A02A36D0593A3EB09035B4533DCB7
:1057F000DDE909239A423BDB2368DA0738D40A9AA9
:10580000059B0999D31AA2EB01099945A8BF9946AE
:10581000B9F1000F35DC4FF0000829EAE97904F10D
:105820001A0ADDE909239B1AA3EB090343457FF715
:1058300079AF0123524631462846B84701303FF43C
:10584000AAAE08F10108ECE7134631464246284665
:10585000B8470130C0D19EE6012331462846059263
:10586000B84701303FF497AE059A0BF1010BB9E749
:1058700018EE103A524631462846B8470130BED19C
:1058800089E6059A4B46424431462846B8470130DE
:10589000C1D180E60A9A012A01DCDB0738D5012351
:1058A000424631462846B84701303FF474AE18EE00
:1058B000103A524631462846B84701303FF46BAEA5
:1058C000D4E912010022002302F000FDD8B90A9B9E
:1058D00008F10102013B31462846B84701300ED19C
:1058E00059E60123524631462846B84701303FF475
:1058F00052AE08F101080A9B013B4345F1DC4B46DF
:1059000004F15002DCE64FF0000804F11A0AF2E755
:1059100001234246DFE701234A4631462846B8477D
:1059200001303FF438AE08F10108E3680B995B1AC7
:105930004345F0DCFAE64FF0000804F11909F4E7FA
:105940002DE9F047164699468A680B69DDF82080F4
:105950009342B8BF1346336091F8432007460C4684
:105960000AB1013333602368990642BF33680233BA
:105970003360256815F0060506D104F1190AE368BD
:1059800032689B1AAB4226DC94F84320131E22682F
:1059900018BF012392062BD404F14302494638462E
:1059A000C04701301ED02368E568326803F0060363
:1059B000042B08BFAD1AA36822690CBF25EAE57560
:1059C00000259342C4BF9B1AED1800261A34B54235
:1059D0001AD1002008E00123524649463846C04704
:1059E000013003D14FF0FF30BDE8F0870135C6E745
:1059F000E1185A1C302081F84300224494F84510E5
:105A000082F843100233C7E701232246494638464D
:105A1000C0470130E6D00136D9E700002DE9FF4745
:105A20000C469146277E0C99782F80469A4604F1C1
:105A3000430207D8622F0AD8002F00F0D880582FD1
:105A400000F0A38004F1420684F842703AE0A7F126
:105A50006303152BF6D801A050F823F0B55A0300C4
:105A6000C95A0300455A0300455A0300455A03002A
:105A7000455A0300C95A0300455A0300455A03001A
:105A8000455A0300455A0300D55B0300F95A030049
:105A9000B75B0300455A0300455A0300F75B030058
:105AA000455A0300F95A0300455A0300455A0300BA
:105AB000BF5B03000B681A1D1B680A6004F14206F5
:105AC00084F842300123A3E0256808682E0600F11F
:105AD00004030AD505680B60002D03DA2D236D42FF
:105AE00084F843305E480A2319E015F0400F05683A
:105AF0000B6018BF2DB2EFE70B682568181D086012
:105B0000280601D51D6802E06906FBD51D885448AA
:105B10006F2F0CBF08230A23002184F84310666806
:105B2000A660002EA2BF216821F0040121600DB9FA
:105B3000002E4DD01646B5FBF3F103FB1157C75DA0
:105B400006F8017D2F46BB420D46F4D9082B0BD138
:105B50002368DF0708D5236961689942DEBF3023D7
:105B600006F8013C06F1FF36921B2261CDF800A039
:105B70004B4603AA21464046FFF7E2FE01304CD1D6
:105B80004FF0FF3004B0BDE8F087354884F8457029
:105B900023680E681F0656F8045B0E6014D5D907FB
:105BA00044BF43F0200323601DB9236823F0200382
:105BB00023601023B0E7236843F020032360782399
:105BC000284884F84530E3E75E0648BFADB2E6E713
:105BD0001646BBE70B68266860691D1D0D6035061B
:105BE0001B6801D5186002E07106FBD51880002300
:105BF00023611646BAE70B681A1D0A601E686268C0
:105C00000021304601F00CFB08B1801B6060636826
:105C10002361002384F84330A8E7236932464946CC
:105C20004046D0470130ABD023689B0713D4E068CF
:105C3000039B9842B8BF1846A4E701233246494661
:105C40004046D04701309BD00135E36803995B1A89
:105C5000AB42F2DCEBE7002504F11906F5E700BFE3
:105C6000FB8B03000C8C0300134B10B51C68A36B5B
:105C70007BB91820FBF730FA104A114BA063C0E93A
:105C80000023104B83600B23838101220023C0E992
:105C90000423A16B0C480A694B690C4C504304FB6C
:105CA0000300A2FB04345A1C044444F10000C1E97F
:105CB000042020F0004010BD683600200E33CDAB2C
:105CC00034126DE6ECDE05002DF451582D7F954C15
:105CD000024B0A460146186801F00BBE68360020E8
:105CE00038B5064D0023044608462B60FDF7B8FD85
:105CF000431C02D12B6803B1236038BDA85D00208E
:105D00000EB400B59CB01DAB029006906FF0004140
:105D1000094807910491094953F8042B059100683B
:105D2000019302A901F066FE029B00221A701CB0CA
:105D30005DF804EB03B07047683600200802FFFFEF
:105D400010B50246147813460132002CFAD1013BFB
:105D500011F8012B03F8012F002AF9D110BDC9B2A7
:105D6000034610F8012B1AB18A42F9D11846704740
:105D7000002918BF0023F9E710F8012B11F8013BA7
:105D8000012A28BF9A42F7D0D01A7047034611F86B
:105D9000012B03F8012B002AF9D1704770B5034697
:105DA0001E4613F8014B44B14A1E01E0A54204D03F
:105DB00012F8015F002DF9D1F2E7301A70BD0346E9
:105DC00013F8012B002AFBD1181A0138704710B5BF
:105DD0000139034632B111F8014F03F8014B013A82
:105DE000002CF7D11A440021934200D110BD03F8D2
:105DF000011BF9E738B503460C4669B9BDE83840E0
:105E0000FFF7ADBF431C054621461846FFF7A7FF25
:105E10000028F7D1284638BD0025F5E770B50346C0
:105E20001E4613F8014B3CB14A1E01E0A542F7D0D3
:105E300012F8015F002DF9D1301A70BD2DE9F04341
:105E40003B4E86468C4660461CF8014BA55D15F01E
:105E50000805F8D12D2C34D19CF800404FF00108F2
:105E600000F1020C002B5ED0102B0CD1302C0AD18B
:105E70009CF8000000F0DF0058284FD19CF801404A
:105E800010230CF1020C4FF0FF370025B7FBF3F79E
:105E900003FB07F96FEA09092846A4F13006092E29
:105EA00018D83446A34224DD002D1FDB87421DD3C2
:105EB00001D1A1451ADB00FB034001251CF8014B71
:105EC000EBE72B2C08BF9CF80040A84608BF00F168
:105ED000020CC7E7A4F14106192E01D8373CE1E7CF
:105EE000A4F16106192E04D8573CDBE74FF0FF35CB
:105EF000E4E7002D07DA2223CEF800304FF0FF3020
:105F000042B9BDE8F083B8F1000F00D04042002A4A
:105F1000F7D00DB10CF1FF311160F2E73024002B06
:105F2000B1D10823AFE7302CA2D00A23ABE700BFE2
:105F30001E8C030013460A46014602480068FFF71C
:105F40007DBF00BF68360020F8B50E4614460546F2
:105F500018B183690BB901F043F8214B9C422BD156
:105F60006C68A369A360A3891A072FD523696BB353
:105F700023692068C01A6369F6B28342374604DC9D
:105F80002146284600F098FF30BBA368013BA36080
:105F900023685A1C22601E7063690130834204D05A
:105FA000A389DB0706D50A2E04D12146284600F036
:105FB00083FF88B93846F8BD0A4B9C4201D1AC68D2
:105FC000CFE7094B9C4208BFEC68CAE72146284648
:105FD00000F00CF80028CBD04FF0FF37EAE700BF05
:105FE0004C8D03006C8D03002C8D0300324B70B57B
:105FF0001D6806460C4625B1AB6913B9284600F06A
:10600000EFFF2E4B9C420FD16C68A389B4F90C2092
:1060100019072CD4DD0611D40923336042F0400364
:10602000A3814FF0FF303EE0254B9C4201D1AC688C
:10603000EBE7244B9C4208BFEC68E6E7580712D513
:10604000616B41B104F14403994202D03046FEF73E
:106050009DFF00236363A38923F02403A38100230E
:10606000636023692360A38943F00803A381236944
:106070004BB9A38903F42073B3F5007F03D0214605
:10608000304601F077F8A089B4F90C2010F0010334
:106090000AD00023A36063695B42A361236943B90B
:1060A00010F08000BAD170BD810758BF6369A3604A
:1060B000F4E70020F7E700BF683600204C8D0300AE
:1060C0006C8D03002C8D030008B5062001F0BAFD8D
:1060D000012002F0A3F92DE9F74F03690C69A342EF
:1060E0000746C0F28180013C01F1140800F114055B
:1060F00005EB8403019358F8243055F8242001332C
:106100009A424FEA840B08EB8409B2FBF3F631D3D1
:106110004FF0000E4046AC46F24650F8042B93B2C6
:1061200006FB03E34FEA134E9BB2AAEB0303120CE8
:10613000DCF800A006FB02E213FA8AF34FEA124EE3
:106140001FFA82FADCF80020CAEB124202EB23426B
:106150009BB243EA024381454CF8043B4FEA224A92
:10616000DBD255F80B302BB9019B043B9D421A46FC
:106170002ED33C61384601F0DAFA002824DB0136E0
:1061800028464FF0000C58F8042BD0F800E093B2EA
:10619000ACEB0303120C13FA8EF3C2EB1E4202EBBC
:1061A00023429BB243EA0243C14540F8043B4FEA15
:1061B000224CE8D255F8242005EB840322B9043B95
:1061C0009D421A460AD33C61304603B0BDE8F08FC9
:1061D0001268043B002ACCD1013CC7E71268043B9B
:1061E000002AF0D1013CEBE70020EEE700000000C0
:1061F0002DE9F04F2DED028B57EC106B95B0456AF1
:10620000DDF880800591CDE90267044609920F937D
:106210003DB91020FAF760FFC0E9015560620560E2
:10622000C560636A196851B15A684A600123934096
:106230008B60204601F084F8636A00221A603B1EDE
:10624000B9BF23F0004303930023C8F80030DDF802
:106250000C90B74BBCBF0122C8F8002033EA0903F9
:106260001BD10F9A42F20F731360C9F31303334328
:1062700000F07585219B63B9AE4B25E0AE4B0093D2
:106280000833219A1360009815B0BDEC028BBDE86D
:10629000F08FA84B00930333F3E79DED027B0022C0
:1062A00051EC170B00238DED0A7B02F00FF88046AE
:1062B00060B10F9A01231360219B002B00F04C85E5
:1062C0009E4B219A1360013B0093DCE79DED0A0B86
:1062D00012AA13A9204601F0BCFAC9F30A55824656
:1062E000002D7ED00B9BCDF84080C3F31303DDE976
:1062F0000A6743F07F5747F44017A5F2FF35904BEC
:10630000002230463946FEF7C9F983A3D3E90023BA
:1063100001F074FD82A3D3E90023FEF7C1F906461C
:1063200028460F46FEF708FB7FA3D3E9002301F0C0
:1063300065FD02460B4630463946FEF7B1F9064682
:106340000F4602F00BF80022814600233046394602
:1063500001F0C6FF48B14846FEF7EEFA32463B462A
:1063600001F0B4FF08B909F1FF39B9F1160F56D899
:10637000744B03EBC903D3E90023DDE90A0101F003
:10638000AFFF00284DD009F1FF3900230E93129B77
:106390005D1B6B1E049343BF0023C5F101080493EA
:1063A0004FF00008B9F1000F3DDB049BCDF83490AD
:1063B0004B44049300230693059B092B00F29A801B
:1063C000052BC4BF043B0593059BA3F10203CCBF7F
:1063D00000250125032B00F29980DFE803F02C7DD6
:1063E0007B89DDE912531D4405F23243202BC1BFE6
:1063F000C3F1400305F2124009FA03F326FA00F054
:10640000DABFC3F1200306FA03F01843FEF784FA5B
:1064100001230646A1F1F877013D10936FE70123B0
:10642000B4E70E90B3E7C9F1000306930023A8EB8D
:1064300009080D93C0E700230893099B002B00F384
:1064400085804FF0010BCDF804B05B46CDF824B049
:10645000666A00227260042202F114009842716898
:106460007AD9204600F038FF636A30601B680093D9
:10647000019B0E2B00F2F580002D00F0F280B9F1A7
:10648000000F7DDD2F4A09F00F0302EBC30393EDEC
:10649000007B19F4807F4FEA2917B0EE478AF0EEAF
:1064A000678A5DD0284BDDE90A01D3E9082301F0B2
:1064B000CFFDCDE9020107F00F070325224E002F83
:1064C00050D1DDE9020153EC182B01F0C1FDCDE9FB
:1064D00002016FE00123AFE700230893099B09EB5A
:1064E000030B0BF10103012B0193B8BF0123AFE7AD
:1064F0000123F2E701250023059308954FF0FF3BA8
:106500000022CDF804B012230992A1E701230893D9
:10651000F4E700BFAFF3008061436F63A787D23F0A
:10652000B3C8608B288AC63FFB799F501344D33F82
:106530000000F07F278D03001E8D0300FA8B0300FF
:106540000000F83FC08D0300988D0300DDF824B0F3
:10655000CDF804B05B467BE70131716052007BE708
:106560000225ABE7F90708D551EC180BD6E9002353
:1065700001F044FC41EC180B01357F1008369EE712
:1065800000F0AB80C9F10006AA4BAB4F06F00F023A
:1065900003EBC203D3E90023DDE90A0101F02EFC7D
:1065A000CDE90201361100230225002E40F08A8039
:1065B000002B8CD10E9B002B00F09180DDE902674F
:1065C0009E4B00223046394601F08AFE002800F03A
:1065D0008680019B002B00F08280BBF1000F3CDD28
:1065E00009F1FF3307930022954B3046394601F0FD
:1065F00005FCCDE902010135CDF830B0DDE90267D7
:106600002846FEF799F932463B4601F0F7FB8D4BE1
:106610000022FEF745F8A1F15073CDE90201039382
:106620000C9B002B60D1884B002230463946FEF788
:1066300035F8DDE9022306460F4601F06FFE00281B
:1066400040F09982DDE90221304601F100433946EC
:1066500001F046FE002840F08B82DDE90A23CDE9F7
:106660000223139B002BC0F25B81B9F10E0F00F3E4
:106670005781704B03EBC90393ED007B099BB0EE90
:10668000478AF0EE678A002B80F2E280019B002BA4
:1066900000F3DE8040F06C826B4B51EC170B002254
:1066A00001F0ACFBDDE9022301F02EFE019E37462E
:1066B000002840F04282009D312305F8013B09F19A
:1066C00001093EE2F20705D5D7E9002301F096FB68
:1066D000013501237610083767E702256AE7019B39
:1066E000CDF81C900C9389E700990C980C9A514BAB
:1066F0009DED027B014402910899B0EE478AF0EECD
:10670000678A03EBC20353E90223002945D04F49AE
:10671000002001F09DFC53EC182BFDF7BFFF009DFE
:1067200041EC180B3946304601F018FE0C90FEF78C
:1067300003F902460B4630463946FDF7AFFF0C9B86
:10674000303305F8013B53EC182B06460F4601F099
:10675000C7FD002865D132463B4638490020FDF789
:106760009DFF53EC182B01F0BBFD002840F0B880D2
:10677000029B9D423FF471AF314B51EC180B00224C
:1067800001F03CFB2E4B41EC180B00223046394601
:1067900001F034FB06460F46C4E751EC170B01F03D
:1067A0002DFB029B009D0C9341EC180B39463046A3
:1067B00001F0D4FD1190FEF7BFF802460B463046BB
:1067C0003946FDF76BFF119B303305F8013B029B07
:1067D0009D4206460F464FF0000225D11B4B51EC5F
:1067E000180BFDF75DFF02460B463046394601F0B7
:1067F00095FD002874D153EC182B14490020FDF7A7
:106800004DFF02460B463046394601F069FD00282F
:106810003FF423AF0C9D6B1E0C9315F8013C302BFD
:10682000F8D0DDF81C9049E0054B01F0E7FA064688
:106830000F46BBE7C08D0300988D03000000F03FBA
:106840000000244000001C40000014400000E03F15
:10685000DDE90267009D53EC182B3046394601F004
:10686000F7FB01F07BFD8046FEF766F853EC182B32
:1068700001F0C4FA02460B463046394608F13006AC
:10688000FDF70CFF05F8016B009E019FAE1BB742A0
:1068900002460B4637D1FDF703FF53EC182B064693
:1068A0000F4601F03BFDC8B953EC182B3046394672
:1068B00001F00CFD10B118F0010F0FD12046514628
:1068C00000F03EFD00232B700F9B09F101001860C2
:1068D000219B002B3FF4D7AC1D60D4E4CDF81C9075
:1068E0002B461D4613F8012D392A08D1009A9A42E9
:1068F000F7D1079A00990132079230220A701A786C
:1069000001321A708DE79E4B002201F077FA0022C7
:10691000002306460F4601F0D9FC00289BD0CDE7A6
:10692000089A002A00F0C680059A012A00F3AA807E
:10693000109A002A00F0A28003F23343069E4546D7
:10694000049A01211A4420469844049200F09DFDC7
:106950000746002D0BDD049B002B08DDAB42049A9B
:10696000A8BF2B46A8EB0308ED1AD31A0493069B85
:10697000FBB1089B002B00F0A180002E11DD3946F1
:106980003246204600F026FE524601460746204683
:1069900000F084FD51460790204600F0D1FC079B93
:1069A0009A46069B9A1B04D05146204600F012FEE0
:1069B00082460121204600F068FD0D9B002B064613
:1069C0007EDD1A460146204600F004FE059B012BA1
:1069D000064678DD00230693336906EB83031869C6
:1069E00000F003FDC0F12000049B184410F01F00CC
:1069F00000F08880C0F12003042B40F38180C0F1B7
:106A00001C00049B0344804405440493B8F1000F28
:106A100005DD51464246204600F02AFE8246049B90
:106A2000002B05DD31461A46204600F021FE0646C1
:106A30000E9B002B68D03146504600F078FE0028AF
:106A400062DA002351460A22204600F090FC089B9F
:106A500009F1FF398246002B00F088813946002376
:106A60000A22204600F083FCBBF1000F074600F32A
:106A70008F80059B022B40F38B804DE0129BC3F16E
:106A800036035BE7019B5E1E069BB342BFBF069BBE
:106A90000696F21A0D9BB6BF9B189E1B0D93019B89
:106AA000B8BF0026002BB5BFA8EB0305019B002350
:106AB000454645E7069E089F45464AE7069A73E71E
:106AC000059B012B18DC029BB3B9039BC3F3130393
:106AD000A3B9039B23F000431B0D1B052BB1049BA3
:106AE0000133049308F10108012306930D9B002B49
:106AF0007FF472AF012077E70023F6E7029BF4E70B
:106B000084D018461C307CE7019B002B3ADC059BA7
:106B1000022B37DDDDF804B0BBF1000F0DD131469B
:106B20005B460522204600F022FC01460646504600
:106B300000F0FDFD00283FF7BEAD099B009D6FEA08
:106B400003094FF000083146204600F0F9FB002F02
:106B50003FF4B4AEB8F1000F05D0B84503D04146BC
:106B6000204600F0EDFB3946204600F0E9FBA5E6A3
:106B700000263746E1E70C9EDDF81C9037469AE583
:106B800000002440089BDDF804B0002B00F0F580E5
:106B9000002D05DD39462A46204600F069FD0746EE
:106BA000069B002B55D07968204600F095FB3A698A
:106BB00002320546920007F10C010C30FEF7A6F9EF
:106BC00001222946204600F053FD009B013301932A
:106BD000009B5B440793029B03F00103B8460693B6
:106BE0000746019B3146504603F1FF3BFFF773FA1E
:106BF00003463033029041465046089300F097FD1B
:106C00003A4604903146204600F0ADFDC268089B2C
:106C1000054602BB0146504600F089FD089B02462E
:106C200029462046CDE9083200F08AFB059B099AE7
:106C3000019D43EA0201069B0B43089B0DD1392BB2
:106C400027D0049A002A01DD029B31338BF80030F3
:106C500079E73846B9E70122E2E70499002904DB25
:106C6000059801430698014320D1002AEEDD5146E4
:106C700001222046019300F0FBFC3146824600F0E1
:106C800056FD0028019B02DCE0D1DA07DED5392B66
:106C9000DAD139238BF800302B461D46013B15F81D
:106CA000012C392A50D001321A704CE7002A03DD3A
:106CB000392BEED00133C9E7019A079902F8013C5C
:106CC0008A422AD0514600230A22204600F04FFB78
:106CD000B84582464FF000034FF00A024146204675
:106CE00007D100F044FB80460746019B0133019326
:106CF00077E700F03CFB3946804600230A22204615
:106D000000F035FB0746F0E7BBF1000F009ACCBF5F
:106D10005D46012515444FF00008514601222046EA
:106D2000019300F0A5FC3146824600F000FD0028EA
:106D3000B2DC02D1019BDB07AED42B461D4613F813
:106D4000012D302AFAD0FEE6009A9A42A5D13123CD
:106D500009F101091370F6E6124BFFF7B5BA219B52
:106D6000002B7FF48BAA104BFFF7AEBABBF1000FDC
:106D700003DC059B022B3FF7CFAE009D314650460A
:106D8000FFF7A9F900F1300305F8013B009AAA1AB0
:106D90009345B9DD514600230A22204600F0E7FA68
:106DA0008246EBE7F98B03001E8D03008A892DE9EB
:106DB000F041054610070C4658D44B68002B05DC03
:106DC0000B6C002B02DC0020BDE8F081E66A002E8F
:106DD000F9D0002312F480522F682B6032D0606DFE
:106DE000A3895A0705D56368C01A636B0BB1236C7E
:106DF000C01A00230246E66A216A2846B047431CAF
:106E0000A38906D129681D292CD82A4ACA40D60749
:106E100028D500226260D9042269226004D5421C70
:106E200001D12B6803B96065616B2F600029CAD05E
:106E300004F14403994202D02846FEF7A7F8002047
:106E40006063C1E7216A01232846B047411CC7D1CE
:106E50002B68002BC4D01D2B01D0162B01D12F6025
:106E6000B1E7A38943F04003A381ADE70F69002F89
:106E7000A9D093070E6808BF4B690F6018BF0023A5
:106E8000A6EB07088B60B8F1000F9CDD216AA66AAB
:106E900043463A462846B047002806DCA38943F01B
:106EA0004003A3814FF0FF308EE70744A8EB0008B2
:106EB000E9E700BF0100402038B50B6905460C46E4
:106EC00013B90025284638BD18B183690BB900F005
:106ED00087F8144B9C421BD16C68B4F90C30002B22
:106EE000EFD0626ED00704D4990502D4A06D00F0F3
:106EF0001AF928462146FFF759FF636EDA0705465F
:106F0000E0D4A3899B05DDD4A06D00F00DF9D9E78D
:106F1000054B9C4201D1AC68DFE7044B9C4208BFA3
:106F2000EC68DAE74C8D03006C8D03002C8D0300B8
:106F3000002310B50446C0E90033C0E90433836080
:106F400081814366C2818361194608225C30FEF765
:106F500005F8054B6362054BA362054BE362054BE5
:106F60002462236310BD00BF7D7C03009F7C03006F
:106F7000D77C0300FB7C0300014900F0AFB800BFE1
:106F8000B96E030070B54A1E682555430E4605F1DB
:106F90007401FEF74BF8044640B10021C0E9001629
:106FA0000C30A06005F16802FDF7D8FF204670BDE7
:106FB000014800F0B8B800BFA45D0020014800F00F
:106FC000B3B800BFA45D0020014800F0ACB800BF1A
:106FD0009F5D0020014800F0A7B800BF9F5D002022
:106FE00010B50446FFF7F0FFA3691BB1BDE81040E0
:106FF000FFF7F0BFC4E912332365134B134A1B6834
:10700000A262A34204BF0123A361204600F020F83E
:107010006060204600F01CF8A060204600F018F8E0
:107020000022E06004216068FFF782FFA06801226F
:107030000921FFF77DFFE06802221221FFF778FFA8
:107040000123A361D2E700BFD48B0300796F030053
:10705000F8B50746FFF7ACFF1E4B1E68B36913B9BE
:107060003046FFF7BDFF4836D6E90134013B03D572
:1070700033680BB33668F7E7B4F90C50D5B9164B43
:10708000E36004F15800656600F04CF8FFF796FFE6
:10709000C4E90155C4E904552560A56108222946C3
:1070A00004F15C00FDF75AFFC4E90D55C4E912551F
:1070B0002046F8BD6834D9E704213846FFF762FF5F
:1070C000044630600028D5D1FFF778FF0C233B60E1
:1070D000EEE700BFD48B03000100FFFF2DE9F8436A
:1070E0000646884600F148040027D4E90195B9F125
:1070F000010905D52468002CF7D13846BDE8F8838E
:10710000AB89012B07D9B5F90E30013303D02946DD
:107110003046C04707436835E9E70000004870473C
:10712000BC37002070477047704770B50E46B1F904
:107130000E10002996B014461D4607DA00232B6076
:10714000B3891A0610D44FF480630EE06A4600F04B
:1071500007FE0028F2DB019A02F47042A2F5005308
:107160005A425A412A60EEE740230020236016B0BD
:1071700070BD00008B8973B59D0706460C4607D588
:1071800004F14703236023610123636102B070BDF2
:1071900001AB6A46FFF7C9FF009905463046FDF787
:1071A00045FF48B9B4F90C309A05EFD423F0030336
:1071B00043F00203A381E3E70D4BB362A389206090
:1071C00043F08003A381009B6361019B20615BB15D
:1071D000B4F90E10304600F0D5FD28B1A38923F094
:1071E000030343F00103A381A0890543A581CDE7F3
:1071F000796F030082B001B901A942B14BB1137894
:107200000B601278101E18BF012002B070471046A4
:10721000FBE76FF00100F8E700000000000000004D
:1072200001F0FF01102A2BDB10F0070F08D010F837
:10723000013B013A8B422DD010F0070F42B3F6D13B
:10724000F0B441EA012141EA014122F007047FF054
:1072500000070023F0E80256083C85EA010586EAAB
:10726000010685FA47F5A3FA87F586FA47F6A5FAE7
:1072700087F68EB9EED1F0BC01F0FF0102F00702F3
:1072800032B110F8013B013A83EA010313B1F8D19E
:107290000020704701387047002D06BF354603387F
:1072A000073815F0010F07D1013015F4807F02BFB8
:1072B000013015F4C03F0130F0BC0138704700BF09
:1072C0000148FFF730BF00BFA05D00200148FFF775
:1072D0002BBF00BFA05D002070B5466A04460D4676
:1072E0003EB91020F9F7F8FEC0E901666062066059
:1072F000C660666AF36883B1636ADB6853F8250089
:10730000B8B9012101FA05F6721D92002046FDF779
:107310002DFE60B1C0E901560EE021220421204675
:10732000FDF724FE636AF060DB68002BE4D10020E7
:1073300070BD026843F825200023C0E90333F7E756
:1073400070B5466A05460C463EB91020F9F7C4FEF2
:10735000C0E9016668620660C6603CB16B6A62683B
:10736000DB6853F82210216043F8224070BD2DE9FC
:10737000F0410E69074698460C4601F114000023BF
:107380000568A9B202FB01814FEA114C2D0C02FBEA
:1073900005C589B2013301EB05419E4240F8041B4B
:1073A0004FEA1548ECDCB8F1000F1BD0A368B342DC
:1073B00012DC616838460131FFF78EFF2269023224
:1073C00004F10C01054692000C30FDF79FFD2146AB
:1073D0003846FFF7B5FF2C4604EB86030136C3F8A9
:1073E000148026612046BDE8F081030C1B04D3B94C
:1073F0000004102310F07F4F04BF0002083310F088
:10740000704F04BF0001043310F0404F04BF8000F0
:107410000233002805DB10F0804F03F1010308BFA1
:107420002023184670470023E4E7036813F007029F
:1074300001460BD0DA0724D4980749BF5B089B08A4
:1074400001200B605CBF0B600220704798B2B0B99E
:107450001B0C102013F0FF0F04BF1B0A08301A0783
:1074600004BF1B0904309A0704BF9B080230DA07E7
:1074700003D45B0800F1010005D00B607047104693
:10748000E8E7002070472020704710B50C46012126
:10749000FFF722FF01224461026110BD2DE9F04F88
:1074A00015460A692B699A42B8BF0B460C46BCBF09
:1074B0002C461D462769D5F81090A368616807EB34
:1074C0000906B342B8BF013185B0FFF705FF00F1EF
:1074D000140101EB86080B46002243451DD304F13D
:1074E000140305F1140203EB870702EB89030293EF
:1074F0003B1B153B23F00303043304F11505AF4296
:1075000038BF04230193029B0392934208D8002EB4
:107510005ADC066105B0BDE8F08F43F8042BDCE7C8
:10752000B2F800A0BAF1000F24D004F1140E89467D
:107530004FF0000C5EF8045BD9F800B0ABB21FFA54
:107540008BFB0AFB03B34FEA154BD9F80050634499
:107550004FEA154C0AFB0BC505EB13459BB243EAFA
:107560000543774549F8043B4FEA154CE2D8019BA7
:1075700041F803C0039BB3F802900432B9F1000F45
:1075800020D00B6804F1140C8E464FF0000ABCF8B2
:107590000050BEF802B009FB05B5AA449BB243EA0D
:1075A0000A434EF8043B5CF8043BBEF800501B0C49
:1075B00009FB035303EB1A4367454FEA134AE6D826
:1075C000019D4B5104319EE758F8043D002BA0D19A
:1075D000013E9CE72DE9F843154612F003020646EA
:1075E0000F4607D0214C013A002354F82220FFF720
:1075F000BEFE0746AD1035D0746A3CB91020F9F7CD
:107600006BFDC0E9014470620460C460D6F8248058
:10761000D8F808404CB940F271213046FFF735FFE9
:107620000023C8F80800044603604FF00009EB0788
:107630000AD5394622463046FFF730FF39468046A4
:107640003046FFF77DFE47466D100BD0206838B9F5
:10765000224621463046FFF721FF2060C0F8009007
:107660000446E4E73846BDE8F88300BF888E03008F
:107670002DE9F0470C464968236903EB6218A368BB
:10768000074691464FEA621A08F10106B3423FDB12
:107690003846FFF721FE0023054600F1140100F1F2
:1076A00010021846534536DB20692AEAEA7A04F1CB
:1076B000140319F01F0901EB8A0103EB800C2ED093
:1076C000C9F1200E8A460022186800FA09F0024328
:1076D0004AF8042B53F8042B9C4522FA0EF2F3D8F7
:1076E000ACEB0403153B23F00303043304F1150052
:1076F000604588BF0423CA500AB108F10206013E62
:1077000038462E612146FFF71BFE2846BDE8F0876C
:1077100001315B00BAE742F8040F0133C2E70439D4
:1077200053F8042B41F8042F9C45F9D8E7E730B50E
:1077300002690C69121B0ED100F11403143103EB22
:10774000840001EB840150F8045D51F8044DA5421A
:1077500003D005D30122104630BD8342F3D3FAE7AC
:107760004FF0FF32F7E72DE9F84F0C460646114679
:1077700020461746FFF7DBFF051E08D12946304695
:10778000FFF7AAFD0123C0E90435BDE8F88FA4BFC7
:107790003B46274630467968A6BF1C460025012592
:1077A000FFF79AFD3E69C560256907F1140104F1F0
:1077B000140900F1140E07F1100201EB860C09EB1D
:1077C0008505F246002759F8043B52F804BF1FFA1A
:1077D00083F817FA8BF71B0CA7EB0808C3EB1B43C6
:1077E00003EB28431FFA88F81F144D4548EA03436A
:1077F0004AF8043BE7D82B1B153B23F00303043363
:107800001534A54238BF0423194473449E460D46DF
:1078100065450ED30CF10302521A22F0030203391C
:107820008C4538BF00221A4452F8043D7BB10661F2
:10783000ABE755F8048B17FA88F4221402EB1842D0
:10784000A4B244EA02444EF8044B1714E0E7013EA8
:10785000EAE72DE9F7438946012157EC106B904682
:10786000FFF73AFDC7F30A550446C7F3130335BBC8
:10787000002E019328D068460096FFF7D6FD0099A8
:1078800000B3019AC0F1200302FA03F30B43C24094
:1078900063610192019BA361002B14BF02220122AC
:1078A0002261D5B1A5F233450544C9F80050C0F1B5
:1078B0003500C8F80000204603B0BDE8F08343F46B
:1078C0008013D5E76161E5E701A8FFF7AEFD019BF5
:1078D0006361012222612030E3E704EB8203A0F21E
:1078E0003240C9F800001869FFF77FFDC0EB421075
:1078F000DFE7F8B5074614460E4621B9BDE8F84063
:107900001146FDF793BB22B9FDF740FB25462846FB
:10791000F8BD00F059FAA0420FD221463846FDF7D3
:1079200085FB05460028F2D031462246FDF7EEFAE7
:1079300031463846FDF72AFBE9E73546E7E72DE90A
:10794000F0478E689E4282460C4690461F4638D8C5
:107950008A8912F4906F32D025680969A5EB010974
:10796000656905EB450505EBD57501334B446D1095
:107970009D4238BF1D46530531D52946FDF756FBBC
:10798000064650B90C23CAF80030A38943F04003DF
:10799000A3814FF0FF30BDE8F08721694A46FDF72B
:1079A000B5FAA38923F4906343F08003A381266191
:1079B00065614E44A5EB09052660A5603E46BE42C2
:1079C00000D93E46324620684146FDF7ADFAA3682D
:1079D00022689B1B3244A36022600020DBE72A461A
:1079E000FFF787FF06460028E1D121695046FDF7E1
:1079F000CDFAC7E72DE9F04F98468B891B069DB05D
:107A000007460D4614460ED50B6963B94021FDF7B4
:107A10000DFB2860286120B90C233B604FF0FF303C
:107A2000D1E040236B610023099320238DF8293096
:107A3000CDF80C803023DFF8A8818DF82A304FF084
:107A4000010923469A4613F8012B0AB1252AF9D1D8
:107A5000BAEB040B0BD05B46224629463846FFF7AB
:107A60006EFF013000F0AA80099A5A4409929AF8F0
:107A70000030002B00F0A28000234FF0FF32CDE950
:107A800005230AF1010A049307938DF853301A93E2
:107A90005446052214F8011B5148FFF7C1FB049A14
:107AA000D8B9D00644BF20238DF85330110744BF06
:107AB0002B238DF853309AF800302A2B15D0079AD3
:107AC000544600204FF00A0C214611F8013B303B90
:107AD000092B4ED9B0B1079214E0A0EB080309FAC4
:107AE00003F313430493A246D2E7039B191D1B68BB
:107AF0000391002BBBBF5B4242F002020793079346
:107B0000B8BF049223782E2B0CD163782A2B35D161
:107B1000039B1A1D1B680392002BB8BF4FF0FF3365
:107B200002340593DFF8C8A0217803225046FFF7FE
:107B300077FB40B14023A0EB0A0003FA00F0049B5E
:107B400003430134049314F8011B26488DF82810D0
:107B50000622FFF765FB002838D0234B1BBB039B95
:107B6000073323F0070308330393099B3344099336
:107B700067E70CFB02320C460120A5E70023013425
:107B8000059319464FF00A0C204610F8012B303AA5
:107B9000092A03D9002BC5D00591C3E70CFB0121AD
:107BA00004460123F0E703AB00932A460F4B04A9D8
:107BB0003846FDF78FFC421C0646D6D1AB895B06E2
:107BC0003FF52CAF09981DB0BDE8F08F03AB0093D3
:107BD0002A46064B04A93846FDF720FFEBE700BF15
:107BE000D88B0300E28B0300D55403003F790300D8
:107BF000DE8B03001F2938B504460D4604D9162331
:107C000003604FF0FF3038BD426C12B152F82130A2
:107C10004BB9204600F030F82A4601462046BDE820
:107C2000384000F017B8012B0AD0591C03D1162395
:107C300003600120E7E7002442F8254028469847E2
:107C40000020E0E7024B01461868FFF7D3BF00BFF2
:107C50006836002038B5074D002304460846114613
:107C60002B6000F0C3FB431C02D12B6803B12360DF
:107C700038BD00BFA85D002000F0A8BB10B50C46C1
:107C8000B1F90E1000F0A8F80028ABBF636DA3890E
:107C90001B1823F48053ACBF6365A38110BD2DE98D
:107CA000F0411F468B89DB0505460C46164605D577
:107CB000B1F90E100223002200F074F8A389B4F980
:107CC0000E1023F48053A38132463B462846BDE87C
:107CD000F04100F023B810B50C46B1F90E1000F0D9
:107CE00061F8431CA38915BF606523F4805343F4F6
:107CF0008053A38118BFA38110BDB1F90E1000F00D
:107D00001FB849B1FF2A85BF8A2303600A704FF06C
:107D1000FF3098BF012070470846704738B5074DBF
:107D200004460846114600222A601A46FBF78AFDDF
:107D3000431C02D12B6803B1236038BDA85D00202D
:107D400038B5064D0023044608462B6000F02EFB94
:107D5000431C02D12B6803B1236038BDA85D00200D
:107D600038B5074D00230446084611462B6000F045
:107D700025FB431C02D12B6803B1236038BD00BF33
:107D8000A85D002038B5064D0023044608462B6048
:107D900000F024FB431C02D12B6803B1236038BDE3
:107DA000A85D002038B5074D04460846114600225C
:107DB0002A601A4600F022FB431C02D12B6803B153
:107DC000236038BDA85D002051F8043C181F002B2B
:107DD000BCBF0B58C018704738B5074D044608465D
:107DE000114600222A601A4600F010FB431C02D103
:107DF0002B6803B1236038BDA85D002070B54FF03B
:107E0000FF0C4CF4E06C1CEA11541DBF1CEA135526
:107E100094EA0C0F95EA0C0F00F0DEF82C4481EA8E
:107E2000030621EA4C5123EA4C5350EA013518BFAE
:107E300052EA033541F4801143F4801338D0A0FB9B
:107E400002CE4FF00005E1FB02E506F00042E0FB48
:107E500003E54FF00006E1FB03569CF0000F18BF4E
:107E60004EF0010EA4F1FF04B6F5007F64F54074F6
:107E700004D25FEA4E0E6D4146EB060642EAC62189
:107E800041EA55514FEAC52040EA5E504FEACE2EF6
:107E9000B4F1FD0C88BFBCF5E06F1ED8BEF1004FF9
:107EA00008BF5FEA500E50F1000041EB045170BD75
:107EB00006F0004646EA010140EA020081EA0301B9
:107EC000B4EB5C04C2BFD4EB0C0541EA045170BDB5
:107ED00041F480114FF0000E013C00F3AB8014F12F
:107EE000360FDEBF002001F0004170BDC4F1000478
:107EF000203C35DA0C341BDC04F11404C4F12005F9
:107F000000FA05F320FA04F001FA05F240EA020053
:107F100001F0004221F0004110EBD37021FA04F689
:107F200042EB06015EEA430E08BF20EAD37070BD43
:107F3000C4F10C04C4F1200500FA04F320FA05F0A2
:107F400001FA04F240EA020001F0004110EBD370A4
:107F500041F100015EEA430E08BF20EAD37070BD14
:107F6000C4F1200500FA05F24EEA020E20FA04F3ED
:107F700001FA05F243EA020321FA04F001F000419C
:107F800021FA04F220EA020000EBD3705EEA430E0D
:107F900008BF20EAD37070BD94F0000F0FD101F03C
:107FA0000046400041EB010111F4801F08BF013C75
:107FB000F7D041EA060195F0000F18BF704703F0B3
:107FC0000046520043EB030313F4801F08BF013D3A
:107FD000F7D043EA0603704794EA0C0F0CEA1355F6
:107FE00018BF95EA0C0F0CD050EA410618BF52EAB0
:107FF0004306D1D181EA030101F000414FF00000B6
:1080000070BD50EA410606BF1046194652EA4306C3
:1080100019D094EA0C0F02D150EA013613D195EA37
:108020000C0F05D152EA03361CBF104619460AD17F
:1080300081EA030101F0004141F0FE4141F4700189
:108040004FF0000070BD41F0FE4141F4780170BD79
:1080500070B54FF0FF0C4CF4E06C1CEA11541DBFDE
:108060001CEA135594EA0C0F95EA0C0F00F0A7F8E0
:10807000A4EB050481EA030E52EA03354FEA01310D
:1080800000F088804FEA03334FF0805545EA131320
:1080900043EA12634FEA022245EA111545EA1065E8
:1080A0004FEA00260EF000419D4208BF964244F17F
:1080B000FD0404F5407402D25B084FEA3202B61A9E
:1080C00065EB03055B084FEA32024FF480104FF472
:1080D000002CB6EB020E75EB030E22BFB61A7546E6
:1080E00040EA0C005B084FEA3202B6EB020E75EB79
:1080F000030E22BFB61A754640EA5C005B084FEAE1
:108100003202B6EB020E75EB030E22BFB61A7546AD
:1081100040EA9C005B084FEA3202B6EB020E75EBB8
:10812000030E22BFB61A754640EADC0055EA060E79
:1081300018D04FEA051545EA16754FEA06164FEABC
:10814000C30343EA52734FEAC2025FEA1C1CC0D168
:1081500011F4801F0BD141EA00014FF000004FF0F5
:10816000004CB6E711F4801F04BF01430020B4F1B6
:10817000FD0C88BFBCF5E06F3FF6AFAEB5EB030C6E
:1081800004BFB6EB020C5FEA500C50F1000041EB6B
:10819000045170BD0EF0004E4EEA113114EB5C0438
:1081A000C2BFD4EB0C0541EA045170BD41F480110B
:1081B0004FF0000E013C90E645EA060E8DE60CEA13
:1081C000135594EA0C0F08BF95EA0C0F3FF43BAF30
:1081D00094EA0C0F0AD150EA01347FF434AF95EAE7
:1081E0000C0F7FF425AF104619462CE795EA0C0FCB
:1081F00006D152EA03353FF4FDAE1046194622E798
:1082000050EA410618BF52EA43067FF4C5AE50EA71
:1082100041047FF40DAF52EA43057FF4EBAE12E761
:108220004FF0FF3C06E000BF4FF0010C02E000BF42
:108230004FF0010C4DF804CD4FEA410C7FEA6C5C25
:108240004FEA430C18BF7FEA6C5C1BD001B050EAC8
:10825000410C0CBF52EA430C91EA030F02BF90EAB3
:10826000020F0020704710F1000F91EA030F58BF72
:10827000994208BF90422CBFD8176FEAE37040F0D4
:10828000010070474FEA410C7FEA6C5C02D150EA72
:10829000013C07D14FEA430C7FEA6C5CD6D152EA2D
:1082A000033CD3D05DF8040B704700BF84461046F2
:1082B00062468C461946634600E000BF01B5FFF7F1
:1082C000B7FF002848BF10F1000F01BD4DF808EDC1
:1082D000FFF7F4FF0CBF012000205DF808FB00BF92
:1082E0004DF808EDFFF7EAFF34BF012000205DF8EC
:1082F00008FB00BF4DF808EDFFF7E0FF94BF012039
:1083000000205DF808FB00BF4DF808EDFFF7CEFF39
:1083100094BF012000205DF808FB00BF4DF808ED78
:10832000FFF7C4FF34BF012000205DF808FB00BF49
:108330004FEA410C7FEA6C5C02D150EA013C0AD161
:108340004FEA430C7FEA6C5C02D152EA033C02D153
:108350004FF0000070474FF0010070474FEA4102B4
:1083600012F5001215D211D56FF47873B3EB625287
:1083700012D94FEAC12343F0004343EA505311F0AE
:10838000004F23FA02F018BF404270474FF0000040
:10839000704750EA013005D111F0004008BF6FF07E
:1083A000004070474FF00000704700BF024B58225A
:1083B0001A604FF0FF307047A85D0020024B582232
:1083C0001A604FF0FF307047A85D0020024B582222
:1083D0001A604FF0FF307047A85D0020024B582212
:1083E0001A600020704700BFA85D0020024B582291
:1083F0001A604FF0FF307047A85D0020024B5822F2
:108400001A604FF0FF307047A85D0020024B5822E1
:108410001A604FF0FF307047A85D0020FEE700BFF4
:10842000F8B500BFF8BC08BC9E467047F8B500BF61
:10843000F8BC08BC9E467047436F6E6E65637465FA
:108440006420746F20000000416461667275697475
:1084500020496E64757374726965733A290000006F
:1084600046656120426C7565667275697420203AB4
:108470003D29000011000000000000000000000085
:10848000757002008D700200A9700200A5720200D2
:108490000000000000000000AD7A0200D17A020066
:1084A000100018000000C8000000000000000000DC
:1084B0003D8802003D880200418802000000000063
:1084C0000000000000000000B9880200BD88020022
:1084D0005075626C696300005374617469630000D5
:1084E00050726976617465205265736F6C76616253
:1084F0006C65000050726976617465204E6F6E2065
:108500005265736F6C7661626C65000046656174DC
:10851000686572206E5246353238333200000000F2
:10852000424C4500534F4300D0840300D8840300DD
:10853000E0840300F4840300010000071100000040
:10854000D8ECF0F4F8FC0003040000000000000088
:10855000000000003D8802003D880200999302005F
:1085600023D1BCEA5F782315DEEF1212301500002C
:1085700023D1BCEA5F782315DEEF1212321500001A
:1085800023D1BCEA5F782315DEEF1212311500000B
:1085900023D1BCEA5F782315DEEF121234150000F8
:1085A00000000000000000003D8802003D8802003D
:1085B000CD950200312E362E3100000041646166F7
:1085C0007275697420496E6475737472696573009D
:1085D00000000000000000003D8802003D8802000D
:1085E0002197020054584400525844009ECADC248B
:1085F0000EE5A9E093F3A3B50200406E9ECADC2409
:108600000EE5A9E093F3A3B50300406E9ECADC24F7
:108610000EE5A9E093F3A3B50100406E0000000051
:10862000000000003D8802003D8802007DA002009D
:10863000F59F020035A00200A198020051980200A7
:108640006D9D0200559C0200599B0200719E020024
:10865000019802006198020085980200E8FFFFFF80
:1086600000000000559A0200419902003D9302006B
:108670008D98020001990200DD980200999802008D
:108680002F61646166727569742F626F6E645F70CA
:10869000727068002F61646166727569742F626F11
:1086A0006E645F636E7472002F61646166727569D7
:1086B000742F626F6E645F707270682F253032584D
:1086C000253032582530325825303258253032582E
:1086D00025303258000000002F61646166727569B0
:1086E000742F626F6E645F636E74722F2530325820
:1086F00025303258253032582530325825303258FE
:108700002530325800000000253032583A253032EA
:10871000583A253032583A253032583A25303258B6
:108720003A25303258000000000000000000000030
:108730006DA8020069A802005DA802005DA8020001
:1087400061A8020061A8020059A8020055A8020011
:10875000F0FFFFFF0000000075A80200000000000D
:1087600000000000A5A80200A9A802002E00000039
:108770002E2E00002F00000000000000000000006E
:1087800031AC0200ADAA02003D9302005DAB0200D5
:10879000D5AB0200EDAA0200A1AB0200626C6F63D0
:1087A0006B203C206C66732D3E6366672D3E626CC9
:1087B0006F636B5F636F756E74000000433A5C55C6
:1087C000736572735C63656F6D315C417070446199
:1087D00074615C4C6F63616C5C41726475696E6F4F
:1087E00031355C7061636B616765735C61646166A0
:1087F000727569745C68617264776172655C6E72CF
:108800006635325C312E362E315C6C696272617273
:108810006965735C41646166727569745F4C697403
:10882000746C6546535C7372635C6C6974746C65DC
:1088300066735C6C66732E6300000000686561649B
:10884000203E3D20322026262068656164203C3D84
:10885000206C66732D3E6366672D3E626C6F636BA2
:108860005F636F756E7400007063616368652D3EB1
:10887000626C6F636B203D3D20307866666666668D
:10888000666666006E626C6F636B203E3D20322030
:108890002626206E626C6F636B203C3D206C6673F5
:1088A0002D3E6366672D3E626C6F636B5F636F7511
:1088B0006E740000656E7472792E642E7479706522
:1088C000203D3D204C46535F545950455F5245472B
:1088D00000000000726573006C66732D3E6366676E
:1088E0002D3E6C6F6F6B61686561642025203332AB
:1088F000203D3D20300000006C66732D3E636667AE
:108900002D3E6C6F6F6B6168656164203E203000A6
:108910006C66732D3E6366672D3E70726F675F7382
:10892000697A652025206C66732D3E6366672D3E4F
:10893000726561645F73697A65203D3D2030000097
:108940006C66732D3E6366672D3E626C6F636B5F72
:1089500073697A652025206C66732D3E6366672DEA
:108960003E70726F675F73697A65203D3D2030000D
:10897000342A6C66735F6E7077322830786666666C
:108980006666666666202F20286C66732D3E6366D9
:10899000672D3E626C6F636B5F73697A652D322A57
:1089A000342929203C3D206C66732D3E6366672D7B
:1089B0003E626C6F636B5F73697A65006C69747497
:1089C0006C656673000000006C66735F63616368CA
:1089D000655F7265616400006C66735F6361636804
:1089E000655F70726F6700006C66735F63747A5FB7
:1089F00066696E64000000006C66735F63747A5F82
:108A0000657874656E6400006C66735F66696C659A
:108A10005F73796E630000006C66735F72656D6FE3
:108A2000766500006C66735F696E69740000000013
:108A3000000000006410B71DC8206E3BAC30D92682
:108A40009041DC76F4516B6B5861B24D3C7105502E
:108A50002083B8ED44930FF0E8A3D6D68CB361CB56
:108A6000B0C2649BD4D2D38678E20AA01CF2BDBD0A
:108A7000000000000000000025030300390303008C
:108A80000D0A00000000000000000000690903005A
:108A9000B10903002909030011090300210903009A
:108AA000190903003D090300050A0300050C030032
:108AB0007D08030075080300546D7251000000002A
:108AC000546D7220537663006C6F6F70000000006D
:108AD00000000101000000010100000043616C6C16
:108AE0006261636B000000000000000000000000F5
:108AF000A13E0300C13E030073256C7520256C75F3
:108B00002E256C752E256C75000000002530386C04
:108B1000582530386C5800000000000001000000AB
:108B20000200000003000000040000000500000037
:108B30000600000007000000080000000900000017
:108B40000A0000000B0000000C0000000D000000F7
:108B50000E0000000F0000001000000011000000D7
:108B600012000000130000001400000015000000B7
:108B70001600000017000000180000001900000097
:108B80001A0000001B0000001C0000001D00000077
:108B90001E0000001F0000002C2066756E637469C3
:108BA0006F6E3A2000617373657274696F6E202274
:108BB000257322206661696C65643A2066696C657C
:108BC00020222573222C206C696E65202564257374
:108BD00025730A006C360020232D302B2000686C92
:108BE0004C0065666745464700494E4600696E661B
:108BF000004E414E006E616E003000303132333431
:108C000035363738394142434445460030313233F6
:108C10003435363738396162636465660000202078
:108C2000202020202020202828282828202020201C
:108C300020202020202020202020202020208810DC
:108C4000101010101010101010101010101004043C
:108C50000404040404040404101010101010104143
:108C600041414141410101010101010101010101B4
:108C70000101010101010101011010101010104249
:108C80004242424242020202020202020202020284
:108C90000202020202020202021010101020000062
:108CA00000000000000000000000000000000000C4
:108CB00000000000000000000000000000000000B4
:108CC00000000000000000000000000000000000A4
:108CD0000000000000000000000000000000000094
:108CE0000000000000000000000000000000000084
:108CF0000000000000000000000000000000000074
:108D00000000000000000000000000000000000063
:108D10000000000000000000000000000000496E9C
:108D200066696E697479004E614E000000000000B3
:108D30000000000000000000000000000000000033
:108D40000000000000000000000000000000000023
:108D50000000000000000000000000000000000013
:108D60000000000000000000000000000000000003
:108D700000000000000000000000000000000000F3
:108D80000000000000000000000000004300504F01
:108D9000534958002E0000000080E03779C341435A
:108DA000176E05B5B5B89346F5F93FE9034F384D51
:108DB000321D30F94877825A3CBF737FDD4F1575FD
:108DC000000000000000F03F000000000000244010
:108DD00000000000000059400000000000408F40EB
:108DE000000000000088C34000000000006AF84056
:108DF0000000000080842E4100000000D01263417A
:108E00000000000084D797410000000065CDCD41EF
:108E1000000000205FA00242000000E876483742D0
:108E2000000000A2941A6D42000040E59C30A2426E
:108E30000000901EC4BCD64200003426F56B0C43E3
:108E40000080E03779C3414300A0D885573476438A
:108E500000C84E676DC1AB43003D9160E458E143EB
:108E6000408CB5781DAF154450EFE2D6E41A4B4460
:108E700092D54D06CFF08044F64AE1C7022DB544A5
:108E8000B49DD9794378EA44050000001900000038
:088E90007D000000000000005D
:088E9800B8D3FE7F01000000C9
:108EA00000000000020000000200000000000000BE
:108EB000A90303008D0303006103030055030300AE
:108EC000800000008000000080000000E000000042
:108ED0008000000000000000000000000000000012
:108EE0000000000011060300B1050300A505030002
:108EF00095050300FFFFFFFFA4420020AC5D0020AA
:108F00000090D0030A0000006C3600200000000032
:108F10004C8D03006C8D03002C8D030000000000BD
:108F20000000000000000000000000000000000041
:108F30000000000000000000000000000000000031
:108F40000000000000000000000000000000000021
:108F50000000000000000000000000000000000011
:108F600000000000000000000000000043000000BE
:108F700000000000000000000000000000000000F1
:108F8000000000000000000000000000430000009E
:108F900000000000000000000000000000000000D1
:108FA000000000000000000000000000430000007E
:108FB00000000000000000000000000000000000B1
:108FC000000000000000000000000000430000005E
:108FD0000000000000000000000000000000000091
:108FE000000000000000000000000000430000003E
:108FF0000000000000000000000000000000000071
:10900000000000000000000000000000430000001D
:109010000000000000000000000000000000000050
:1090200000000000000000000000000043000000FD
:109030000000000000000000000000000000000030
:10904000000000000000000000000000037D03009D
:10905000F5710300000000001D8C0300948D0300D7
:10906000D38B0300D38B0300D38B0300D38B03007C
:10907000D38B0300D38B0300D38B0300D38B03006C
:10908000D38B0300FFFFFFFFFFFFFFFFFFFFFFFF8B
:10909000FFFF000001004153434949000000000068
:1090A00000000000000000000000000000000000C0
:1090B0000000000000004153434949000000000047
:1090C00000000000000000000000000000000000A0
:1090D0000000000000000000016202003562020092
:1090E000716602003193020079A8020001040300B6
:0890F0005D0E03001162020095
:040000033000374151
:00000001FF
