:020000022000DC
:106000000000012011340300513403005334030015
:1060100055340300573403005934030000000000D6
:106020000000000000000000000000000133030039
:106030005D340300000000002133030061340300DD
:106040006334030063340300650A03006334030010
:1060500063340300633403006334030063340300D8
:1060600063340300633403006334030063340300C8
:1060700063340300633403006334030063340300B8
:1060800063340300593003006334030063340300B6
:106090006334030063340300ED8E020063340300B5
:1060A0006334030063340300633403006334030088
:1060B00063340300633403000000000000000000AC
:1060C0006334030063340300633403006334030068
:1060D00063340300633403006334030000000000F2
:1060E00000000000000000000000000000000000B0
:1060F00000000000000000000000000000000000A0
:10610000000000000000000000000000000000008F
:10611000000000000000000000000000000000007F
:10612000000000000000000000000000000000006F
:10613000000000000000000000000000000000005F
:10614000000000000000000000000000000000004F
:10615000000000000000000000000000000000003F
:10616000000000000000000000000000000000002F
:10617000000000000000000000000000000000001F
:10618000000000000000000000000000000000000F
:1061900000000000000000000000000000000000FF
:1061A00000000000000000000000000000000000EF
:1061B00000000000000000000000000000000000DF
:1061C00000000000000000000000000000000000CF
:1061D00000000000000000000000000000000000BF
:1061E00000000000000000000000000000000000AF
:1061F000000000000000000000000000000000009F
:10620000F1EE103A43F08073E1EE103A704700BFB0
:1062100010B5054C237833B9044B13B10448AFF3E0
:1062200000800123237010BD5038002000000000C2
:10623000548A030008B5034B1BB103490348AFF36D
:10624000008008BD0000000054380020548A03007C
:10625000154B002B08BF134B9D46A3F5803A002138
:106260008B460F461348144A121A0EF08FFC0F4B40
:10627000002B00D098470E4B002B00D098470020F1
:10628000002104000D000D48002802D00C48AFF397
:1062900000800EF011FC200029000DF00DF90EF029
:1062A000E5FB00BF00000800000001200000000026
:1062B0000000000050380020685A00200000000054
:1062C0000000000010B5014688B00F4C0F4802F0E6
:1062D00005FE002320226946CDE90033CDE90333D2
:1062E000CDE905330293079301F094FB084920465A
:1062F0000AF06CF8694620460AF096F801210A2057
:106300000DF03EFF08B010BD644F0020C83A0020D9
:10631000F87F030000210A200DF032BF2DE9F84379
:10632000254EDFF8C080254C254D264FDFF8B8906C
:10633000314640460AF0E2FB2246294640460EF02E
:106340005DFB314638460AF0D9FB224629463846DD
:106350000EF054FBDFF894801B4F314648460AF09C
:10636000CDFB2246294648460EF048FB404602F047
:1063700031FF22461549164E164D40460EF03EFBA3
:10638000384602F0C1FF2246134938460EF036FB6C
:1063900030464FF4807103F00DFC22460F49304621
:1063A0000EF02CFB284602F0FDFD224628460C4943
:1063B000BDE8F8430EF022BBDC800300003600206D
:1063C000CD0B0300A03A002058390020AD65020033
:1063D000A03900207838002095650200499C020011
:1063E0006D650200943A00206C380020E8380020E7
:1063F000F8B52D4C2D4D2E4E2E4F2046012102F08A
:106400002BFD2046042102F035FB0022204601210D
:1064100002F060FB2046042102F0E2FC20462649FF
:1064200001F044FD2549204601F042FD244802F0D8
:10643000F7FE28462349152202F062FF1222224964
:10644000284602F059FF284602F094FF304603F038
:106450003FFC384604F5227502F0C8FD3846642139
:1064600002F098FD0621284600F02CFA284600F09C
:1064700011FA3146284600F0C9F904F5337000F0EE
:10648000DBF92846012100F051FA2846F4222021A8
:1064900000F048FA28461E2100F042FA2846002162
:1064A000BDE8F84000F0AEBAC83A002058390020E4
:1064B000A039002078380020C56202001563020070
:1064C000E8380020088003002080030008B5254834
:1064D0004FF4E1310AF0C0F800211D200DF0B8FDA5
:1064E00000211E200DF0B4FD01211C200DF0B0FD97
:1064F00001211C200DF044FE01211B200DF0A8FD00
:1065000001211B200DF03CFE01210A200DF0A0FD11
:1065100001210B200DF09CFD4FF47A700AF036FC3F
:1065200001210A200DF02CFE4FF4FA600AF02EFC37
:1065300000210A200DF024FE4FF47A700AF026FCA8
:1065400001210A200DF01CFE4FF47A700AF01EFCA7
:1065500000210A200DF014FEFFF74AFF024B012232
:106560001A6008BD644F0020AC3A002010B5074BFC
:10657000044640F8183B00F0A7FB2046044B40F8C7
:10658000083B01F0C3FF204610BD00BF148103008B
:106590007080030010B5044B044640F8083B01F03E
:1065A000B5FF204610BD00BF7080030010B5074B3B
:1065B000044640F8183B00F087FB2046044B40F8A7
:1065C000083B01F0A3FF204610BD00BF6881030017
:1065D0007080030010B51D2086B00DF0E7FD012886
:1065E00004D01E200DF0E2FD012822D10A2211461E
:1065F00003A80AF0B7FA1C4803A90AF015FB03A880
:106600000AF0E4FA194C184920460AF0E7FAA268A1
:106610002168174802F0BEFF1B200AF0B7FB15499E
:1066200020460AF045FB13490F480AF041FB06B02B
:1066300010BD1F200DF0DEFC0A22014668460AF05C
:1066400091FA694603A80AF073FA03A80A210AF02E
:1066500059FB014604480AF0C1FA03A80AF0B6FA49
:1066600068460AF0B3FACDE7A03A0020943A002039
:10667000B8390020DC80030070B53B4D2B68012B3E
:1066800086B024D0022B20D16C46384920460AF02F
:1066900035FA374802F0DEFE002844D1354920465D
:1066A0000AF05EFB064620460AF090FABEB30124CB
:1066B00000210A202C600DF063FD4FF4FA700AF0FF
:1066C00065FB01210A200DF05BFD06B070BD6C4634
:1066D000264920460AF012FA254802F0BBFE90BB7C
:1066E000254920460AF03CFB064620460AF06EFA91
:1066F000002EEAD0022300210A202B600DF040FD7D
:106700004FF4FA700AF042FB01210A200DF038FD27
:106710004FF4FA700AF03AFB00210A20CBE7FFF7AA
:1067200059FF06B070BD124802F0E4FE0A2201468D
:1067300003A80AF017FA03A920460AF097FA03A85B
:106740000AF044FAAAE70A4802F0D4FE0A220146F7
:1067500003A80AF007FA03A920460AF087FA03A85B
:106760000AF034FABCE700BFAC3A0020DC8003003A
:10677000A0390020B48403007881030072DF7047E1
:1067800073DF704777DF704738B5054608460C461B
:1067900001F0EAFE102803D080280ED0012038BD79
:1067A000EB7FA2881B2B0EDCE9180320E85448700D
:1067B0004A80EB7F0433EB77F0E7A368002BEDD042
:1067C000E97F0D2901DD002038BD6A1811206854C9
:1067D0000721517058681C689968DB68C2F80E3050
:1067E000C2F80600C2F80240C2F80A10EB7F12336A
:1067F000EB77012038BD00BF10B500210446C177FA
:106800001F220EF0C3F9204610BD00BF30B5D1E9FC
:10681000042485B0CD68074B00936946CDE9022476
:106820000195FFF7B1FF0446684601F06FFE204670
:1068300005B030BD88800300F0B589B0064620223F
:106840001348694602F0B8FAF37FC2181D2A0CDD1E
:10685000C3F11D04E4B2E2181D2A4FF00005D8BFB1
:10686000082705DD284609B0F0BD044601250927A3
:10687000F218601CF05469465770901C22460EF0C6
:106880005DF9F27F023214442846F47709B0F0BD76
:10689000C83A002010B50446094802F0D9FAE37F4F
:1068A0001C2B01DD002010BDE2180221E1540A2357
:1068B00090705370E37F0333E377012010BD00BF76
:1068C000C83A0020C27F1C2A01DD0020704710B4A6
:1068D00003469C18022098540120A1706070DA7F52
:1068E0000332DA775DF8044B704700BF10B51F2202
:1068F000044600210EF04AF9064B0749074A236275
:106900000023E377C4E90C12C4E90E33E362236485
:10691000204610BDFF0101002000F40020001E00F1
:10692000C1867047018681864286704780F82210B2
:10693000704700BFF0B502EB820389B0154603EB48
:10694000830390F821209B0004460020CDE9041029
:10695000ADF81430931E0290CDE906000E46039068
:106960008DF80820092B09D8DFE803F00505080891
:1069700008050805080504F1240303931D4B1A6854
:10698000D20709D41C491D4AC87FE77F90810120A6
:106990001460916097801860184902AA04F12000E1
:1069A000FFF7ECFE10B1002009B0F0BD94F8201004
:1069B0001348019102F04CFA019902460120FFF7B9
:1069C000E1FE0028EFD194F820000121FFF7D8FE66
:1069D0000028E8D10A4802F099FA628FA686AA42F6
:1069E0004FF0010094BF921A521B628784F8230073
:1069F00009B0F0BDB03A0020943D0020B43A002028
:106A0000C83A0020F0B5002361F30F03044661F398
:106A10001F4389B08363FA212F4802F021FAE58EE3
:106A200094F82110268E049605EB850303EB83036F
:106A300000229B000592ADF814308B1E0292CDE926
:106A4000062203928DF80810092B09D8DFE803F01D
:106A50000505080808050805080504F12403039343
:106A60001E4B1A68D20709D41D491E4AC87FE77F0A
:106A7000908101201460916097801860194902AAE2
:106A800004F12000FFF77AFE10B1002009B0F0BD3C
:106A900094F820101048019102F0DAF901990246A9
:106AA0000120FFF76FFE0028EFD194F820000121AC
:106AB000FFF766FE0028E8D1074802F027FA638F47
:106AC000A6869D424FF0010094BF5B1BDB1A6387D3
:106AD00084F8230009B0F0BDC83A0020B03A002085
:106AE000943D0020B43A002030B50B888D88112BDE
:106AF00085B0044605D0262B33D0102B25D005B009
:106B000030BDC36AEB40DB07F9D52E4801F0AEF982
:106B10000028F4D1E36A94F82310012202FA05F563
:106B200023EA0503E3620029E9D194F82230002B1F
:106B3000E5D0238F23486387FA2102F091F9E28E92
:106B4000218E2046FFF7F6FED9E7CB7B012BD6D16D
:106B5000C26A03FA05F515430023C56280F82330A5
:106B6000CDE70B7A012BCAD1002380F823304FF4F4
:106B7000FA71144802F074F9238F5BB1658F95B1F7
:106B8000236C0BB19847658F618E2A462046FFF72C
:106B9000D1FEB4E7236C03B19847618E00222046F2
:106BA000FFF7C8FEABE7074802F0C4F9E26B002A22
:106BB000A5D0009503AB2946284603950CF06EFF3F
:106BC0009DE700BFC83A002075DF704710B44FF052
:106BD00010144FF448010022C0E90041C0E902222C
:106BE0005DF8044B704700BF014800F041BF00BF93
:106BF000083E0020F8B500250D4F2E4601E0142D6B
:106C000014D0A9B2384602F069F9013504460028CB
:106C1000F5D000F0D1FD0028F1D0204600F0D6FDDF
:106C2000022804BF0136F6B2142DEAD13046F8BD71
:106C3000C83A002070B58E881B480C4694B0314687
:106C400002F04CF923881A2B05D01F2B1CD0102BD7
:106C50000FD014B070BD054600F0B0FD0028F8D08C
:106C6000284600F0ADFD0028F3D1284600F018FEBC
:106C7000EFE7694600F0FCFD0028EAD06A4631469D
:106C80000A4801F059FBE4E754F8080F61686B46C5
:106C900003C33046BDF80030ADF802306946FFF757
:106CA00093FF14B070BD00BFC83A0020E83A00203E
:106CB000AADF7047ABDF7047ACDF7047ADDF7047CE
:106CC000AEDF7047B0DF704710B5044B044640F8A4
:106CD000043B01F01BFC204610BD00BF40800300B8
:106CE00010B5054B044640F8043B01F00FFC20466C
:106CF0000CF01CFC204610BD4080030070B57B4B9F
:106D000004461B68836196B0043001F03DFC94F8A2
:106D10002E30A06913F0320208BF84F82F2013F040
:106D20000C0308BF84F830300DF10102694601F010
:106D3000E3FB94F82F209DF8010015070DD09DF876
:106D4000001002F00F0301F00F059D424FEA1212EE
:106D50006DD243EA021284F82F2094F830301907DC
:106D60000BD003F00F0100F00F058D424FEA131313
:106D700069D241EA031384F8303094F82E1011F0F0
:106D8000300340F096800FAD0F93C5E90133C5E99C
:106D900003338DF83C10AB610021ADF809109DF86C
:106DA0000A10206A1493012363F342018DF808202E
:106DB0008DF80A1008B1037873BB94F8263013B12C
:106DC00004F12603129394F831200023D20708938C
:106DD000079358BFE38AADF81C3004F1080004F1B2
:106DE0002F01CDE9050154BF1846E08AADF8200017
:106DF000294604F13203E569099505AA0020FFF749
:106E000057FF054628B994F8253043BB237D002B56
:106E100064D0284616B070BD10900EF0B4FD02ABE1
:106E200080B2ADF84400ADF846001393C5E74FEAD1
:106E3000111101D191428CD30A462B4643EA02122A
:106E400084F82F2089E74FEA101001D1984290D39F
:106E50000346294641EA031384F830308DE7ADF844
:106E60000D009DF80E2094F82F600C90012363F321
:106E7000420242F608118DF80E208DF8123004AA55
:106E80000223ADF8101003A90D90ADF83030ADF825
:106E900034300A9204F124030B910DF102020AA985
:106EA0008DF80C600E93FFF705FF0028AED0054665
:106EB000AFE70F4B8DF805200FAD1B788DF8043030
:106EC000022000230F938DF80600C5E90133C5E9C0
:106ED0000333AB618DF83C1001AB5DE721460548FB
:106EE00000F086FF284616B070BD00BFC43A0020EF
:106EF00034800300503B00202DE9F0410B888E8840
:106F0000502B8AB00C46054609D0512B04D18B7901
:106F1000012B19D0022B26D00AB0BDE8F081CB8816
:106F2000428E9A4235D0EA8E9A42F5D16B6D002B93
:106F3000F2D095F84420648A920700F18A802246B4
:106F4000294630469847E7E7836C002BE4D090F859
:106F50004420520701F108076CD43A4629463046CE
:106F60009847A379D6E7A27B042A46D0062A20D0E8
:106F7000012AD1D1EB6C002BCED095F84420170715
:106F800004F1080400F1A5802246294630469847BE
:106F9000C2E7076D002FC6D090F84430D90768D4F7
:106FA00004F11208238A424629463046B847E3884E
:106FB000B9E7EA6B002AAFD0002202A93046CDE93A
:106FC0000222CDE90422ADF80C208DF80830FFF73D
:106FD00079FE2C6D54B195F84430D80700F19280B9
:106FE000B5F84230EA6B30462946A047E86B09F015
:106FF000F5FE0023C5E90F338EE7E86B002878D053
:10700000B5F84010278A628A07EB020C00234FF084
:10701000020E8C45CDE90633CDE908338DF818E032
:1070200039DD40F20913ADF81C3006A93046FFF7F0
:1070300049FE71E703211A46009106AB0821384644
:10704000CDE9066508970CF029FD002889D1AB6CC5
:1070500083E7032000211A46009006AB0846CDE9DD
:10706000066508940CF01AFD00287FF455AF6B6D8F
:1070700065E7218A069604F11208042300933A4634
:10708000404606ABCDE9088107950CF007FD0028C6
:107090008DD12F6D86E79DF81EC0ADF81C3004F130
:1070A00014014CF001033844ADF822208DF81E3055
:1070B0000991ADF820700DF041FD238A618AB5F881
:1070C00042200B449BB2934238BF1346A5F842308E
:1070D000ABE703211A46009106AB0E212046CDE90D
:1070E000066508940CF0DAFC00287FF415AFEB6C11
:1070F0004AE74FF4806009F057FE4FF48061C5E91C
:107100000F017FE7E86BB5F8421006960423009361
:10711000224606ABCDE9075009910CF0BFFC0028D0
:107120007FF464AF2C6D5BE72DE9F04F0F464FF60F
:10713000FF718F4289B0064615461C4626D0F18A5B
:1071400096F82E308C4228BF0C46DB0615D40DF184
:10715000100B8C4228BF0C464FF00008718EADF822
:1071600010405A464FF6FF700595ADF81280FFF7B4
:10717000A3FD404609B0BDE8F08F3948394601F01B
:1071800095FE08B1F18E31B9F18AE0E7344801F09B
:1071900099FE0746D3E7002002230DF1100BADF84E
:1071A0001200ADF810305A460DF10E033846059323
:1071B000FFF784FD43F2014398424FD000284AD1A3
:1071C0009DF80E8008F00108B8F1000F46D0244861
:1071D000394601F083FE8246A0B300F0F9FA033885
:1071E00083B2002CC5D0CDF804804FF0000998463A
:1071F00005E0BDF80E30E41AA4B21D4444B3504675
:1072000000F004FBA04503464246594628BF2246EB
:107210003846BBB1ADF80E204FF00102738E8DF8E9
:1072200012200DF10E02CDE90625CDF813908DF850
:107230001790ADF81030FFF743FD0028D9D0504625
:1072400000F0EEFA4FF00008404609B0BDE8F08FBC
:10725000DDF804808DE700F00108B5E7F18A78E7F2
:10726000C83A002010B5154B044640F8043B01F025
:1072700055F9134A0023127884F84430142003216E
:10728000A384C4F82630C4F82A3084F82E30E08273
:10729000C4E90F33C4E91233C4E9143384F831105C
:1072A0002375A3612362E36163866363238784F8A4
:1072B0002F2084F83020204610BD00BF40800300FE
:1072C0003480030070B44E68164A86600260D1E9CB
:1072D0000262154B154D1C78456002611425002291
:1072E0000321C0E90F22C0E91222C0E91422C660BE
:1072F000C58280F8311080F84420027582610262F4
:107300008284C0F82620C0F82A2080F82E20C2618E
:1073100042864263028780F82F4080F8304070BC7C
:10732000704700BF40800300348003008880030062
:1073300010B4D1E90142CB680361C0E902425DF8B3
:10734000044B70478069704701230375704700BF85
:1073500080F82E10704700BFC182704741B190F88D
:107360003130C182002262F3000380F8313070476F
:1073700090F83130012262F3000380F83130704719
:1073800080F82F1080F83020704700BF90F844300C
:10739000016562F3000380F84430704710B490F840
:1073A000443090F83140C164003918BF012161F3C5
:1073B000041462F3C30380F8314080F844305DF870
:1073C000044B70470162704751F8322F02604968E0
:1073D0004160704730B5C48A83B0944223460D465D
:1073E00028BF1346418E019500246A464FF6FF7070
:1073F000ADF80030ADF80240FFF75EFC18B9BDF8FB
:10740000000003B030BD204603B030BD30B5C38AA4
:1074100085B00A46012B28BF0123418E8DF8072035
:1074200000240DF1070502AA4FF6FF70ADF80830F1
:10743000ADF80A400395FFF73FFC18B9BDF8080006
:1074400005B030BD204605B030BD00BF30B5C38AA1
:1074500085B00A46022B28BF0223418EADF80620D4
:1074600000240DF1060502AA4FF6FF70ADF80830B2
:10747000ADF80A400395FFF71FFC18B9BDF80800E6
:1074800005B030BD204605B030BD00BF90F82E30AD
:1074900013F0100301D11846704730B5044685B08B
:1074A00011480D4601F002FD10B1E18E11B90846F8
:1074B00005B030BD0DF1060328460024022502AABE
:1074C0000393ADF80A40ADF80850FFF7F7FB43F21D
:1074D0000143984206D008B99DF8060000F001006B
:1074E00005B030BD2046E3E7C83A002010B490F85C
:1074F0002E4014F0100403D05DF8044BFFF714BEC7
:1075000020465DF8044B7047A1DF7047A3DF70474A
:10751000A4DF704700238383704700BF006A00F038
:10752000E3B800BF808B70472DE9F0410B88CE880F
:10753000382B86B00C46054606D0392B66D0362B44
:1075400043D006B0BDE8F08100F12407002E36D10B
:107550000A8A3846314602F07FFC94F80C80B8F174
:10756000010F2CD0B8F1040FEBD1286A00F0BCF861
:1075700001465C4801F0B2FC00F02AF92A8E053879
:1075800083B2934228BF1346002B00F09A80218AD1
:10759000E289286AAC8B8DF80D600A44E96A05918E
:1075A0008DF80C80ADF81230ADF81020ADF80E401B
:1075B00000F09AF803A9FFF7A9FF0028C1D03846C8
:1075C00002F062FC06B0BDE8F081006A00F08CF8C1
:1075D0000146444801F082FC00F0FAF807466EBB11
:1075E00005F12406E289304604F1100102F034FC72
:1075F0002B8E2BB1F81EE38980B20138834255DA15
:10760000304602F041FC06B0BDE8F0810B7B012B57
:107610001AD0022B95D1836B002B92D090F83C208E
:107620008F8892071FD401F11006E289314628465F
:10763000984761893846FFF76BFF82E705F1240719
:10764000384602F021FCBDE7436B002B3FF479AFD5
:1076500090F83C20D10717D404F11006E289314696
:10766000284698476DE7C989039004F11006032066
:107670001A46009003AB3046CDE904610CF00EFAD7
:107680000028D6D1AB6BD0E7E189039004F1100656
:1076900003201A46009003AB3046CDE904610CF09C
:1076A000FDF900287FF44DAF6B6BD7E7286A00F037
:1076B0001BF86A8EA98B92B2FFF726FF00289FD194
:1076C0003FE7AA8B286AADF80E2040F20511ADF80D
:1076D0000C10CDE9043300F007F803A9FFF716FFFB
:1076E0006DE700BFC83A00208088704776DF70479A
:1076F0008FDF704790DF7047B1DF7047B5DF7047AD
:1077000010B5074B03600446806A0AF013FAE06A7A
:107710000AF010FA206B08B10AF00CFA204610BDEE
:107720005880030010B5094B03600446806A0AF0D4
:1077300001FAE06A0AF0FEF9206B08B10AF0FAF9E2
:1077400020460BF0F3FE204610BD00BF588003001A
:1077500070B504460D4692E80300A5800E0CA061AA
:10776000A183144DA67717201B2156892560E08040
:107770009589D089E181D1796581012222752274B0
:10778000A08161741846194626819DF8105009F0B1
:10779000EFFB2946A062284609F0EAFB4FF4885126
:1077A00000234FF6FF72E182E06262822363637519
:1077B000204670BD58800300007D7047407D7047B3
:1077C000C07D113818BF0120704700BF407C704752
:1077D000C0887047008970474B7D10B44BB11F3192
:1077E0000C688A888B79046082805DF8044B837111
:1077F00070471831F4E700BF08B513218088FFF700
:1078000075FFB0FA80F0400908BD00BF08B56621D9
:10781000806A0AF007F8003818BF012008BD00BFD1
:1078200008B500231A461946806A09F0D3FB0038D0
:1078300018BF012008BD00BF818800F11F02407CF5
:1078400002F068BB38B50A4605460C468188407C84
:1078500002F04CFB2146012051F8483FC5F81F308B
:107860008B888A7985F82520A5F82330687538BD7E
:1078700038B50A4604460D4600F11801407C02F076
:107880007FFB607550B1294651F8483FC4F81F305E
:107890008B888A7984F82520A4F8233038BD00BF6E
:1078A00010B5447D24B100F11F01407C02F046FB7D
:1078B000204610BD70B50B88113B82B00C460546C2
:1078C000462B2BD8DFE803F0383B2A2A2A2A2A2A1B
:1078D0002A422A2A2A2A2A2A50585E642A2A2A2A2E
:1078E0002A2A2A2A2A2A2A2A2A2A2A2A2A2A2A2AF8
:1078F0002A672A942A2A2A2A2A2A2A2A2A2A2A2A41
:107900002A2A2A2A2A2A2A2A2A246A2A752C840020
:107910000023A8881A461946FFF7EEFE02B070BD94
:107920008B79002BFAD1006BAB750028F6D01A4684
:10793000194609F04FFBF1E700230375EEE74B8989
:1079400003818B894381CB898381E7E70B7AC375F8
:10795000112BE3D0818800F11F02407C02F0C8FBAC
:1079600003460028DAD1D4E7002301A98088ADF8C6
:107970000430FFF7BDFED1E70B7A002BCED14B7A56
:107980000374CBE7002211468088FFF7B3FEC5E7FA
:107990000B89C381C2E74B89C380BFE7006B01231A
:1079A000AB750028BAD000231A46194609F012FB1D
:1079B000B4E7417C164801F089FAE3880146994210
:1079C00028BF194689B2A888E980FFF797FEA5E786
:1079D0008B79002BA2D0002600231A461946A86AEC
:1079E00009F0F8FA0136A279F3B29A42F4D895E791
:1079F0008B7A002B92D0002600231A461946E86A9B
:107A000009F0E8FA0136A27AF3B29A42F4D885E78F
:107A1000C83A002070B58AB086880B4606A84FF495
:107A20002851144605934FF6FF7500F081FD0120A3
:107A3000CDE90105059B0094314606AA044800F0F3
:107A400073F8044606A800F061FD20460AB070BD38
:107A5000503B002010B50446043002F099F9034B66
:107A6000236000232375204610BD00BF0100FFFFE7
:107A7000017D01B1704710B50446043002F092F95F
:107A80000123237510BD00BF007D70470B88322B8A
:107A900010B504D0332B1ED0302B0FD010BD4A8927
:107AA00032B100230133DBB29342FBDBCB881BB343
:107AB000041D2046BDE8104002F0E6B9CB88041D45
:107AC000002BF6D14B89002BF3D00A3120460A2235
:107AD00002F0C2F9EDE7CB88002BE9D14A89002AF0
:107AE000E6D002EB42025200041D023292B20A3189
:107AF000204602F0B1F9DCE702EB8202F3E700BFB7
:107B0000A0DF704710B5044600F5F87002F040F9A8
:107B10002046F82200210DF039F8F822A0180021A3
:107B20000DF034F8204610BD2DE9F04782B005462F
:107B3000BDF82C60BDF830402048ADF80460BDF8B9
:107B400028A0ADF80640904699460F4601F0C6F9C8
:107B500005F5F875064603E0FFF73CFE09F016F957
:107B6000284602F077F904463046002CF4D1012172
:107B7000284602F017F952464946284602F02EF9E7
:107B800008F10401384601AAFFF7BAFF30B12846D0
:107B900002F012F9204602B0BDE8F0874FF4FA7106
:107BA000284602F021F920EAE074284602F004F9A0
:107BB000A4B2204602B0BDE8F08700BFC83A00205A
:107BC0002DE9F04F8F880D8885B0884604463946E8
:107BD000864801F083F9A5F11003012B814640F29C
:107BE000908094F854203AB3002633461633502D33
:107BF00054F823A069D0512D1AD198F80630B8F85E
:107C000008B0022B53D0BBF1000F11D0514668468B
:107C1000FFF7DAFBBDF800305B4559D0514602A8AA
:107C2000FFF7D2FBBDF80C305B4551D094F85420DF
:107C30000136F3B29342D9D394F84C31002B00F0C3
:107C4000D18004F5A679002604E094F84C31013681
:107C5000B34220DD59F8040FFFF760FCB842F4D1BD
:107C6000382D03D0392D01D0362DEED1B8F80AA029
:107C7000BAF1000FE9D0D9F800B05846FFF752FC2E
:107C80005045E2D158464146FFF74EFC94F84C313E
:107C90000136B342DEDC112D55D0352D04D1B8F8B4
:107CA0000A30002B40F08F8005B0BDE8F08F98F8C7
:107CB0000E30062BA7D1DAF800305046DB6841467B
:107CC00098474846FFF77CFDB0E7B8F806B09AE75A
:107CD000DAF800305046DB68414698474846FFF7DF
:107CE0006FFD0028A2D0502DA0D1514602A8FFF769
:107CF0006BFBBDF80C305B4598D14846FFF79CFD07
:107D000094E72378002B3FF46CAF0026112D334607
:107D10000CD004EB83033946586803685B689847C6
:107D200001362278F3B29A42F3D85AE704EB830380
:107D30003946586803681B68984701362278F3B2C1
:107D40009A42F3D84DE7D3B10026334605E094F8C4
:107D50004C210136F3B29A4211D904EB8305D5F8D0
:107D60005001FFF7DBFBB842F1D1D5F85001FFF726
:107D7000D1FB013694F84C21F3B29A42EDD894F835
:107D8000F820002A90D000252B4604EB8303D3F87B
:107D9000FC008388BB420AD00135EBB2934283D208
:107DA00004EB8303D3F8FC008388BB42F4D103685F
:107DB0001B689847013594F8F820EBB29342E4D35E
:107DC00005B0BDE8F08F04F5F874B8F80C20204633
:107DD00008F1100102F040F8204605B0BDE8F04F70
:107DE00002F052B8112D7FF458AFC8E7C83A00200E
:107DF00090F85420272A0CD810B4034602F1160438
:107E0000013280F8542043F8241001205DF8044B1F
:107E100070470020704700BF0378132B06D800EB93
:107E200083020133037001205160704700207047C6
:107E300078DF70477ADF7047054A034692E803000F
:107E4000002283E80300C3E902221846704700BFFE
:107E50006080030008B5FFF7EDFF08B1002008BD02
:107E6000FFF7E6FFB0FA80F0400908BDF8B500253D
:107E70000D4F2E4601E0142D14D0A9B2384601F062
:107E80002DF8013504460028F5D0FFF795FC0028B1
:107E9000F1D02046FFF79AFC012804BF0136F6B264
:107EA000142DEAD13046F8BDC83A002081607047F1
:107EB000C1607047704700BF8ADF704730B40D4C17
:107EC000C4621F25002250248584A025C0E9112208
:107ED000C0E90F22A0F84650A0F84840006230BC2C
:107EE0008262028680F838204263C264A0F8502083
:107EF000704700BF000180002DE9F04F10468DB0A3
:107F000016460C4600F030FBC5B2102D4FD0B668B7
:107F100007220623A16994F81C9001918DF80D2089
:107F20008DF80C30ED080DF10C080DF10E0A00274C
:107F3000B9F1010F0A97CDE90477CDE90677CDE9CC
:107F40000877CDF82B700ED998F8000001994B46B0
:107F50004A7882420FD00A78D4432344013213F086
:107F6000FF031144F4D108F10108C245E0D100201B
:107F70000DB0BDE8F08F11F8024B013CE4B222468F
:107F800004A80CF0DBFD0DF1100B1CB9EBE714F0AD
:107F9000FF04E8D058462A4631460CF0C1FD641B68
:107FA000AB440028F3D101200DB0BDE8F08F0436BA
:107FB00003220223AEE700BF2DE9F0430B888E8831
:107FC000103B87B00D4604460D2B2CD8DFE803F09C
:107FD00077072B2B2B2B2B2B2B2B2B842B2E836AD6
:107FE000F340DB071FD55648FEF704FED8B9A36A55
:107FF00094F82C20012505FA06F623EA0606A66267
:108000008AB994F82D3073B11F232462A38404F13C
:10801000200104F14400FFF74FFF20B9494800F068
:1080200075FF84F82C5007B0BDE8F08390F92E203E
:1080300091F91B309A423ADC90F8383001F1080887
:108040000BB3DFF80491002602E0D6B2B34218D990
:10805000636BCDF8089003EB061302AA59680391ED
:10806000D3E902734146204605930497FFF744FF86
:10807000074602A800F04AFA94F83830721C002F24
:10808000E3D09E4213D094F82F30002B49D095F8BE
:108090002430012B0BD9296A4A78FF2A30D00A787C
:1080A000D0430344013213F0FF031144F4D104F12F
:1080B00020010020FFF700FF07B0BDE8F083CB7B75
:1080C000022BB0D1836A012202FA06F63343002262
:1080D000836280F82C20A6E70B7A012BA3D1002520
:1080E00080F82C50174800F025FF226C002A9AD007
:1080F000009502AB2946284602950BF0CFFC92E78B
:1081000011F8025B6A1ED2B2022A28BF022202A81C
:108110000CF014FD012DCAD0228EBDF808309A4211
:10812000C5D1E26B002A3FF47EAF012300934046A5
:1081300002AB2421CDF808800BF0B0FC73E700BF40
:10814000D83A0020C83A00208880030046DF7047F4
:108150007FDF704780DF704785DF704786DF7047BD
:1081600038B51C460D460346114628462246984718
:1081700034B1014600222846BDE83840FFF7EABF87
:1081800038BD00BF10B50C4682B003466946204694
:1081900098476A4620460121FFF7DCFF02B010BD78
:1081A000044A026003210022C0E91622C0E9182215
:1081B0000171704731071003012070470B7803F0FD
:1081C000FE03042B01D00020704770B515468CB01B
:1081D0000C462022002104A80CF0D8FC286869680D
:1081E000AA68EB686D460FC59DF800109DF80F203A
:1081F0009DF801609DF80E509DF802008DF80F105B
:1082000023469DF80D108DF800209DF803208DF871
:108210000E608DF801509DF80C609DF804508DF8AB
:108220000D008DF802109DF80B009DF805108DF8DB
:108230000C209DF80A208DF803608DF80B508DF806
:1082400004008DF805208DF80A109DF8061033F80B
:10825000042FADF810209B789DF809209DF81D0093
:108260009DF810609DF81F508DF809108DF80620BC
:108270009DF811109DF81E208DF81D309DF80730D7
:108280008DF812008DF81F609DF808009DF81360AE
:108290008DF810508DF81E109DF81C509DF814108C
:1082A0008DF811208DF808309DF81B209DF81A30AC
:1082B0008DF807008DF81C608DF813509DF815603F
:1082C0008DF81B108DF8142068468DF815309DF838
:1082D00019109DF817209DF818309DF816508DF84C
:1082E00018208DF816108DF817308DF81A608DF85B
:1082F0001950FFF72BFF62789DF82F309DF82E0064
:108300009DF82D108DF821009A428DF8221004F16D
:10831000010404D0012080F001000CB070BD62782F
:10832000C3B29A4204F10104F4D16278CBB29A420A
:10833000F0D10020EFE700BF08B5137CDB0758BF82
:108340001C32084602F11201FFF706FFB0FA80F076
:10835000400908BDF0B58E880C4699B005463146F7
:10836000474800F0BBFD2388133B0746072B29D85D
:10837000DFE803F036515D287128042A237AABB96F
:10838000637B9B070ED402A83946FFF725FA0298B3
:10839000BDF80C209DF80E3085F85430C5F84E001D
:1083A000A5F852203846A91DFFF74CFA2A6E4AB1AB
:1083B000247A022300210093084604ABCDE904642B
:1083C0000BF06CFB19B0F0BD6A6E002AFAD00123E5
:1083D00000210093084604AB04960BF05FFBF1E725
:1083E000AB1D002405F12202049305F13E03CDE903
:1083F0000823CDE90544CDE90A440794FFF7E6F9DF
:1084000001280CBF2A4622462146304604ABFFF71E
:108410009FFE19B0F0BD04A9FFF72AFA034640B346
:1084200004A93046002312AAFFF798FECAE7AB6DF5
:10843000002BC7D0A57B0493042304F1080005F0AA
:10844000010500930F4A059604AB0621CDE9060508
:108450000BF024FBB6E7EC6D002CB3D00223002117
:108460000093094A084604ABCDE904460BF016FB1D
:10847000A8E730461A461946FFF770FEA2E700BF8C
:10848000C83A00206181020085810200A8DF7047A0
:10849000704700BF30B5044683B0083000F074F870
:1084A00004F10C010DF106020120FFF7EFFF054674
:1084B00028B9044B04481C602146FFF7ADFC284650
:1084C00003B030BDC43A0020503B002030B44C68AB
:1084D000C460D1E90241054A054D0260054A856044
:1084E000C0E90441426030BC704700BF70800300A7
:1084F000888003000000111183790B70C379137019
:10850000704700BF62DF704763DF7047704700BF8E
:1085100010B504460BF00AF8204610BD034A02606D
:108520000022C0E9022282718280704788800300A5
:1085300010B4054C8180002201210460C0E90222B0
:108540005DF8044B8171704788800300002210B4ED
:10855000044C046081605DF8044B82718280C260CB
:10856000704700BF888003008379012B0AD082689E
:1085700032B9C26822B9012B8CBF8020002070471D
:1085800080207047102070472DE9F047857982B030
:10859000002D47D1C7680646002F47D0102008F0AD
:1085A00003FC824638460DF0EEF9441E30B3DFF886
:1085B0008490A84604E00134023C1FD4102D1DD045
:1085C00017F804C0BCF12D0F07EB0402F3D099F8A3
:1085D0000030ADF805808DF8043012F8013C8DF8BC
:1085E00004301022002101A88DF805C00DF086FA94
:1085F0006B1C023C0AF80500DDB2DFD5C6F808A006
:10860000BAF1000F0ED0B11D5046FFF77BFFB168E5
:10861000321D1020FFF778FFB0FA80F0400902B059
:10862000BDE8F087012002B0BDE8F087D0F808A0CF
:10863000E6E700BF7C8003004BDF704710DF704728
:108640007CDF70477DDF704760DF704769DF704710
:1086500061DF704766DF704767DF7047704700BFB4
:108660000B200BF0BDBD00BF30B5124C124D83B0D6
:10867000D4F878034FF0FF3109F0D4F80028F7D090
:108680006DB101A8FFF7D8FF0528F1D00028F8D177
:108690000198831E012BF4D807F018FEF1E701A81A
:1086A000FFF7CAFF0528E3D001A8FFF7C5FF05289B
:1086B000F5D1DDE7C83A0020CD0203002DE9F04FE7
:1086C0002DED028B4FF4FA7089B008F06DFBB24EBD
:1086D00000F1080308EE103A054606F5747706F532
:1086E000227AD6F874034FF0FF3109F09BF8002886
:1086F000F7D04FF4FA730DF116012846ADF8163095
:10870000FFF7A6FF10B10528F3D1EAE7B5F804900A
:10871000B9F1130F00F2398106EB8903D3F88443D2
:108720003CB129462046FFF7C5F89C482946FFF78B
:1087300011FE2B88013B1B2B5AD8DFE813F01601E2
:108740005900590059005900590059005900590061
:10875000590059005900590059005900B4001C0033
:108760005900590059005900590059005900590041
:1087700059005900A200DFF838824FF0000B58F87A
:10878000040F30B1FFF718F818B10BF1010B5FFAC5
:108790008BFBB845F3D1BBF1000F06D196F88033BF
:1087A0001BB159460B200BF0EBFC2046FFF70EF8EF
:1087B000012800F0EC80F26962B10223002195F8F3
:1087C00008C00093084606ABCDF81890CDF81CC041
:1087D0000BF064F909F1E00806EB8803586810B162
:1087E00003685B68984706EB88080023C8F80430E4
:1087F00029465046FEF778F969482946FFF7DCFB21
:10880000B6F882334B452B8800F0B480102B1ED075
:108810002CB32046FEF7DAFF012803D15E48294633
:10882000FFF748FB2046FEF7D1FF02281BD05D482A
:10883000FFF72AF900BB5C482946FFF7C1F9D6F8D3
:10884000D833002B3FF455AF2846984751E7EB7BD0
:10885000012BDDD1AB88A6F88233002CD9D14E484C
:108860002946FFF727FB51482946FEF7E3F94D4813
:10887000FFF70AF90028DED04A482946FFF706F933
:10888000D9E7D6F8D423002AB2D00223002195F9E3
:1088900008C00093084606ABCDF81890CDF81CC070
:1088A0000BF0FCF8A4E74FF00008D6F87C03CDF8F5
:1088B00000804346424603213D4C0AF039FB54F800
:1088C000040F30B1FEF778FF18B108F101085FFA24
:1088D00088F8BC42F3D196F880336BB1B8F100014F
:1088E00018BF01210B200BF04BFC96F880331BB115
:1088F00001210B200BF044FC09F1E00806EB880491
:10890000606820B103685B68984700236360EB7B75
:10891000012B0BBF96F8623396F8683396F86343E1
:1089200096F86943039334200AF0FEFD06EB8808AD
:10893000039B009418EE102A04464946FEF708FFF0
:108940002046C8F80440FEF741FF012832D0B26942
:10895000002A3FF44DAF012300210093084606ABE7
:10896000CDF818900BF09AF842E700214846FFF73F
:1089700071FE3DE7102B3FF46AAF112B7FF448AF37
:108980004FF6FF73A6F8823342E70446D1E6F26859
:10899000002A7FF412AF1DE7C83A0020E83A002011
:1089A000B43D0020083E0020503B0020D83A002073
:1089B000483E0020B268002A3FF41AAF0021009020
:1089C00006AB0846CDF818900BF068F810E700BF2A
:1089D00038B50446FFF730FA04F11000FEF7F6F858
:1089E00004F12000FFF7DCFB04F18800FFF78AF8B0
:1089F00004F52270FDF77AFF04F53370FDF7FCFEF5
:108A000004F53B70FFF75AFA04F55070FFF722F8AF
:108A100015481649164AC4F864234FF440630025EC
:108A2000C4F8583340F20113C4E9D701A4F86833FD
:108A3000A4F86A5304F56170294650220CF0A6F898
:108A400001224FF6FF73A4F86C5384F86E53C4E907
:108A5000DD55C4E9F555C4F87C5384F88023A4F8A7
:108A60008233204638BD00BF010A17000300010110
:108A70001700030004290BD8DFE801F00B130B1BD0
:108A80000300104BC0F85E3340F20313A0F86233CA
:108A900070470D4BC0F85E3340F20113A0F862330B
:108AA00070470A4BC0F85E3340F20113A0F86233FE
:108AB0007047074BC0F85E334FF48173A0F8623300
:108AC000704700BFF70064001700030017000200A2
:108AD00080000600F0B5AE4E80F86C138DB033699F
:108AE00080F86D230446AB49039303A8FFF7A6FD66
:108AF00018B1002528460DB0F0BD0990CDE90A0057
:108B0000A54A94F85D33049209A901208DF8243018
:108B1000FFF79CFD0028ECD194F86D330B90CDE964
:108B20000900181E18BF012094F86C538DF8270017
:108B3000049A8DF8263009A940208DF82550FFF7BA
:108B400085FD0028D5D194F85C130990034661F3A4
:108B50000003CDE90A00049A8DF8243009A9A02069
:108B6000FFF774FD0028C4D1D4F858330A900B9055
:108B7000049A099309A9A120FFF768FD0028B8D13C
:108B800094F86C33002B40F0B48094F86D33002BD4
:108B900047D00023B4F86473049A0993022509A905
:108BA0002320CDE90A338DF82450ADF82670FFF765
:108BB0004DFD00289DD1CDE9090094F86D73B4F8FE
:108BC00066330B90049A8DF8245009A920208DF863
:108BD0002670ADF82830FFF739FD002889D10990BB
:108BE000CDE90A0094F86833049A8DF8245009A955
:108BF00022208DF82630FFF729FD00287FF479AF79
:108C0000CDE9090094F869330B90049A8DF824504B
:108C100009A921208DF82630FFF718FD00287FF4E0
:108C200068AF04A8FFF710FD00287FF462AFCDE91C
:108C3000070040F0010307A902208DF81C30FFF760
:108C40000BFD00287FF455AF2046FFF703F90546DA
:108C500000283FF44EAF04F12000FFF7ADFA337D5A
:108C60004E498DF80830102202A8FFF7E9FC0028D1
:108C70007FF43FAF94F86D33002B40F084800322E3
:108C80000021012008F032F9C4F8740300283FF4F1
:108C900030AF05AB0326CDE90063414941480023CD
:108CA0004FF4A06209F0E4F832460021012008F0F8
:108CB0001DF9C4F8780300283FF41BAF06ABCDE9DB
:108CC0000063394939480023C82209F0D1F8384BEC
:108CD0004FF480021A60374B00930023184601229C
:108CE0004FF480710AF0CEF8C4F87C0301F0D8F894
:108CF00000E70990CDE90A00B4F85E33049AADF8B4
:108D00002630012509A923208DF82450FFF79EFC69
:108D100000287FF4EEAECDE9090094F86C73B4F846
:108D200060330B90049A8DF8245009A920208DF807
:108D30002670ADF82830FFF789FC00287FF4D9AE03
:108D40000990CDE90A0094F86233049A8DF8245012
:108D500009A922208DF82630FFF778FC00287FF43F
:108D6000C8AECDE9090094F863330B90049A8DF8EE
:108D7000245009A921208DF82630FFF767FC002830
:108D80003FF403AFB5E604F11000FDF72DFF76E7E1
:108D9000E88003005D86020000360020CC800300DE
:108DA000E0800300BD860200E480030069860200C3
:108DB00000E100E06186020000B583B008460DF1D5
:108DC0000601ADF80620FFF73DFC20B99DF806002E
:108DD00003B05DF804FB002003B05DF804FB00BFA6
:108DE00030B41A4A0B46054607CA84B001AC03C426
:108DF0009DF9040022709842194620D09DF9053053
:108E00008B421CD09DF906308B4218D09DF907305B
:108E10008B4214D09DF908308B4210D09DF9093057
:108E20008B420CD059B19DF90B308B4207D09DF984
:108E30000C308B4203D0002004B030BC70470120BE
:108E400085F86E1304B030BC704700BF008103008A
:108E500090F96E03704700BF80F88013704700BF21
:108E600070B5044682B0D0F87C030D460AF08CF849
:108E70004FF47A7206460023A90DA8020BF02EFCCF
:108E8000002302460421D4F87C0300930AF050F832
:108E90000EB102B070BD0096D4F87C033346324662
:108EA00003210AF045F802B070BD00BF132906D8AF
:108EB00000EB8101D1F8840308B1FEF77DBC0020EE
:108EC000704700BFB0F88203704700BF01290CBF94
:108ED000B0F85E03B0F86403704700BF13299ABF6F
:108EE00000EB8101D1F884030020704710B5064CD7
:108EF0000021D4F8780308F009FBD4F874030021AA
:108F0000BDE8104008F002BBC83A002090F880335A
:108F100003B9704710B582B0D0F87C4309F098F9D6
:108F2000002302460093204601210AF001F802B016
:108F300010BD00BFF0B583B0002405462346D0F82D
:108F40007C0300942246032109F0F2FF05F56076C8
:108F500005F5747756F8040F20B1FEF72DFC08B123
:108F60000134E4B2BE42F5D195F8803343B1211EFD
:108F700018BF01210B2003B0BDE8F0400BF000B991
:108F800003B0F0BD0148FFF723BD00BFC83A002081
:108F90000020704708B51830FEF738FA003818BFBF
:108FA000012008BD30B585B0044641F60F01684682
:108FB000FFF7BEFA69462046FFF788FA254668465D
:108FC000FFF7A4FA084B45F8183B684642F619210A
:108FD000FFF7AEFA69462846FEF774F96846FFF7D0
:108FE00095FA204605B030BD1481030030B583B03A
:108FF0000446FFF74FFA08B103B030BD0546122111
:1090000004F118000190FEF7A3F901982A461121F6
:10901000FEF7B6F901980121FEF7A0F9019803B017
:10902000BDE83040FDF76ABE3CDF70473DDF70476A
:1090300011DF704713DF7047B0DF7047B2DF704752
:109040002DE9F0419EB0074604A8158814460E4647
:10905000FEF7BAF9BDF81030AB4202D01EB0BDE841
:10906000F081A379043B022BF8D939465248FFF727
:1090700035FF4FF000080223394605463046CDE95A
:109080000688CDE908888DF81830FEF7FFF906A9A3
:1090900000286AD03846ADF81C80FFF7CDFF247B4E
:1090A000012CDBD1454E41463E2230460BF06EFD91
:1090B00023460DF10E02424938460824ADF80E4011
:1090C000FFF7BCFF68462946FEF786FB0098306034
:1090D000BDF804309DF80620B271B3802846FEF733
:1090E0006FFB002849D1354936484FF6FF740B46CF
:1090F00001311B7883EA142383EA131242EA042223
:1091000083EA131382EA033282EA431381429CB258
:10911000EDD12A4B2C489C870021FDF707FC2846FF
:10912000FEF76AFBFF210020FFF780FFB12100203E
:10913000FFF77AFF002891D1FFF77AFF00288DD141
:10914000224B4FF0FF324FF01024C3F88020C3F8B9
:1091500080216069FFF76EFF00287FF47FAF80F306
:109160001488606901F082F978E740F2FD1338460F
:10917000ADF81C30FFF760FF70E70AA92846FEF73C
:1091800077FB0028AFD01EAB13E903000B0C306057
:10919000B180B37118AC0FCC0D4FC6F807000AAC04
:1091A0007960BA60FB600FCC18360FC694E80700F0
:1091B00086E8070097E700BFC83A0020807F0020BC
:1091C000B47F0020BC7F0020503D002000E100E083
:1091D000877F002030B585B004460E496846FFF70A
:1091E000B5F969462046FFF771F925466846FFF74D
:1091F0008DF9094B45F8183B08496846FFF7A6F971
:1092000069462846FEF75EF86846FFF77FF9204674
:1092100005B030BD20810300688103004081030058
:1092200030B5B3B00546FFF735F918B1044620460E
:1092300033B030BD2D491CA8FFF788F91CA906A83A
:10924000FEF740F81CA8FFF761F906A8FEF77CF8C6
:1092500006A80421FEF77CF806A81421FEF77CF886
:1092600006A8FDF74BFD044698B905F11800182132
:109270000190FEF76DF801981721FEF76DF801983F
:109280001B490122FEF78AF80198FDF737FD0446D5
:1092900028B106A8FDF718FD204633B030BD1549AA
:1092A00002A8FFF753F902A91CA8FEF70BF802A8C1
:1092B000FFF72CF91CA8FEF747F802211CA8FEF7BF
:1092C00047F802211CA8FEF749F81CA8FDF716FD77
:1092D000044618B901211CA8FEF7B8F81CA8FDF730
:1092E000F3FC06A8FDF7F0FCD6E700BF30810300D1
:1092F0004190020050810300C16180F83D20704719
:10930000016380F84220704770B584B0044641F68E
:109310000A016846FFF70CF969462046FFF7D6F8C0
:109320006846FFF7F3F820460E4B40F8183B24221E
:1093300000210BF02BFC0C4E0C480D4AE062002380
:109340002364E36384F84430102505211323204669
:10935000E66184F83D5084F84110226384F842307D
:1093600004B070BD98810300CC80030074810300B9
:109370007C8103002DE9F0479AB00646FFF78AF892
:109380008046002846D1336A002B4ED0736A002BEA
:1093900056D0C6F5275909F1270906F1140406F13C
:1093A000380706F13C0554F8043F04A873B3FDF7F1
:1093B00059FF2268B36B09EB05019A4289B26846EE
:1093C00008BF42F65021FFF7B3F8694604A8FDF73D
:1093D000AFFF6846FFF79AF804A8FDF7B5FF022132
:1093E00004A8FDF7B5FF297804A8FDF7B7FF04A886
:1093F000FDF784FC824604A8BAF1000F0ED12A784A
:109400002168FDF7E7FF04A8FDF75EFCBC4205F10B
:109410000105C8D140461AB0BDE8F087FDF754FCFD
:10942000D04640461AB0BDE8F0870AF0DDFC04469D
:109430000CF0A9FA736A346286F83E00002BA8D1BA
:109440000AF092FC04460CF09EFA746286F83F0023
:109450009FE700BFD0F8D830988980B2704700BF2E
:1094600070B582B0064608461C460192FDF76AFFB9
:10947000019905462246D0F8D8000AF0CFFB844275
:1094800006D9D5F8F0301BB1211A89B23046984779
:10949000D5F8E83023B1304602B0BDE87040184737
:1094A00002B070BD08B592B2D0F8D8000AF004FC42
:1094B00008BD00BF00B583B0D0F8D8000DF1070299
:1094C00000210AF035FC20B19DF8070003B05DF8DB
:1094D00004FB4FF0FF30F9E7D0F8D8000AF08CBB5E
:1094E000D0F8C030988980B2704700BFD0F8C00073
:1094F0000AF082BB10B501680C4A8C69944282B0B4
:109500000BD1D0F8D80001220DF107010AF0D4FBED
:1095100040B19DF8070002B010BD01220DF1070116
:10952000A047F5E74FF0FF30F5E700BFA594020034
:1095300000B583B0D0F8C0000DF1070200210AF099
:10954000F7FB20B19DF8070003B05DF804FB4FF076
:10955000FF30F9E710B550F8181C0D4A8C69944299
:1095600082B00CD0183801220DF10701A04718B1C4
:109570009DF8070002B010BD4FF0FF30FAE701225E
:109580000DF10701D0F8C0000AF096FBEFE700BF2D
:10959000A59402002DE9F04F50F8183C83B0044622
:1095A0003F48D3F828800F461646FFF78BFC3D4B0B
:1095B0009845054609D0A4F1180033463A46294695
:1095C000C44603B0BDE8F04F604701463448FFF79A
:1095D00085FC8346002850D004F1100948462946EE
:1095E000FDF754FF002848D094F8CC30002B3CD035
:1095F000D4F8C800C8B31FFA86FA524639460AF0B2
:109600000DFBD4F8C8309B89804658461FFA83FB6F
:10961000FEF7DEF80338834525DB21482946FFF7AE
:109620005DFC50B3FEF7D4F8033882B210460192C5
:1096300007F0BAFB834600B3019AD4F8C800594634
:109640000AF03AFB0346F0B9584607F0C7FB464517
:1096500009D9AAEB08039BB207EB08022946484642
:10966000FDF744FF58B1B04609E03A46294648465E
:10967000B3B2FDF73BFF0028F5D14FF0000840469C
:1096800003B0BDE8F08F5A4629464846FDF72EFF45
:109690000446584607F0A2FB002CD8D1EDE700BFE6
:1096A000C83A0020C59A02002DE9F04150F8183C54
:1096B00084B004463B489E6A8DF80F10FFF702FC09
:1096C000394B9E42054609D0A4F1180029460123D2
:1096D0000DF10F02B04704B0BDE8F08101463148FA
:1096E000FFF7FCFB064650B304F110073846294645
:1096F000FDF7CCFE18B394F8CC30002B49D0D4F849
:10970000C800002845D00DF10F0101220AF086FAA9
:10971000D4F8C8309B89804630469EB2FEF758F890
:10972000033886420DDA0120D5E73246294638460D
:10973000FDF7DCFE0446304607F050FBF4B900208C
:10974000C9E718482946FFF7C9FB0028F7D0FEF7FC
:109750003FF8C21E92B21046019207F025FB064662
:109760000028ECD0019AD4F8C80031460AF0A4FAD7
:1097700003460028D9D1304607F030FBB8F1000F7E
:10978000D1D10DF10F02294638460123FDF7AEFE77
:10979000A1E72946384601230DF10F02FDF7A6FE89
:1097A00099E700BFC83A0020C59A02002DE9F041B0
:1097B00005683B4BAD6A82B09D428DF8072065D1AC
:1097C000044638480E46FFF789FB054600284FD06F
:1097D00004F1280738463146FDF758FE002847D0E7
:1097E00094F8E430002B47D0D4F8E000002843D0B0
:1097F0000DF1070101220AF011FAD4F8E0309B893B
:10980000804628469DB2FDF7E3FFC31E9D4244DB20
:1098100024483146FFF762FB50B3FDF7D9FF033808
:1098200082B21046009207F0BFFA054600B3009AD4
:10983000D4F8E00029460AF03FFA68B9284607F054
:10984000CDFAB8F1000F28D10DF1070231463846A4
:109850000123FDF74BFE0CE003462A46314638460D
:10986000FDF744FE0446284607F0B8FA002CE8D17C
:10987000002002B0BDE8F0813146384601230DF1E9
:109880000702FDF733FE02B0BDE8F08101230DF1C0
:109890000702A84702B0BDE8F0810120E9E700BF58
:1098A000C59A0200C83A00202DE9F04F036883B042
:1098B000044641489E6A88461746FFF703FB3F4B24
:1098C0009E42054661D101463B48FFF707FB06462D
:1098D000002855D004F1280948462946FDF7D6FD51
:1098E00000284DD094F8E430002B41D0D4F8E000AB
:1098F00000283DD01FFA87FA524641460AF08EF9F9
:10990000D4F8E02003463046B2F80CB01E46FDF70E
:109910005FFF1FFA8BFB0338834524DB264829466B
:10992000FFF7DCFA60B3FDF753FF033882B210464D
:10993000019207F039FA834610B3019AD4F8E00097
:1099400059460AF0B9F948BB584607F047FAB742FA
:1099500009D9AAEB06039BB208EB06022946484642
:10996000FDF7C4FD68B13E46304603B0BDE8F08F58
:10997000424629464846BBB2FDF7B8FD0028F2D161
:109980000026304603B0BDE8F08F01463B46424614
:109990002046B44603B0BDE8F04F604703465A4640
:1099A00029464846FDF7A2FD0446584607F016FA38
:1099B000002CCCD1E4E700BFC83A0020C59A0200D1
:1099C0002DE9F041036882B004463C489E6A8DF858
:1099D0000710FFF777FA3A4B9E420546014663D1DE
:1099E0003648FFF77BFA064600284FD004F12807D7
:1099F00038462946FDF74AFD002847D094F8E43060
:109A0000002B47D0D4F8E000002843D00DF1070127
:109A100001220AF003F9D4F8E0309B8980463046F1
:109A20009EB2FDF7D5FEC31E9E4245DB2348294664
:109A3000FFF754FA50B3FDF7CBFE033882B210465D
:109A4000009207F0B1F9064600B3009AD4F8E0009E
:109A500031460AF031F968B9304607F0BFF9B8F17C
:109A6000000F29D10DF10702294638460123FDF7E1
:109A70003DFD0CE00346324629463846FDF736FDEB
:109A80000446304607F0AAF9002CE8D1002002B0C5
:109A9000BDE8F0812946384601230DF10702FDF7A4
:109AA00025FD02B0BDE8F081204601230DF107023B
:109AB000B04702B0BDE8F0810120E8E7C83A0020D5
:109AC000C59A02002DE9F04F044683B0384890460D
:109AD0001F460E46FFF702FA002856D004F1280967
:109AE000054631464846FDF7D1FC00284DD094F894
:109AF000E430002B41D0D4F8E00000283DD01FFA1C
:109B000087FA524641460AF089F8D4F8E020034625
:109B10002846B2F80CB01D46FDF75AFE1FFA8BFB23
:109B20000338834524DB22483146FFF7D7F960B379
:109B3000FDF74EFE033882B21046019207F034F969
:109B4000834610B3019AD4F8E00059460AF0B4F8FD
:109B500000BB584607F042F9BD4209D2AAEB050303
:109B60009BB208EB050231464846FDF7BFFC68B1E1
:109B70003D46284603B0BDE8F08F42463146484690
:109B8000BBB2FDF7B3FC0028F2D10025284603B094
:109B9000BDE8F08F03465A4631464846FDF7A6FC1D
:109BA0000446584607F01AF9002CD5D1EDE700BF5E
:109BB000C83A002070B584B004460E4668461E4977
:109BC000FEF7C4FC69462046FEF780FC6846FEF7B7
:109BD0009DFC1A4B1A4903F10802002548334FF443
:109BE0007A70C4E90635226020626846FEF7AEFC52
:109BF000694604F12800FDF765FB6846FEF786FC20
:109C000010496846FEF7A2FC694604F18000FDF7A2
:109C100059FB6846FEF77AFC2046C4E93A55C4F879
:109C2000D850A4F8DC60C4F8F050C4F8E05084F8D0
:109C3000E45004B070BD00BFCC810300DC810300A0
:109C4000BC810300AC81030010B50D4B0446D0F875
:109C5000E00023604033A36110B103685B6898475C
:109C600004F18000FDF730F804F12800FDF72CF82E
:109C70002046044B40F8083BFEF748FC204610BD48
:109C8000E48103007080030010B50F4B0446D0F848
:109C9000E00023604033A36110B103685B6898471C
:109CA00004F18000FDF710F804F12800FDF70CF82E
:109CB0002046064B40F8083BFEF728FC204609F0FA
:109CC00035FC204610BD00BFE48103007080030016
:109CD00070B5044682B0182009F026FC0022054623
:109CE000012109F069FF2846B4F8DC10C4F8D85007
:109CF00009F074FF2046FEF7CDFB054610B128465B
:109D000002B070BD01211E48FFF7E0F804F12806FB
:109D100003461021304601961E46FDF719FB2A46E0
:109D200001981121FDF72CFB01983146FDF714FB3A
:109D300001981449FDF746FB0198FCF7DFFF054643
:109D40000028DCD104F180000C210190FDF700FB1C
:109D500001980D490122FDF719FB112201982946AE
:109D6000FDF70EFB01983146FDF7F6FA0198074919
:109D7000FDF728FB019802B0BDE87040FCF7BEBFBC
:109D8000C83A0020A481030061940200A881030066
:109D9000002201214270C0E901220170C28182814A
:109DA000704700BF10B50446017001B110BD0A2014
:109DB00007F0DEF8606010BD037810B5044643B1CB
:109DC000002301226370C4E90133E381A38122707F
:109DD00010BD406807F0AEFEF2E700BF00238160CF
:109DE0008281C381704700BF037870B504460D4679
:109DF000B3B94668012363704FF47A720023A80256
:109E0000A90D0AF06BFC0146304607F00BFD98B92E
:109E1000237800264FF0FF356670A3B9284670BD41
:109E200003220021012007F061F806466060002847
:109E3000E0D14FF0FF35F1E7E58923780026ADB298
:109E40006670002BEAD0606807F074FE66602846F2
:109E500070BD00BF4078704738B5044680898242A3
:109E600028BF0246154619B1A0680AF067FEA0890E
:109E7000E389A26815FA83F3401B9BB22A44A081B0
:109E8000E381A260284638BD406820B100231A460D
:109E9000194607F09FB87047B1DF7047B2DF7047CF
:109EA00008B50F4806F0BAF80E490D4800F09AFBC5
:109EB00028B10D490A4800F095FB50B108BD094989
:109EC000074800F0ABFB0849054800F08BFB002871
:109ED000F4D1BDE808400449014800F09FBB00BF31
:109EE000BC3E0020408203005482030070B586B05F
:109EF0000E4603230021054614460093044A0496A7
:109F0000084603AB0395059409F0C8FD06B070BD83
:109F1000D9A1020070B586B00323144606460D464B
:109F20000093104603AB044A05940721CDE903656D
:109F300009F0B4FD06B070BD09A3020030B50A46B1
:109F400091B089795379039111790293D378094DAE
:109F5000094C019100939378527801280CBF29464F
:109F6000214604A80BF0B0FC04A9044800F0AEFBA5
:109F700011B030BD6882030098820300BC3E00200F
:109F80002DE9F043D1B00B78032B04AF0D46044606
:109F9000904668D95A08022A5ED14F4A4F49504B21
:109FA000DFF84891012818BF11460022381D00F043
:109FB00065FD4B4907F1680000F096FC07F1CC06FF
:109FC00011E00246414607F1680000F07FFD08F10C
:109FD000380229464846FEF7F1F8044678BB07F1F7
:109FE000680000F0E9FD0022391D304600F016FE41
:109FF00007F1D0000DC8D7F8DC10D7F8E4407B6734
:10A00000D7F8E83097F8E0C0F8663A67B9674122B8
:10A0100007F1EC0107F18800C7E9204387F87CC00D
:10A020000AF08CFD07F1680000F0F2FD044607F12C
:10A03000680044B100F0F8FB5028D0D1C1E707F127
:10A04000680000F0B9FD381D00F0B6FD204607F5A8
:10A050009A77BD46BDE8F0830024204607F59A773D
:10A06000BD46BDE8F083E9468CB08979AB786A7863
:10A07000039169790291297901911A4E1A49E87878
:10A08000009004AD012C08BF3146284607F1CC06EC
:10A090000BF01AFC1249304600F026FC29463046E7
:10A0A000002200F0CFFC044650B90024304600F0F6
:10A0B00083FD2046CD4607F59A77BD46BDE8F0837F
:10A0C000304600F0B1FB021EEFDD92B24146304651
:10A0D00000F0FCFCEAE700BF54820300408203006A
:10A0E000BC3E00206882030098820300E83A00200A
:10A0F000F0B5ADB095799378344E14465278039507
:10A100006579029594F804C0CDF804C0304DE47828
:10A11000009404AF0C4601280CBF3146294607F1D4
:10A120000C000BF0D1FB2B4B07F10C0107F13C00AD
:10A13000002200F0A3FC07F13C0000F069FD40B9EB
:10A14000002407F13C0000F037FD2046A437BD464F
:10A15000F0BD07F13C0000F067FB051E08DD07F1CC
:10A160003C0000F0F1FC291807F13C0000F0CEFCA7
:10A1700007F13C0000F058FB051E08DD07F13C002C
:10A1800000F0E2FC291807F13C0000F0BFFC07F1E9
:10A190003C0000F049FB0028D2DDC31D23F007037B
:10A1A0006D46ADEB030D82B204A907F13C00C7E98F
:10A1B000001200F08BFC2046D7E900120323FFF7C2
:10A1C0006BFEB0FA80F46409AD46BAE7688203001A
:10A1D00098820300BC3E0020F0B5B5B092F84E5016
:10A1E00092F84A30434E144692F84920039594F869
:10A1F0004D50029594F84C50019594F84B500095B1
:10A200000D463D4904AF012818BF314607F12C0027
:10A210000BF05AFB394807F12C0100F0E3F96E46C8
:10A2200000284AD1354B07F12C0107F15C000122CF
:10A2300000F024FC07F15C0000F0EAFC18B9C43718
:10A24000B546BD46F0BD502107F15C0000F01AFB99
:10A250005022214607F15C0000F052FA0023294603
:10A2600027487B61C7E90333C7E90633C7E90833E9
:10A27000BB62FEF733FE07F10C012022FDF7CAFB9B
:10A280003B7B03B307F10C000BF07DFB013082B286
:10A29000C1B207F15C007A6000F0F4FA7A6807F165
:10A2A0000C0107F15C0000F02BFA07F15C0000F0F4
:10A2B00083FCC437B546BD46F0BD07F12C010F48FD
:10A2C00000F004FAAEE794F8491094F84D3094F891
:10A2D0004E20039194F84A10029194F84B1001918A
:10A2E00094F84C10009107F10C0006490BF0ECFAC1
:10A2F000C8E700BF9882030068820300BC3E0020CC
:10A30000C83A0020C88203002DE9F043ADB00C46E6
:10A3100004AF0021032306461546204607F10A0232
:10A320007981FFF7BBFD7B89E84623B9A437C54691
:10A33000BD46BDE8F0830733DB08A8EBC3039D46A9
:10A340000DF11009204607F10A0249460323FFF7E1
:10A35000A5FD04460028E9D1A979AB786A78039174
:10A3600069790291297901913D483E49ED7800953E
:10A37000012E08BF014607F10C000BF0A5FA3A4B7D
:10A3800007F10C0107F13C00012200F077FB07F117
:10A390003C0000F03DFC0028C8D0214607F13C00FD
:10A3A00000F0B4FB07F13C0000F03EFA041E08DDAB
:10A3B00007F13C0000F0C8FB211807F13C0000F059
:10A3C000A5FB07F13C0000F02FFA041E08DD07F1A1
:10A3D0003C0000F0B9FB211807F13C0000F096FBAF
:10A3E00007F13C0000F020FA7C8980B2A04213D033
:10A3F000E1B207F13C0000F045FA2246494607F178
:10A400003C0000F07DF907F13C0000F0D5FBA437DB
:10A41000C546BD46BDE8F083E31D6D46DB08A5EBF0
:10A42000C3039D4604A9224607F13C00796000F071
:10A430004DFB79687A8948460AF072FB08B9AD4647
:10A44000E1E707F13C0000F09BFB7B89DB43191837
:10A4500007F13C0000F05AFBAD467C89C8E700BF1D
:10A460006882030098820300BC3E0020F0B40346DB
:10A47000186880F308885868FF2464B2EFF30585F4
:10A48000002D01D1A64600472546064621273FBAA2
:10A49000F0B40024002500260027F0B4F92040B2D3
:10A4A000004700BFF0BC704700207047704700BFF6
:10A4B000002070474FF0FF30704700BF002070470A
:10A4C0004FF0FF30704700BF0020704730B4084B9A
:10A4D000084A4FF47F4102F10805002430324FF45E
:10A4E0007A709982C3E901401D601A6130BC7047DF
:10A4F000A43E0020E8820300704700BF10B5044668
:10A5000009F014F8204610BD38B50A4B04460D4634
:10A51000442240F80C3B00210AF038FB0023A560E0
:10A52000237104F15401012006F004FF2065204648
:10A5300038BD00BF2483030070B504460E46006D8D
:10A540004FF0FF3107F06EF9257955B98EB1A6604D
:10A55000314604F10C0005F0BBFBB0FA80F56D0943
:10A5600025710023206D1A46194606F033FD284652
:10A5700070BDA668002EF4D0EAE700BF70B50546AE
:10A580004FF0FF31006D07F04DF92B7993B10023A7
:10A5900005F10C062B71304605F0AEFC044680B187
:10A5A0000023286D1A46194606F014FDB4FA84F00B
:10A5B000400970BDA96805F10C0004F029FF0446AC
:10A5C000EEE7A968304604F023FF04460028E7D1EF
:10A5D000A968304605F07CFB04460028E0D1012341
:10A5E0002B71DDE730B5044695B00D46006D4FF098
:10A5F000FF3107F017F9294601AA04F10C0004F015
:10A60000DBFC002302461946206D14461A4606F06C
:10A61000E1FCB4FA84F0400915B030BD2DE9F04FEB
:10A6200083B00B7800AF2F2B78600CBF4C1C0C460E
:10A6300006460D46006D4FF0FF3107F0F3F806F1C6
:10A640000C084FF0000917E0ADEB030D68468B4591
:10A6500000F8019BEA4601DD0AF098FA29465A46BD
:10A6600050460AF06BFA5146404603F00BFD08B124
:10A67000113028D10134B54620462F210BF053F973
:10A68000A0EB050B0BF108036E460021044623F0F6
:10A6900007035A460028D7D12946404603F0F2FC6A
:10A6A00060B901247A680023106D19461A4606F035
:10A6B00091FC20460C37BD46BDE8F08F113014BF29
:10A6C00000240124EEE70024B546EBE738B5044644
:10A6D0000D46006D4FF0FF3107F0A4F8294604F154
:10A6E0000C0004F0C1FC002302461946206D1446FC
:10A6F0001A4606F06FFCB4FA84F0400938BD00BF7A
:10A70000036970B504460D46186D4FF0FF311646CB
:10A7100007F088F8237D4BB1002522690023106DD6
:10A7200019461A4606F056FC284670BD2069A169F4
:10A730002A4633460C3003F0F3FF20EAE075ECE7DD
:10A7400070B50369044682B0186D4FF0FF3107F011
:10A7500069F8267D4EBB2069A1690C3004F01EFC0F
:10A7600005462069A1698DF8076001230DF10702F4
:10A770000C3004F05FFB00282069A169C8BF9DF878
:10A7800007602A4600F10C004FF00003D8BF4FF0DD
:10A79000FF3604F0D3FB22690023106D19461A46D8
:10A7A00006F018FC304602B070BD4FF0FF36F2E7FD
:10A7B00038B5036904464FF0FF31186D07F032F8E1
:10A7C000237D4BB1002522690023106D19461A46DE
:10A7D00006F000FC284638BD2069A1690C3004F061
:10A7E000DFFB05462069A1690C3004F0D7FB2D1A68
:10A7F000E9E700BF036910B504464FF0FF31186D5B
:10A8000007F010F8237D43B122690023106DBDE8E5
:10A8100010401A46194606F0DDBB2069A1690C30CC
:10A8200004F0E4F9F0E700BF30B50369044683B0F3
:10A83000186D4FF0FF3106F0F5FF257D55B1226907
:10A840000023106D19461A4606F0C4FB4FF0FF3086
:10A8500003B030BD2069A1690DF1070201230C305E
:10A8600004F0E8FA23692A4604462946186D2B4667
:10A8700006F0B0FB002CCCBF9DF807004FF0FF3076
:10A8800003B030BD30B50368164A5B6883B09342AD
:10A890008DF807101ED1036904464FF0FF31186D83
:10A8A00006F0C0FF237D53B1002522690023106DFF
:10A8B00019461A4606F08EFB284603B030BD2069C3
:10A8C000A1690C3001230DF1070203F029FF20EAF2
:10A8D000E075EAE701220DF1070198470546284691
:10A8E00003B030BD01A7020030B4074C0161002263
:10A8F0004FF47A75C0E900428560C0E9062230BC99
:10A90000027580F82020704740830300F0B583690A
:10A9100097B004460D46164693B1077D0069194667
:10A920000C30002F45D003F0ADFDA06906F056FABB
:10A93000E0690023A36108B106F050FA0023E36147
:10A94000206903AA0C30294604F036FB98B99DF81B
:10A950000C30112B34D02C2006F026FA0146A061D1
:10A9600030B120692A460C3003F064FD002839D04C
:10A97000002017B0F0BD0230FAD1012EF8D13820F6
:10A9800006F012FA0146A0610028F1D0206940F2D9
:10A9900003130C302A4603F011FE06460028E7D1C7
:10A9A0002069A1690C300223324604F0C7FA2675EB
:10A9B00009E004F09DF9A06906F010FAA761BFE76D
:10A9C000EEB1012E3AD02F2128460AF0F7FF2034AD
:10A9D00000B1451C2946204640220AF0DCFF012038
:10A9E00017B0F0BD0123237528460AF0CCFF0130D3
:10A9F00006F0DAF92946E0610AF0ACFFE3E701234B
:10AA00003820019306F0D0F9019BA061014600288F
:10AA1000AED020692A460C3003F0D0FD0028A7D123
:10AA2000012E02D000232375CDE72369A1690246D8
:10AA300003F10C00022304F081FAF3E740F2031360
:10AA4000DEE700BF30B5036983B004460D46186DDC
:10AA500001924FF0FF3106F0E5FE019A29462046AB
:10AA6000FFF754FF2169002302461446086D1A4679
:10AA7000194606F0AFFA204603B030BD70B5044663
:10AA80000025C4E906551048236182B0206084F88F
:10AA900020504FF47A700E46A0604FF0FF31186DD1
:10AAA00065602575019206F0BDFE019A314620468B
:10AAB000FFF72CFF22692B46106D29462A4606F027
:10AAC00089FA204602B070BD40830300036970B567
:10AAD00004460D46186D4FF0FF31164606F0A2FEF3
:10AAE000237D4BB1002522690023106D19461A46BB
:10AAF00006F070FA284670BD2069A1692A463346DF
:10AB00000C3004F097F90546EDE700BF38B503694E
:10AB100004460D46186D4FF0FF3106F083FE237D8D
:10AB20004BB1002522690023106D19461A4606F024
:10AB300051FA284638BD2069A1692A460C3004F034
:10AB4000FDF9C543ED0FEDE738B5036904464FF055
:10AB5000FF31186D06F066FE237D4BB1002522699A
:10AB60000023106D19461A4606F034FA284638BDFF
:10AB70002069A1690C3004F011FA0546EFE700BF27
:10AB800038B5036904464FF0FF31186D06F04AFEF0
:10AB9000237D4BB1002522690023106D19461A460A
:10ABA00006F018FA284638BD2069A1690C3004F077
:10ABB000F7F90546EFE700BF036970B504464FF0AB
:10ABC000FF31186D06F02EFEA16981B12069257D47
:10ABD0000C30ADB103F056FCA06906F0FFF8E06957
:10ABE0000023A36108B106F0F9F80023E3612269AC
:10ABF0000023106DBDE870401A46194606F0EAB908
:10AC000004F076F8A06906F0E9F8A561EFE700BF67
:10AC10008069003818BF0120704700BF2DE9F04F50
:10AC200095B00B6906460C46186D4FF0FF3100AF2A
:10AC3000904606F0F7FD00232069337586F8203032
:10AC4000227D2B4930614FF47A70C6E90013C6E9C2
:10AC50000633B060DAB342F62E652069A1690C3084
:10AC60003A1D03F023FC012831D1BB892E2BF4D0EF
:10AC7000AB4238D0D4F81C9048460AF084FE054612
:10AC800007F10C000AF07FFE2B18093323F00703AD
:10AC9000EA46ADEB030D68466A1C494609F04EFFD3
:10ACA00099F800302F2BEB4602D199F801301BB1F7
:10ACB000104B1B882BF8053007F10C0158460AF0A1
:10ACC00023FE424659463046FFF720FED54622690C
:10ACD0000023106D19461A4606F07CF930465437A9
:10ACE000BD46BDE8F08FBB7B002BB6D0C2E700BFEE
:10ACF00040830300348303002DE9F04F85B0DDE984
:10AD00000E4B109F81460D4690461E46002F63D085
:10AD1000B8F1000F03D0D8F80030B34249D0D9F8C9
:10AD200000002B689E422BD04369B4FBF3F203FB77
:10AD30001242BAB9BB4215D8B7FBF3F203FB127A41
:10AD4000A7EB0A0300930393436822461F4631464C
:10AD50005B46B84788B9039B57469B441C44002F69
:10AD6000D6D139E00093A21AC5E90062D0F804A058
:10AD7000AB683146D0470028CAD005B0BDE8F08F97
:10AD800069684369A142D0D8CA18A242CDD9A2EBC2
:10AD9000040ABA45AB6828BFBA46611A52465846FB
:10ADA0001944BF1A544409F0C9FED344002FAFD14F
:10ADB00012E0D8F80430A342B1D8D9F80000826973
:10ADC0001A44A242ADD9A2EB040ABA45D8F8081039
:10ADD00028BFBA46E31AE1E7002005B0BDE8F08FCE
:10ADE0002DE9F04F074687B00D4672B30368D1F8DE
:10ADF00000B090469A69D1E901104AB3013A01F1D5
:10AE000001098618A9EB0009441E4FF0010A08E069
:10AE100014F8012F9DF817309A4223D1A6423B68BF
:10AE200014D01A6A934509EB040320D20DF11702DE
:10AE3000CDE90032CDF808A05B46002241463846F5
:10AE4000FFF75AFF0028E3D009DB3B68A8689A693E
:10AE5000FF2109F09BFE4FF0FF332B60002007B06D
:10AE6000BDE8F08F6FF0330007B0BDE8F08F034B03
:10AE7000034A0448122109F0C7FD00BF5C830300A8
:10AE8000888503007C8303002DE9F04F87B0DDF84F
:10AE900040A00592002B64D0D0F800908B46D9F8E2
:10AEA0001C105C1EA1F108084445074651D3B4FBB1
:10AEB000F8F0013809F02AFCD04500F10200A4EBBB
:10AEC0008003B3FBF8F560D8BAFBF8F0013809F05D
:10AED0001DFC861CAAEB8606B6FBF8F6304609F088
:10AEE00015FCAAEB800006FB180AB54243D9D9F835
:10AEF0002020059B4FF004090DF114080BE0012BF5
:10AF000045D93A68126A934241D8012101FA04F402
:10AF10002D1BB54230D9AC1BB4FA84F495FAA5F1D7
:10AF2000C4F11F04B1FA81F18C4228BF0C46934250
:10AF30004FEA840132D20091CDE9018900225946BD
:10AF40003846FFF7D9FE059B0028D8D007B0BDE8EA
:10AF5000F08FD04588BF1346BAFBF8F00CD8002517
:10AF6000B4E711994FF0FF320A60129A1846136045
:10AF700007B0BDE8F08F059B119A1360129B00206B
:10AF8000C3F800A007B0BDE8F08F0026ADE7064B80
:10AF9000064A07484FF48F6109F036FD054B064A13
:10AFA0000348122109F030FDFC830300A88503004B
:10AFB0007C8303005C830300888503002DE9F04F48
:10AFC00089B00746149C129D8B4692461E46002C63
:10AFD00055D0DBF80030B3425CD0013340F0A180A3
:10AFE00038688269B5FBF2F302FB1353002B4AD198
:10AFF000A24248D8B4FBF2F302FB13430593E31AD1
:10B00000009304938468139B2A463146A047002886
:10B010007ED1BAF1000F29D0049B3BB3139B5C1E79
:10B02000049B04EB0309139B05F10108A8EB03083B
:10B0300007E014F8012F9DF81F309A4266D14C4565
:10B0400014D03B681A6A964208EB040363D20122CB
:10B0500002920DF11F02CDE9003251463346002223
:10B060003846FFF749FE0028E3D051DB139A049BD2
:10B07000059C1146194413911D44002CA9D10020B0
:10B0800009B0BDE8F08FEB1ACBE90063DBF80030C4
:10B09000B342A2D1DBF80410A9429ED83A68926963
:10B0A0000A44AA4299D9A2EB0508A045DBF808009A
:10B0B00028BFA046691A08444246139909F03EFD8C
:10B0C00038681399826945444144B5FBF2F302FBA9
:10B0D0001353A4EB08041391002B7FF478AFDBF833
:10B0E00000104B1C3FF473AF0092DBE90123D0F852
:10B0F0000880C04760B9524659463846FFF770FE8F
:10B1000000283FF464AF09B0BDE8F08F6FF0330062
:10B1100009B0BDE8F08F064B064A0748122109F036
:10B1200073FC064B064A0448B72109F06DFC00BFCA
:10B130005C830300888503007C830300288403006C
:10B14000988503002DE9F04F0446D2E9003091B014
:10B150004FF0010B0A9300230B90069104F11408A1
:10B160000DF128090593236859F8045B1B6A9D4279
:10B170007BD210230DF1300A0022CDE901A3009209
:10B180002B4641462046FFF7B7FD002839D1059BE5
:10B19000002B60D10D9B23F00043132B4FD9226865
:10B1A000D26993424BD84FF0FF3309A81022514681
:10B1B000099304F0BFFE0D9B23F00043102B28D011
:10B1C000CDF81C9010260DF12307994607E00136B3
:10B1D0000122394609A804F0ADFEB14517D0236815
:10B1E0001B6A9D4241D20123CDE9017300962B4693
:10B1F000002241462046FFF77FFD0028E7D0DDF81A
:10B200001C9010F1340F1AD011B0BDE8F08FDDF8AA
:10B210001C90099B9BB99AE80F000BF0010610AF38
:10B2200007EB860C069F1026FE603E467D601C36AE
:10B230005CF8185CBD6086E80F0001230593BBF144
:10B24000020F0FD1059B002B14BF00206FF03300BD
:10B2500011B0BDE8F08F069A0C9BD2699B1A002BA7
:10B2600098DAECE74FF0020B7DE7034B034A044802
:10B27000122109F0C9FB00BF5C830300888503002D
:10B280007C8303004368013337D02DE9F0438368A2
:10B29000013383B0044628D015460E464FF000080F
:10B2A0004FF001096A462946CDE90089FFF74AFFB8
:10B2B000E0B905F124086B6A591C16D0AF6A7A1CF4
:10B2C00013D0D6F800C09C4513D0D6F804E0BE4594
:10B2D0000FD073454246294620460AD0BC4508D0C7
:10B2E000FFF730FF0028E6D000E0002003B0BDE803
:10B2F000F083012003B0BDE8F0830020704700BF59
:10B300002DE9F041D1F820C00C46C9682CF000436B
:10B31000043B01F10C069E4284B0054617461FD936
:10B3200004F12408102612E0424621462846FFF781
:10B3300009FF90B9D4F820C0A169E6602CF0004361
:10B34000043B14311B2BA1614FF0100108D8BCF154
:10B35000000FE9DB39606FF0010004B0BDE8F08157
:10B360002A46636852F8140B066AB34207F10400D8
:10B370001AD20C26CDE9001002961146284600226A
:10B38000FFF7BAFC0028E8D17B79BA79FD79A16989
:10B3900004331344E2683A602B441A440B44E260DD
:10B3A000A36104B0BDE8F081024B034A03481221B7
:10B3B00009F02AFB5C830300888503007C8303007B
:10B3C000F0B593B000260D46012707A96A46CDE9DE
:10B3D00000670446FFF7B6FE064610B121E0831C65
:10B3E00022D1109B01331CD0119B013319D010AA1C
:10B3F00007A92046FFF7A6FEB0B903AA07A9204671
:10B40000FFF77EFF0028EAD19DF91030002B4FF0A6
:10B410000802294605A8F0DB09F082FB0028ECD1E0
:10B420000126304613B0F0BD0646304613B0F0BDDD
:10B430002DE9F047164600240122C6E9094282465A
:10B4400088461D4606F124094A4631465046FFF714
:10B4500079FE074668B92A4631465046FFF750FF45
:10B4600050B1831C1FD1736A013302D0B36A013318
:10B47000EAD13846BDE8F0872C7904F07004202C1E
:10B48000E9D1AB68D8F80020934208D0E868D8F832
:10B490000410884203D08B4201D08242DBD10127C5
:10B4A0003846BDE8F0870746E3E700BF2DE9F04FD7
:10B4B0002DED028B8DB090461C46099340F6220379
:10B4C0002268C8F804300892D0E90123724EC8F807
:10B4D000082082468946C8F80C3000F1140B089DFC
:10B4E000314628460AF07EFA2B460344044631468C
:10B4F000184605930AF036FA0128049000F0B0804F
:10B50000022804D1059B1B782E2B00F0B280DDE9C8
:10B510000423134408931F460124314638460AF099
:10B5200061FA0744384631460AF01CFA78B102281D
:10B5300002D001340744F0E73B782E2BF9D17B7819
:10B540002E2BF6D1013CF5D1BB1C0893C7E7059C17
:10B55000207800285FD0099B1C6098F80430222BCB
:10B5600040F08D8008F108031A464946504608EE1F
:10B57000103AFFF7E7FD00284DD1049B013B23441F
:10B580000793424649465046FFF7BAFE002842D18B
:10B5900098F8042002F07F03112B01D0222BF0D168
:10B5A00098F8073004998B42EBD1D8F8003098F81E
:10B5B000051098F80650D9F8047004330B441D4464
:10B5C000049BA3B3059BCDF818800135DDF81C80E2
:10B5D000ED1A5C1E07E014F8012F9DF82F309A42F7
:10B5E0001ED144451FD0DAF800301A6A974205EBA5
:10B5F000040347D2012202920DF12F02CDE900325D
:10B6000059463B4600225046FFF776FB0028E2D021
:10B61000DDF8188009DA0DB0BDEC028BBDE8F08FC3
:10B62000DDF81880ADE7DDF8188098F804201306DF
:10B630007FF555AFDAF8043001330CD0DAF8083072
:10B64000013308D018EE101A5046FFF7B9FE002853
:10B650001ED198F8042002F07F0288F804203EE70B
:10B660002B5D2E2B7FF453AFDDE9042313440893A5
:10B6700035E7059B5B782E2B7FF449AFF4E76FF03D
:10B680001300C8E7054B064A0648122109F0BCF929
:10B69000C1DB6FF00100BEE7348303005C8303006D
:10B6A000888503007C8303002DE9F04F8B469DB015
:10B6B0000BF1040304930BF10C03CDE9053B016B83
:10B6C00004464FF001080025D4E90D3010E05A0976
:10B6D000E66B01385F1CA063676356F822C003F075
:10B6E0001F0208FA02F212EA0C0F00F027813B4613
:10B6F0009942ECD1002800F0F2812268E36AD2E995
:10B7000008621944904228BF1046B1FBF6F306FBCD
:10B7100013112063E162E06B6563D208002109F038
:10B7200035FA6368013300F05781A368013300F0F4
:10B730005381002201230025CDE9082304F11407D9
:10B7400001222E46D4F800C0E16ADCF82030206BDC
:10B75000591A0E44B6FBF3F503FB1565854210D26A
:10B760006909E26B05F01F0552F8213008FA05F56A
:10B770001D4342F82150DCF82030E16A099A206B21
:10B78000591A0A44B2FBF3F103FB112383420AD294
:10B790005809E16B03F01F0351F8202008FA03F366
:10B7A000134341F8203008AA11A92046FFF7CAFC2C
:10B7B000002840F00E810C25149A24E02068129B8A
:10B7C000006A834280F01A820EA9CDE90021029519
:10B7D000002239462046FFF78FFA002840F0F98012
:10B7E0009DF839209DF83A309DF83B601499043259
:10B7F0001A449DF83830324403F070030A44102B89
:10B80000149200F0EB80199B23F00043043B02F1FB
:10B810000C009842D2D9DDE91A62701CCDE90862A9
:10B8200001D0511C8ED1D4F80C904D46B9F1000FC7
:10B8300000F0DE81EB69DA0340F156816F69002F79
:10B8400000F05281D4F800A0DAF81C60013F083EF5
:10B85000B742C0F0CF81B7FBF6F0013808F056FFD1
:10B860000230A7EB8002B2FBF6F6D4F830E0E16AD2
:10B870002B69079505F12C000546DAF82020704663
:10B8800004F114098E4601469818A0EB0E0EBEFB7B
:10B89000F2F002FB10E28A420AD25709E06B02F092
:10B8A0001F0250F8271008FA02F20A4340F8272036
:10B8B000002E00F01781DAF8202006F00107C7F10A
:10B8C000020A93424FEA8A0080F098810BA9002275
:10B8D000CDE90110009249462A462046FFF70CFAAE
:10B8E000002876D10AF1FF3CD4F800A013E0BBFB9E
:10B8F000F2F302FB13B38B424FF0010014D24FEA74
:10B90000531EE16B03F01F0351F82E2000FA03F3DE
:10B91000134341F82E30D4F82CE0DAF820200B9BAA
:10B92000216BA2EB0E0B9B446045E0DB1CAB03EBF1
:10B930008C0C023F5CF8443C3E44A5E72068E26A78
:10B94000016A1344B3FBF1F201FB1233049A42F88B
:10B95000043BD4E90C139942049207D10FE0A26B87
:10B960000133013A8B42C4E90D3208D05D0903F07E
:10B970001F0256F8255008FA02F22A42EFD1DDE9FB
:10B98000043293427FF49FAEDDF818B0006ADBF812
:10B99000043083420BF11C0204F1140180F02E816B
:10B9A000042501920022204602950092FFF7A4F997
:10B9B000002840F08B80DBF81C304FF0FF32CBE9E1
:10B9C0000922142001331021CBE90730CBF80C10E9
:10B9D00000201DB0BDE8F08F216B75E6109B002B99
:10B9E0003FF411AFD4F800A0DAF81C6003F1FF3B7C
:10B9F000A6F10809CB4570D3BBFBF9F0013808F07C
:10BA000085FE861CABEB8606B6FBF9F60F9BE16A5A
:10BA1000DAF82020D4F830E09818401AB0FBF2F1A0
:10BA200002FB110272450BD24FEA521CE16B02F08D
:10BA30001F0251F82C0008FA02F2024341F82C20B0
:10BA4000002E3FF4B9AEDAF8202006F00109C9F162
:10BA5000020A93424FEA8A0080F0D0800BA90022AC
:10BA6000CDE90110009239462046FFF745F900283C
:10BA7000AFD10AF1FF3CD4F800A013E0BBFBF2F316
:10BA800002FB13B373454FF0010014D24FEA531E6B
:10BA9000E16B03F01F0351F82E2000FA03F3134368
:10BAA00041F82E30E16ADAF820200B9BD4F830E020
:10BAB000A2EB010B9B446045E0DB1CAB03EB8C0C61
:10BAC000A9F102095CF8443C4E44A5E710F1340F9B
:10BAD0003FF471AF1DB0BDE8F08F064696E76FF0FA
:10BAE0001B0076E7079DEB699B037DD52F6A002F2E
:10BAF0007AD0D4F800A0DAF81C60013F083EB742C3
:10BB00007AD3B7FBF6F0013808F000FE0230A7EB5D
:10BB10008003B3FBF6F6D4F830E0E16A6B6A079570
:10BB200005F12C000546DAF82020704604F11409CE
:10BB30008E4601469818A0EB0E0EBEFBF2F002FBFB
:10BB400010E28A420AD25709E06B02F01F0250F855
:10BB5000271008FA02F20A4340F82720002E42D0AC
:10BB6000DAF8202006F00107C7F1020A93424FEAF3
:10BB70008A0043D20BA90022CDE901100092494668
:10BB80002A462046FFF7B8F800287FF422AF0AF1D2
:10BB9000FF3CD4F800A013E0BBFBF2F302FB13B3AD
:10BBA0008B424FF0010014D24FEA531EE16B03F0B9
:10BBB0001F0351F82E2000FA03F3134341F82E30EF
:10BBC000D4F82CE0DAF820200B9B216BA2EB0E0BB3
:10BBD0009B446045E0DB1CAB03EB8C0C023F5CF844
:10BBE000443C3E44A6E7079D2D68002D7FF422AE1D
:10BBF000216B68E5002638E600268CE7024B034AF5
:10BC00000348122108F000FF5C83030088850300CD
:10BC10007C8303002DE9F04F2DED028B9BB00125B5
:10BC200004460491A9464FF00008D4E90D31D4F838
:10BC300030C00FE05A09E76B0139581CA1636063FB
:10BC400057F8226003F01F0205FA02F2324200F0B8
:10BC50002A8103469C45EDD1002900F052822368D9
:10BC6000E66AD3E90802B444914228BF1146BCFBFE
:10BC7000F0F300FB13C32163E362E06BC4F834808C
:10BC8000D208002108F082FF63680133CDD0A36899
:10BC90000133CAD000220123CDE90623012200206E
:10BCA00004F1140796462268E36A116A266BCB1AE0
:10BCB00003EB000CBCFBF1F001FB10C0864210D975
:10BCC0004609E16B00F01F0051F8263005FA00F03C
:10BCD000184341F82600D4E90B36116ADDF81CE060
:10BCE000CB1A7344B3FBF1F201FB1233B3420AD215
:10BCF0005809E16B03F01F0351F8202005FA03F304
:10BD0000134341F8203006AA0FA92046FFF71AFA7C
:10BD1000002840F0E9804FF00C08129A0CAE23E0A6
:10BD20002168109B096A8B4280F0F5810092CDE971
:10BD30000168002239462046FEF7DEFF002840F069
:10BD4000D3809DF831209DF832109DF833C0129BAE
:10BD500004320A449DF8301062441A4401F0700322
:10BD6000102B129200F0C580179B23F00043043B78
:10BD700002F10C019942D3D9DDE9180E411CCDE93D
:10BD8000060E02D0BEF1FF3F8DD1D4F80C8046469E
:10BD9000B8F1000F3FF447AFF369DA0340F12881AF
:10BDA0007769002F00F02481D4F800A0DAF81C3065
:10BDB000013FA3F108084745C0F0A881B7FBF8F0A0
:10BDC000013808F0A3FC0230A7EB8007B7FBF8F7B7
:10BDD00004F11400E16AD4F830C0DAF820203369A5
:10BDE0000596834606F12C0008EE100A0E466146C1
:10BDF0009818A0EB060EBEFBF2F002FB10E28A429E
:10BE00000BD2E06B4FEA521C02F01F0150F82C20BD
:10BE100005FA01F10A4340F82C20002F00F0E680DB
:10BE2000DAF8202007F00108C8F1020A93424FEA2D
:10BE30008A0080F0708109A90022CDE901100092EA
:10BE4000594618EE102A2046FEF756FF00284BD11F
:10BE50000AF1FF3CD4F800A012E0BEFBF2F302FBB3
:10BE600013E38B424FF0010012D25E09E16B03F045
:10BE70001F0351F8262009FA03F3134341F8263033
:10BE8000E66ADAF82020099B216BA2EB060E9E449D
:10BE90006045E2DB1AAB03EB8C0CA8F102085CF8FE
:10BEA000443C4744A4E72168E26A096A1344B3FBAF
:10BEB000F1F201FB1233049A1360D4E90C038342BC
:10BEC00011D0012506E0A26B0133013A8342C4E997
:10BED0000D3208D0590903F01F0257F8211005FA56
:10BEE00002F20A42EFD100201BB0BDEC028BBDE88C
:10BEF000F08F0E9E002E3FF411AFD4F800A0DAF8B8
:10BF00001C20013EA2F1080B5E450AD3B6FBFBF0F4
:10BF1000013808F0FBFB0230A6EB8003B3FBFBF318
:10BF20001846E16AD4F830C00D9BDAF8202008EEFC
:10BF3000107A8E46074661469818A0EB0E0EBEFB9F
:10BF4000F2F002FB10E28A420AD25609E06B02F0DC
:10BF50001F0250F8261005FA02F20A4340F8262084
:10BF6000002F00F0D580DAF8202007F00106C6F196
:10BF7000020A93424FEA8A0080F0CD8009A900228C
:10BF8000CDE90110009218EE101A2046FEF7B4FE1B
:10BF90000028A9D10AF1FF3CD4F800A013E0BBFBB4
:10BFA000F2F302FB13B38B424FF0010014D24FEABD
:10BFB000531EE16B03F01F0351F82E2009FA03F31F
:10BFC000134341F82E30D4F82CE0DAF82020099BF6
:10BFD000216BA2EB0E0B9B446045E0DB1AAB03EB3D
:10BFE0008C0C023E5CF8443C3744A5E7059EF3699F
:10BFF0009B0340F18180376A002F7DD0D4F800A0E8
:10C00000DAF81C20013FA2F1080847457CD3B7FBB2
:10C01000F8F0013808F07AFB0230A7EB8007B7FB95
:10C02000F8F704F11400E16AD4F830C0DAF82020FF
:10C03000736A0596834606F12C0008EE100A0E4638
:10C0400061469818A0EB060EBEFBF2F002FB10E270
:10C050008A420BD2E06B4FEA521C02F01F0150F8EB
:10C060002C2005FA01F10A4340F82C20002F42D081
:10C07000DAF8202007F00108C8F1020A93424FEADB
:10C080008A0048D209A90022CDE901100092594640
:10C0900018EE102A2046FEF72FFE00287FF424AF6A
:10C0A0000AF1FF3CD4F800A012E0BEFBF2F302FB61
:10C0B00013E38B424FF0010012D25E09E16B03F0F3
:10C0C0001F0351F8262009FA03F3134341F82630E1
:10C0D000E66ADAF82020099B216BA2EB060E9E444B
:10C0E0006045E2DB1AAB03EB8C0CA8F102085CF8AC
:10C0F000443C4744A5E7059E3668002E7FF44CAECD
:10C1000091E56FF01B00EFE600278AE700275FE666
:10C1100018EE107A01E6034B034A0448122108F096
:10C1200073FC00BF5C830300888503007C830300ED
:10C130002DE9F04F044687B00F4600F1140905A918
:10C140002046FFF767FD064640B920680599C36899
:10C150009847064630B110F1340FF0D0304607B0A2
:10C16000BDE8F08FBB6A83B307F12C0A35460DF1A9
:10C17000130804F1200B13E02268059B126A934216
:10C1800047D20122CDE9018200954A465946204610
:10C19000FEF714FF002831D1BB6A0135AB4214D938
:10C1A00022687B6A126A93422DD20122CDE9018274
:10C1B0000095524649462046FEF79EFD0028DBD0FA
:10C1C0000646304607B0BDE8F08F2368A16A9A6939
:10C1D000786B08F0B3FCD4E908122368A06AC7E9B9
:10C1E0000B12FF219A6908F0D1FC059B4FF0FF323A
:10C1F000304622627B6207B0BDE8F08F10F1340F49
:10C200009DD00646DDE7064B064A0748122108F096
:10C21000FBFB034B054A04489C2108F0F5FB00BFDB
:10C220005C830300888503007C83030098850300FA
:10C230002DE9F04F2DED028BC9B004462C220021D0
:10C240001CA808F0A3FC4FF00043282227A80021D7
:10C25000249308F09BFC23681B6A01223192002B77
:10C2600000F0C98100274FF00C09319B013300F029
:10C27000B18130AA27A92046FEF764FF05460028B1
:10C2800040F00C81249B002BC0F20E8163680133C7
:10C2900000F04E81A368013300F04A8132AE32468D
:10C2A0000CAB25A92046FFF7C3F80028C0F2F580A3
:10C2B00000F03E810E9B259A0F982699934200F03C
:10C2C00090818B4200F09381DDE91D51239A2690E5
:10C2D0002068259301320023CDE91D150B950593A8
:10C2E0002392C3680A9198474FF0FF380546F0B192
:10C2F00015F1340F40F0D2800A9BC4F82080012B46
:10C3000040F279810B9B012B40F275811DA92046DB
:10C31000FFF780FC0546002840F0C08020681D998A
:10C3200001230593C368984705460028E0D123AF51
:10C330000DF1500AA146102239465046CDF85080E2
:10C3400003F0F8FD59F8202B1D9B126A934280F0F0
:10C3500015821026CDE900572A4602964946204606
:10C36000FEF72CFE05460028C2D1249B23F0004393
:10C37000043B102B32D904F1140B3DAF22680B9B08
:10C38000126A934280F0F4810122CDE90172009695
:10C39000002259462046FEF7AFFC054600287DD115
:10C3A00001223946504603F0C5FD22681D9B126AE2
:10C3B000934280F0E3810122CDE9017200962A4682
:10C3C00049462046FEF7FAFD0546002890D1249BF9
:10C3D00023F000430136043B9E42CFD322681D9BCD
:10C3E000126A934280F0CA8104220292CDE9006A67
:10C3F000494600222046FEF7E1FD054600287FF46D
:10C4000077AF216AC4F814804A1C12D02068A36A4E
:10C41000826900928568626AA847054600287FF411
:10C4200067AF2368A06A9A69FF2108F0AFFBC4F8E0
:10C430002080206803699847054600287FF458AF9C
:10C44000249EDDF874B0CDF8F48026F0004604F1A7
:10C450001403043E08EE103A00F0968107460DF1F1
:10C46000400908E00137012249463DA803F062FD7A
:10C47000BE4240F2898123681B6A9B4580F0788127
:10C480000123CDE9019318EE101A00975B460022B4
:10C490002046FEF731FC0028E4D00546284649B086
:10C4A000BDEC028BBDE8F08F32AE4FF00008324693
:10C4B00027A92046FEF724FFF0B1831CEDD10DF132
:10C4C0009C0CBCE80F001CAE0FC6BCE80F000FC6EA
:10C4D0009CE8070086E8070023681B6A01379F4233
:10C4E00080F08980309B01337FF4BFAE284649B08D
:10C4F000BDEC028BBDE8F08F9DF9CC309DF8CC20CF
:10C50000002BD4DA6368013341D0A36801333ED0F5
:10C5100034A92046FEF754FF0028BEDB35D0324652
:10C5200027A9204601F0C8F90028C0D00546B5E784
:10C53000DDE93050DDE91D21239B1D91CDE925501A
:10C540000133239308911E9209924FF000080126AF
:10C550002068C3689847054600284FD015F1340F6E
:10C560009CD1089B4FF0FF32012B226243D9099BDB
:10C57000012B40D91DA92046FFF74CFB054600289A
:10C580008CD11D994FF00108E2E79DF8CC20DDF831
:10C59000C8E09DF8CFC0CDF8F89002F07F020EF110
:10C5A0000C0033A9CDE93F198DF8CC20419001232F
:10C5B0003DAA27A92046CDF80C81CDF8F4E0CDF8AE
:10C5C00008C1CDF810C100F0F9F900283FF46FAFB1
:10C5D000054663E70025284649B0BDEC028BBDE85F
:10C5E000F08F88423FF461AF8B427FF46DAE8242A0
:10C5F0007FF46AAE59E76FF033054FE723AFA246E9
:10C600004FF0FF331022394607A8079303F092FC3E
:10C610005AF8202B1D9B126A934280F0AF804FF096
:10C620001009CDE900572A46CDF80890514620461A
:10C63000FEF7C4FC0546002890D1249B23F000435C
:10C64000043B102B34D904F1140B10AF2268099B62
:10C65000126A934280F08C80CDE90176CDF800908B
:10C66000002259462046FEF747FB054600287FF486
:10C6700015AF0122394607A803F05CFC22681D9B18
:10C68000126A93427AD22A46CDE90176CDF800901B
:10C6900051462046FEF792FC054600287FF45EAF27
:10C6A000249B23F0004309F10109043B9945CDD3B4
:10C6B00022681D9B126A934260D2042207A9CDE929
:10C6C00000910292514600222046FEF777FC054673
:10C6D00000287FF443AF216A4FF0FF37B94267610A
:10C6E00011D02068A36A826900928568626AA847AF
:10C6F000054600287FF432AF2368A06A9A69FF21BB
:10C7000008F044FA27622068036998470546002824
:10C710007FF424AF249FDDF874B027F000474FF07A
:10C72000FF3204F11403043F08EE103A109245D092
:10C7300081460DF1F40A08E009F101090122514690
:10C7400010A803F0F7FB4F4538D923681B6A9B45B7
:10C750000ED2CDE901A618EE101ACDF800905B4676
:10C7600000222046FEF7C8FA0028E5D0054695E6E7
:10C770008E4B8F4A8F48122108F046F98B4B8E4A18
:10C780008C489C2108F040F93D9A149B9A427FF412
:10C79000B3AD059B002B30D12369002B3FF47EAE57
:10C7A0005C681D9A944271D099681E9881426DD040
:10C7B00084426BD08A4269D01B68EEE7109A079BCF
:10C7C0009A427FF4CEAEB8F1000F40F08280236928
:10C7D000002B3FF463AE5C681D9A944200F0C48065
:10C7E00099681E98814200F0BF80844200F0BC80AE
:10C7F0008A4200F0B9801B68EAE7636801334ED0D3
:10C80000A36801333DAE0AAF4BD03246394610AB78
:10C810002046FEF70DFE0028FFF63FAE41D0DDE9D1
:10C820001D03109F149731460C370C2612909DF86B
:10C8300047001897139311AF159617961990002675
:10C840001B9052460123204616971A9600F0B6F820
:10C8500000287FF422AE0A98636898421AD00B9A97
:10C86000A1688A4216D0884214D0934212D0012285
:10C87000013384F840208FD0A36801338CD0204648
:10C88000FFF7D6FC002887D0054607E65A601E9AB7
:10C890009A6091E7DDE91D32C4E90132E7E73DAE78
:10C8A0000AAF394632462046FEF7ECFC0028FFF678
:10C8B000F4AD3FF471AF3146DDE91D6000234790D0
:10C8C0001A462046469600F079F800283FF464AFF7
:10C8D000DAE76368013350D0A36801333DAE4DD031
:10C8E000324610AB08A92046FEF7A2FD0028FFF64D
:10C8F000D4AD43D0DDE91D02109B14930C33189383
:10C9000012900C2311A89DF847701392314615938D
:10C91000002617931690012314AA204619971B97F7
:10C920001A9600F04BF800287FF4B7AD08986368BA
:10C9300098421DD0099AA1688A4219D0884217D01E
:10C94000934215D00122013384F840203FF43FAFD9
:10C95000A36801333FF43BAF2046FFF769FC002892
:10C960003FF435AF054699E55A601E9A9A6042E752
:10C97000DDE91D32C4E90132E4E73DAE08A93246E3
:10C980002046FEF77FFC0028FFF687AD3FF41FAF7F
:10C990003146DDE91D60002347901A462046469641
:10C9A00000F00CF800283FF412AFDBE75C830300D3
:10C9B000888503007C830300988503002DE9F04FF0
:10C9C0002DED028BCE690D46D1E90141A5B00136AE
:10C9D00090462A1D69608246EE61AC60089205931C
:10C9E00083B11E46D8F80400D8F80C302A6A1B1A06
:10C9F000022E1A4405D1D8F81C70D8F814603A44B5
:10CA0000921B2A62DAF80000CDF818800023CDE9E5
:10CA10000B140993C36898470446E0B114F1340F2E
:10CA20003DD10B9B4FF0FF32012BCAF8202034D9A7
:10CA30000C9B012B31D908995046FFF7EBF80446BF
:10CA400068BBDAF80000696801230993C368984756
:10CA500004460028E2D105F11C07D0464FF0FF3311
:10CA60001022394611A8119303F064FA58F8202BCC
:10CA70006B68126A934280F00D811026CDE9004761
:10CA80002246029641465046FEF798FA834660B128
:10CA900010F1340FC5D0044601E06FF03304204696
:10CAA00025B0BDEC028BBDE8F08F2B6A23F000436C
:10CAB000043BB3426BD90AF1140308EE103A37462F
:10CAC0000DF1640934E0DAF800200C9B126A9342FD
:10CAD00080F0E6800122CDE9019218EE101A00974D
:10CAE00000225046FEF708F904460028D7D101225B
:10CAF000494611A803F01EFADAF800206B68126AA2
:10CB0000934280F0C7800122CDE90192009622462F
:10CB100041465046FEF752FA044600287FF47EAFA5
:10CB2000013701362B6A23F00043043B9E422ED28C
:10CB3000059B5B45C7DD069A4FEA0B1302EB0B1111
:10CB4000D3580791BB42BED10C4611A8D1E90212BD
:10CB500003F0F0F9DAF800206B68106AE168A26867
:10CB6000834280F09780CDE9012100960022414662
:10CB70005046FEF723FA044600287FF44FAF079B88
:10CB80005A68DB680BF1010B17441E44CAE7DAF858
:10CB900000206B68126A93427CD2042211A9CDE96D
:10CBA00000610292414600225046FEF707FA044611
:10CBB00000287FF433AFDAF820104FF0FF339942AA
:10CBC000CAF8143019D0DAF80000DAF8283082698F
:10CBD00000928468DAF82420A047044600287FF4F5
:10CBE0001DAFDAF80030DAF828009A69FF2107F063
:10CBF000CDFF4FF0FF33CAF82030DAF800000369A8
:10CC00009847044600287FF409AF2B6AD5F80480C2
:10CC100023F000434FF0FF32B3F1040919920AF1F7
:10CC2000140B1DD007460DAE07E001370122314637
:10CC300019A803F07FF9B94512D0DAF800301B6A61
:10CC400098452DD20123CDE9016300974346002288
:10CC500059465046FEF750F80028E6D004461EE735
:10CC6000199A119B9A427FF4DCAE099B13BBDAF848
:10CC70001030002B3FF413AF5E686A68964215D0FF
:10CC80009968A868814211D086420FD08A420DD09F
:10CC90001B68EEE73D4B3E4A3E489C2107F0B4FE40
:10CCA0003A4B3D4A3B48122107F0AEFE5A60AA6853
:10CCB0009A60EDE7DAF80430013347D0DAF808304B
:10CCC000013319AE0BAF43D0324639460DAB504657
:10CCD000FEF7AEFB0028C1DB3AD0D5E901030D9F7A
:10CCE000119731460C370C260F909DF83B00159795
:10CCF00010930EAF1296149616900026189011AA53
:10CD00000123504613971796FFF758FE0028A5D128
:10CD10000B98DAF80430984231D00C9ADAF80810FF
:10CD20008A422CD088422AD0934228D00122013353
:10CD30008AF840209BD0DAF80830013397D050466B
:10CD4000FFF776FA002892D00446A8E619AE0BAF9A
:10CD5000394632465046FEF795FA0028FFF67EAF78
:10CD600085D03146D5E90160002323901A4650460C
:10CD70002296FFF723FE00283FF479AFE4E76B68C3
:10CD8000CAF80430AA68CAF80820CFE75C83030019
:10CD9000988503007C830300888503002DE9F04F0C
:10CDA0002DED028B0D46BDB0824616461F4601F1A1
:10CDB000240809E0002B52DA424629465046FEF785
:10CDC000C1F9002840F008817479B179F279DAF874
:10CDD00000002B6A04340C441444C1691C448C4286
:10CDE000E8D8B4461E1F4CF8046BE96924974C1C24
:10CDF0006F68A96825920C3313442B62C5E90117AB
:10CE00000C23002221932B1DCDF880C01E96229664
:10CE100013971291EC611F92239207920693C368B5
:10CE200098470446002800F0DE8014F1340F65D1E5
:10CE3000129B4FF0FF32012BCAF820205CD9139BC4
:10CE4000012B59D906995046FEF7E4FE0446002806
:10CE500054D101236968DAF800000793DFE7AC4694
:10CE6000BCE80F0026AC0FC4BCE80F000FC49CE860
:10CE7000070084E8070029465046FEF715FC0446E3
:10CE800000283BD1DDE92F122B6A69623046191F59
:10CE9000AA6240F8041BF6791794CDE91B47334486
:10CEA000069416916C681A91A968EA691D960C336C
:10CEB0002B62C5E901140C23013219932B1D189024
:10CEC0000F940E91EA6107934FF00109DAF8000020
:10CED000C36898470446002800F0AA8014F1340F74
:10CEE0000CD10E9B4FF0FF32012BCAF8202003D942
:10CEF0000F9B012B00F2BF806FF0330420463DB042
:10CF0000BDEC028BBDE8F08FDAF800206B68126A86
:10CF1000934280F04C8204220BA9CDE90061029279
:10CF2000414600225046FEF749F804460028D5D174
:10CF3000DAF820104FF0FF339942CAF8143018D0B5
:10CF4000DAF80000DAF82830826900928468DAF8AA
:10CF50002420A04704460028C0D1DAF80030DAF8CF
:10CF600028009A69FF2107F011FE4FF0FF33CAF83D
:10CF70002030DAF800000369984704460028ADD154
:10CF80002E6A26F000464FF0FF33321F0C930AF151
:10CF9000140B6B68059200F0EA81074631AE1C461F
:10CFA00009E0012231460CA802F0C4FF059B0137BD
:10CFB000BB4200F0DC81DAF800301B6A9C4280F052
:10CFC000FC81CDE90169009723460022594650466D
:10CFD000FDF792FE0028E4D0044620463DB0BDECAB
:10CFE000028BBDE8F08F05F11C07D0464FF0FF33F0
:10CFF0001022394609A8099302F09CFF58F8202B0B
:10D000006B68126A934280F0D2811026CDE9004706
:10D010002246029641465046FDF7D0FF834600283F
:10D0200000F0AA8010F1340F3FF402AF5C4665E7D0
:10D0300005F11C07D0464FF0FF33102239460BA8EC
:10D040000B9302F077FF58F8202B6B68126A93421B
:10D0500080F0AD811026CDE9004722460296414678
:10D060005046FDF7ABFF834688B110F1340F3FF413
:10D0700038AF5C4642E707995046FEF7CBFD0446C1
:10D0800000287FF43BAF0123696806931EE72B6AF3
:10D0900023F00043043BB3427FF636AF0AF114039A
:10D0A00008EE103A374638E0DAF800200F9B126A93
:10D0B000934280F082810CAACDE9007218EE101A1A
:10D0C000CDF8089000225046FDF716FE04460028D1
:10D0D0007FF414AF01220CA90BA802F02BFFDAF8A1
:10D0E00000206B68126A934280F061810CAACDE93E
:10D0F0000062CDF80890224641465046FDF75EFF9B
:10D10000044600287FF4EAAE013701362B6A23F08B
:10D110000043043BB3427FF6F7AEBBF1010FC3DC23
:10D1200016AA4FEA0B1302EB0B11D3580591BB4221
:10D13000BAD10C460BA8D1E9021202F0FBFEDAF8D4
:10D1400000206B68106AE168A268834280F02F813A
:10D15000CDE901210096002241465046FDF72EFF01
:10D16000044600287FF4BAAE059B5A68DB680BF1D1
:10D17000010B17441E44C9E72B6A23F00043043B0C
:10D18000B3426CD90AF1140308EE103A37460DF198
:10D19000280935E0DAF80020139B126A934280F0E8
:10D1A0000C810122CDE9019218EE101A009700229D
:10D1B0005046FDF7A1FD044600287FF49FAE0122F2
:10D1C000494609A802F0B6FEDAF800206B68126A38
:10D1D000934280F0EC800122CDE901920096224634
:10D1E00041465046FDF7EAFE044600287FF41DAE96
:10D1F000013701362B6A23F00043043BB3422ED99A
:10D20000BBF1010FC6DC1EAA4FEA0B1302EB0B1198
:10D21000D3580591BB42BDD10C4609A8D1E90212F1
:10D2200002F088FEDAF800206B68106AE168A268F4
:10D23000834280F0BC80CDE9012100960022414666
:10D240005046FDF7BBFE044600287FF4EEAD059B7B
:10D250005A68DB680BF1010B17441E44CAE7DAF881
:10D2600000206B68126A934280F0A180042209A911
:10D27000CDE900610292414600225046FDF79EFE34
:10D28000044600287FF4D1ADDAF820104FF0FF33C8
:10D290009942CAF8143019D0DAF80000DAF82830C8
:10D2A000826900928468DAF82420A04704460028A6
:10D2B0007FF4BBADDAF80030DAF828009A69FF2174
:10D2C00007F064FC4FF0FF33CAF82030DAF80000B2
:10D2D00003699847044600287FF4A7AD2A6AD5F869
:10D2E00004B022F000424FF0FF33171F0A930AF1F7
:10D2F00014091ED006460DF1C40807E001360122CC
:10D3000041460AA802F016FEB74212D0DAF8003001
:10D310001B6A9B4551D20123CDE9018300965B46F0
:10D32000002249465046FDF7E7FC0028E6D00446B7
:10D3300053E6DDE909329A427FF47AAD079B002B70
:10D3400041D1DAF81030002B3FF4D8AD5E686A683E
:10D35000964200F089809968A868814200F0848034
:10D36000864200F081808A427ED01B68EBE7DDE9CF
:10D370000B329A427FF4B5AD069B002B40F06E81D4
:10D38000DAF81040002C00F0948060686B689842D6
:10D3900000F0B781A268A9688A4200F0B281884291
:10D3A00000F0AF81934200F0AC812468EAE7A74B1C
:10D3B000A74AA8489C2107F027FBA44BA64AA548EA
:10D3C000122107F021FBDAF80430013357D0DAF8E4
:10D3D0000830013331AE12AF53D03246394616AB66
:10D3E0005046FEF725F80028FFF6F6AD49D0D5E9FE
:10D3F0000102169B26930C332A9318900C2317A82E
:10D400009DF85F7019923146279300262993289042
:10D41000012326AA50462B972D972C96FFF7CEFA7C
:10D4200000287FF4D9AD1298DAF8043098421FD062
:10D43000139ADAF808108A421AD0884218D0934218
:10D4400016D0012201338AF840203FF47AAFDAF88F
:10D45000083001333FF475AF5046FEF7E9FE00286F
:10D460003FF46FAF0446B8E55A60AA689A607CE75B
:10D470006B68CAF80430AA68CAF80820E1E731AE40
:10D4800012AF394632465046FDF7FCFE0028FFF643
:10D49000A3AD3FF456AF3146D5E9016000233B9080
:10D4A0001A4650463A96FFF789FA00283FF449AFEA
:10D4B000D8E7D5E90116DDE92D3227982F91289973
:10D4C0001190CDE92710DAF80000309642F00042C2
:10D4D00001332D932E92C3681091059498474FF015
:10D4E000FF370126C1460446F8B114F1340F7FF42A
:10D4F00005AD109BCAF82070012B7FF6FDAC119B87
:10D50000012B7FF6F9AC27A95046FEF783FB0446B2
:10D5100000287FF4F3ACDAF8000027990123059383
:10D52000C368984704460028DFD10DF1B4081022E3
:10D5300041460DA80D9702F0FDFCDAF80020279B6C
:10D54000126A9342BFF433AF1025CDE9004822465A
:10D55000029549465046FDF731FD04460028C4D1E6
:10D560002E9B23F00043043B102B88BF0DF1C40811
:10D5700030D9DAF80020119B126A9342BFF41DAF34
:10D58000CDE901860095002259465046FDF7B4FBCF
:10D59000044600287FF4B2AC012241460DA802F0F7
:10D5A000C9FCDAF80020279B126A9342BFF4FFAE51
:10D5B0002246CDE90186009549465046FDF7FEFC1E
:10D5C0000446002891D12E9B23F000430135043BF3
:10D5D0009D42CED3DAF80020279B126A9342BFF413
:10D5E000E6AE04220DA9CDE900510292494600227F
:10D5F0005046FDF7E3FC044600287FF476AFDAF8E6
:10D600002010CAF814704B1C17D0DAF80000DAF8B2
:10D610002830826900928468DAF82420A047044602
:10D6200000287FF462AFDAF80030DAF828009A694F
:10D63000FF2107F0ABFACAF82070DAF8000003699E
:10D640009847002861D004464FE700BF5C83030081
:10D65000988503007C83030088850300DAF8043092
:10D66000013379D0DAF80830013331AE0EAF75D01E
:10D670003246394612AB5046FDF7DAFE041EFFF67D
:10D680003DAC6BD0D5E9012312981E900C3022904E
:10D6900014920C2013AA9DF84F40159331461F9009
:10D6A00021902092002601231EAA504623942594FF
:10D6B0002496FFF783F9044600287FF41FAC0E98E8
:10D6C000DAF80430984263D00F9ADAF808108A42E8
:10D6D0005ED088425CD093425AD0012201338AF84E
:10D6E00040203FF44DAEDAF8083001333FF448AE45
:10D6F0005046FEF79DFD0446002C3FF441AEFFF777
:10D70000FDBB6360AB68A3604FE62E9ADDF89C809A
:10D71000319722F00042131F1C4640D0054607E017
:10D72000013501221EA931A802F004FCAC4236D01A
:10D73000DAF800301B6A9845BFF43FAE1EABCDE966
:10D74000005302964346002259465046FDF7D4FA4C
:10D750000028E5D0044640E431AE0EAF39463246EB
:10D760005046FDF78FFD041EFFF6C8AB3FF408AE30
:10D77000D5E9014000233B9031461A4650463A9481
:10D78000FFF71CF90446002C3FF4FAADFFF7B6BBD7
:10D790006B68CAF80430AA68CAF808209DE7319A75
:10D7A0000D9B9A427FF4A5AE059D95B9DAF810401D
:10D7B000002C3FF4A3AB6068279B984278D0A26806
:10D7C00028998A4274D0884272D0934270D02468DB
:10D7D000EEE7DAF8043001334BD0DAF808300133E1
:10D7E00031AE10AD47D03246294612AB5046FDF758
:10D7F0001FFE041EFFF682AB3DD0129B1E93DDE997
:10D8000027420C339DF84F0022930C231494159259
:10D8100000241F93219323902590314613AD0123BB
:10D820001EAA504624942095FFF7C8F80446002805
:10D830007FF464AB1098DAF80430984233D0119A30
:10D84000DAF808108A422ED088422CD093422AD08F
:10D85000012201338AF84020A8D0DAF808300133D9
:10D86000A4D05046FEF7E4FC0446002C9ED0FFF7FF
:10D8700045BB31AE10AD294632465046FDF702FD9C
:10D88000041EFFF63BAB91D0DDE9274000233B901F
:10D8900031461A4650463A94FFF790F80446002C59
:10D8A00084D0FFF72BBBDDE92732CAE90132CFE78D
:10D8B0006360289BA3608AE72DE9F04F2DED028B72
:10D8C000154653799279EE790433B1B013440A6A5C
:10D8D00033440C46059322F000411433994204F17D
:10D8E00004038346079365D0D4E901012E68E369F8
:10D8F0000696059E0F90921BC4E901100133DBF8D8
:10D9000000000E91C4E9073200230893C36809950B
:10D910009847A0460646E8B116F1340F3CD10E9B5D
:10D920004FF0FF32012BCBF820203BD90F9B012B6E
:10D9300038D907995846FEF76DF9064660BBDBF803
:10D940000000D8F8041001230893C36898470646DE
:10D950000028E1D108F11C04DA464FF0FF33102211
:10D96000214612A8129302F0E5FA5AF8202BD8F8B3
:10D970000430126A934280F04B821025CDE9006496
:10D980003246029551465846FDF718FB044620B32F
:10D9900010F1340FC3D00646304631B0BDEC028BD7
:10D9A000BDE8F08F6FF03306304631B0BDEC028B2E
:10D9B000BDE8F08F19461AAAFDF764FC061EEBDBE2
:10D9C000229B002BC0F2E0806B79A979EA790433BD
:10D9D0000B4413440593226A86E7D8F8203023F0DD
:10D9E0000043043BAB4242D90BF1140308EE103A5A
:10D9F0002F460DF194091CB9069BBB4200F0A6808E
:10DA0000DBF800200F9B126A934280F0FB81012219
:10DA1000CDE9019218EE101A009700225846FDF742
:10DA20006BF906460028B7D10122494612A802F038
:10DA300081FADBF80020D8F80430126A934280F0B3
:10DA4000E7810122CDE901920095324651465846C0
:10DA5000FDF7B4FA064600287FF45EAF01370135C2
:10DA6000D8F8203023F00043043BAB42C3D8DBF8A6
:10DA70000020D8F80430126A934280F0C981042251
:10DA800012A9CDE900510292514600225846FDF7F5
:10DA900095FA064600287FF43FAFDBF820104FF0E0
:10DAA000FF339942CBF8143019D0DBF80000DBF8D3
:10DAB0002830826900928468DBF82420A04706465B
:10DAC00000287FF429AFDBF80030DBF828009A69E2
:10DAD000FF2107F05BF84FF0FF33CBF82030DBF885
:10DAE000000003699847064600287FF415AFD8F870
:10DAF0002030D8F8047023F0004A4FF0FF32BAF11A
:10DB0000040A25920BF1140900F00D8105461AACA8
:10DB100008E001350122214625A802F00BFAAA45AA
:10DB200000F00181DBF800301B6A9F4280F06A81BF
:10DB30000123CDE9014300953B4600224946584662
:10DB4000FDF7DAF80028E4D0064625E7224621460C
:10DB500012A802F0EFF9DBF80020D8F80430126ABE
:10DB6000934280F05581CDE901440095224651460B
:10DB70005846FDF723FA064600287FF4CDAEDDE9CE
:10DB8000052301249F186BE7226A2199D4E909042F
:10DB900062F00042134023904A1CDDE91B01CDE9ED
:10DBA0001B100D90DBF800002494CDE92123002305
:10DBB00005930C91C36898474FF0FF38012706463C
:10DBC000F8B116F1340F7FF4E7AE0C9BCBF8208050
:10DBD000012B7FF6E7AE0D9B012B7FF6E3AE1BA971
:10DBE0005846FEF717F8064600287FF4D5AEDBF856
:10DBF00000001B9901230593C36898470646002837
:10DC0000DFD121ADD946102229460AA8CDF82880B7
:10DC100002F090F959F8202B1B9B126A934280F076
:10DC2000F7801024CDE900653246029449465846F3
:10DC3000FDF7C4F906460028C3D1229B23F0004318
:10DC4000043B102B33D90BF1140A0BADDBF8002089
:10DC50000D9B126A934280F0D580CDE90157009464
:10DC6000002251465846FDF747F8064600287FF443
:10DC700093AE012229460AA802F05CF9DBF80020E5
:10DC80001B9B126A934280F0C3803246CDE9015754
:10DC9000009449465846FDF791F90646002890D170
:10DCA000229B23F000430134043B9C42CED3DBF89B
:10DCB00000201B9B126A934280F0AA8004220AA9CA
:10DCC000CDE900410292494600225846FDF776F917
:10DCD000064600287FF475AFDBF82010CBF81480DF
:10DCE0004B1C17D0DBF80000DBF82830826900926B
:10DCF0008468DBF82420A047064600287FF461AF43
:10DD0000DBF80030DBF828009A69FF2106F03EFFBF
:10DD1000CBF82080DBF8000003699847002800F06A
:10DD2000D18006464DE7259A129B9A427FF4F7ADC3
:10DD3000DDE908354446002B70D1DBF810301A4677
:10DD400072B1D2F804C061688C4557D09068A7685A
:10DD5000B84253D0BC4551D081424FD01268EFE752
:10DD6000DBF80C2022B34FF0FF370BE0D2F808E0CD
:10DD7000D4F808C0E64509D0614507D0704505D004
:10DD80001268AAB1516860688142EFD1D1682868F1
:10DD9000814230D0F4D9687995F806E095F807C04B
:10DDA000043070446044091AD1601268002AE9D135
:10DDB00063B9F1E59F68A06887420BD0824209D021
:10DDC000B94207D01B68002B3FF4E6AD5A68616882
:10DDD0008A42EFD1D9682A689142F3D96A7995F8D5
:10DDE00006C0EF799869043262443A44891A821A6B
:10DDF000D9609A61E6E7C2E90177C1E75160A1689D
:10DE00009160ABE79B4B9C4A9C48122106F0FCFDBD
:10DE1000984B9B4A99489C2106F0F6FDDBF80430AC
:10DE2000013379D0DBF80830013325AF0DF1380824
:10DE300075D012AB3A4641465846FDF7F9FA00282C
:10DE4000FFF682AE6BD0D4E9012312981A900C3001
:10DE50001E9014920C2013AA9DF84FC015933946BA
:10DE60001B9000271D901C9201231AAA5846CDF83A
:10DE70007CC0CDF884C02097FEF7A0FD00287FF479
:10DE800063AE0E98DBF80430984260D00F9ADBF84E
:10DE900008108A425BD0884259D0934257D0012261
:10DEA00001338BF840203FF448AFDBF808300133F2
:10DEB0003FF443AF5846FEF7BBF900283FF43DAFAF
:10DEC000064669E5229DDDF86CA0CDF82C8025F092
:10DED00000450BF11403043D1E463FD004460DF1EE
:10DEE000940907E00134012249460BA802F022F808
:10DEF000A54233D0DBF800301B6A9A4582D2CDE9C7
:10DF0000019700945346002231465846FCF7F4FE30
:10DF10000028E7D006463FE525AF0DF13808414619
:10DF20003A465846FDF7AEF90028FFF60DAE3FF42D
:10DF300004AF3946D4E9017000232F901A465846A1
:10DF40002E97FEF73BFD00283FF4F7AEB8E7636875
:10DF5000CBF80430A268CBF80820A0E7DDE90A324C
:10DF60009A427FF432AE059B93B9DBF81060002E25
:10DF70003FF412AD70681B9B984276D0B2681C9932
:10DF80008A4272D0884270D093426ED03668EEE7F3
:10DF9000DBF8043001334AD0DBF80830013325AF19
:10DFA0000CAC46D03A4621460EAB5846FDF740FA37
:10DFB000061EFFF6F1AC3CD00E9B1293DDE91B422E
:10DFC0000C339DF83F0016930C2310941192139379
:10DFD00015931790199039460FAD0024012312AA0A
:10DFE000584614951894FEF7E9FC064600287FF47D
:10DFF000D3AC0C98DBF80430984231D00D9ADBF8A2
:10E0000008108A422CD088422AD0934228D001227C
:10E0100001338BF84020A8D0DBF808300133A4D0BE
:10E020005846FEF705F90646002E9ED0B4E425AF0B
:10E030000CAC21463A465846FDF724F9061EFFF679
:10E04000ABAC92D0DDE91B4000232F9039461A4635
:10E0500058462E94FEF7B2FC0646002E85D09BE46F
:10E06000DDE91B32CBE90132D1E773601C9BB36061
:10E070008CE700BF5C830300888503007C8303007A
:10E08000988503002DE9F04F90F84030BBB005466D
:10E09000059163B943680122013380F8402006D01E
:10E0A0008368013303D0FEF7C3F8044668B909AAB0
:10E0B00019A905AB2846FDF7F9F9821C044608D1D9
:10E0C00005982F2107F02FFC58B120463BB0BDE842
:10E0D000F08F002808BF6FF0100420463BB0BDE869
:10E0E000F08F2B681B6AAB6324A92846FDF7DCFA86
:10E0F00004460028E9D1DDE92210259A2D912699C0
:10E100002B9B0494CDE9251201332B932E9008927A
:10E1100007914FF0FF3A4FF001082868C36898470D
:10E120000446B8B114F1340FCFD1079BC5F820A035
:10E13000012B40F2D580089B012B40F2D18025A90C
:10E140002846FDF767FD04460028BED10123259926
:10E150000493E2E72BAFA9461022394611A8CDF867
:10E1600044A001F0E7FE59F8202B259B126A934248
:10E1700080F0BF801026CDE900472246029649462E
:10E180002846FCF71BFF04460028CBD12C9B23F02C
:10E190000043043B102B30D905F1140B2FAF2A6834
:10E1A000089B126A934280F09E80CDE90178009628
:10E1B000002259462846FCF79FFD0446002884D1DA
:10E1C0000122394611A801F0B5FE2A68259B126A82
:10E1D000934280F08E802246CDE901780096494630
:10E1E0002846FCF7EBFE044600289BD12C9B23F02D
:10E1F00000430136043B9E42D1D32A68259B126A14
:10E20000934276D2042211A9CDE9006102924946D7
:10E2100000222846FCF7D2FE0446002882D1296A53
:10E22000C5F814A04B1C12D02868AB6A8269009212
:10E2300084686A6AA047044600287FF473AF2B689D
:10E24000A86A9A69FF2106F0A1FCC5F820A02868F9
:10E2500003699847044600287FF464AF2C9B259FF0
:10E26000CDF8BCA023F0004BBBF1040B05F1140961
:10E270001BD006462B681B6A9F4234D20DABCDE9FA
:10E280000063CDF808803B46002249462846FCF74B
:10E2900033FD044600287FF418AF013601220DA992
:10E2A0002FA801F047FEB345E4D12F9A119B9A4263
:10E2B0007FF43BAF049B002B42D12A69FAB154682A
:10E2C000259B9C4200F0898091682698814200F04D
:10E2D0008480844200F081808B427ED01268EDE71A
:10E2E0006FF03304F1E64F4B4F4A5048122106F0CD
:10E2F0008BFB4C4B4E4A4D489C2106F085FB059B01
:10E300008DF82A20184640F622020493ADF8282002
:10E3100007F039FBDDE925648DF82B00049B0C9494
:10E3200009AA19A9284623940B962296FEF736FDD2
:10E33000044600287FF4C9AE2B681B6AAB63C4E6B1
:10E340006B68013352D0AB6801332FAE07AF4FD0AB
:10E35000324639460DAB2846FDF76AF8041EFFF633
:10E36000B4AE45D0DDE925400D9B11930C331593D8
:10E3700010900C239DF83B000F9431461293149398
:10E3800000241690189011AA0EAE01232846179467
:10E390001396FEF713FB044600287FF496AE079809
:10E3A0006B6898421DD0089AA9688A4219D08842A1
:10E3B00017D0934215D00122013385F840203FF455
:10E3C0007CAFAB6801333FF478AF2846FDF730FFF0
:10E3D0000446002C3FF471AF77E65360269B9360B0
:10E3E0007CE7DDE92532C5E90132E4E72FAE07AF6E
:10E3F000394632462846FCF745FF041EFFF665AE57
:10E400003FF45BAFDDE925400023399031461A46E1
:10E4100028463894FEF7D2FA0446002C3FF44DAF5C
:10E4200053E600BF5C830300888503007C83030000
:10E430009885030070B5D0E9015386B0C1E9015356
:10E44000019201AB02AA06460C46FDF72FF8A0B9CF
:10E450009DF80C30222B12D104AA21463046FCF73D
:10E4600071FE50B9D4E901123369216162610E2154
:10E470001022A161E2602360346106B070BD6FF0CC
:10E480001300FAE7036943B1994202D107E09942C8
:10E4900007D01A461B68002BF9D10020704700F105
:10E4A00010020B6813600020704700BFF0B51546DE
:10E4B0000E4689B004464C222846002106F066FB31
:10E4C000B3690E2B4AD00F2B53D004AA31462046F5
:10E4D000FCF716FF00285BD19DF8142002F07F03A3
:10E4E000112B01D0222BF0D1110655D562680132D3
:10E4F0000DD0A26801320AD006A92046FCF760FFC1
:10E50000002829DBE1D19DF8143003F07F038DF85A
:10E51000143021462B70112B51F8140B08BF079BA8
:10E52000049A08BF6B609DF815C07368066A9DF871
:10E530001670101D6044B3429DF8172005F10805C0
:10E5400038442BD2CDE90152009000222046FCF73E
:10E55000D3FB002808BF012009B0F0BD124A2223D6
:10E5600012882A812B70B36901200133B36109B08D
:10E57000F0BD2B460D4A222103F8081B1188927822
:10E5800029819A70B36901200133B36109B0F0BDEC
:10E59000841C08BF0020DFE71346BAE7044B054A96
:10E5A0000548122106F030FA2C8303003083030063
:10E5B0005C830300888503007C8303002DE9F0431E
:10E5C0001F4693B003F00303012B0C46019205464E
:10E5D00003D090F84030002B70D002AA07A901ABFD
:10E5E0002846FCF763FF064600283FD19DF80C3013
:10E5F000222B00F09180BB0500F18B80DDE9082023
:10E6000002996260049AA0600023C4E90637C4E955
:10E61000031223627A05059B636106D5002B5FD147
:10E620004FF0FF320023C4E904232B68586B4FF0EE
:10E63000FF32E262002857D0EB68002B5FD16063A5
:10E64000E36903F003034FF0FF36012BE66205D0C8
:10E650002B68FF219A6906F099FAE662EB6823605D
:10E660000026EC60304613B0BDE8F083B01CF9D151
:10E67000DDF804802F21404607F055F902460028B6
:10E68000F0D1F905EED540F6110340468DF80E2085
:10E69000ADF80C3007F077F94FF0000943468DF8DC
:10E6A0000F0002AA07A94FF0FF382846CDE90489D8
:10E6B000FEF774FB06460028A0D0D3E7436801228A
:10E6C000013380F8402088D08368013385D0FDF77E
:10E6D000AFFD0646002880D0304613B0BDE8F08379
:10E6E00047F48037E7619BE7E26902F00302012A01
:10E6F00008D0986902F0A8FB60630028A0D16FF0F1
:10E700000B06AFE7586902F09FFB6063002897D1C2
:10E71000F5E76FF01006A5E76FF01406A2E700BF5B
:10E720002DE9F04F2DED028BCC698FB004F003057D
:10E73000012D0592079300F0B9816703884683464F
:10E7400000F10D81250500F11681A00340F1ED8057
:10E75000079B002B00F0D88008F12C090693D8F80D
:10E760001C30990300F18980D8F82030002B40F04C
:10E770006481DBF800100B6ACBF83830D8E90873F5
:10E780000C930DAB08EE103A0BF114044FF0010A94
:10E79000CDF8208018EE101A5846FDF73BFA0028F5
:10E7A0005ED10D99012940F29181DBF80000036AE6
:10E7B000994200F28B81C3689847002840F0AD80F1
:10E7C000002F00F06581DBF80010D1F81C807D1E61
:10E7D000A8F10806B542C0F01B81B5FBF6F0013880
:10E7E000049105F093FF0230A5EB8005B5FBF6F52B
:10E7F000284605F08BFFA7EB800005FB1607B84500
:10E80000049900F0C380002F00F03F8100250DF136
:10E810002F0616E0DBF800200D9B126A934280F071
:10E820003F81CDE9016A0095224649465846FCF7EA
:10E83000C5FB002871D10135BD4280F0EF80DBF8C7
:10E8400000100A6A0C9B934280F03A81CDE9016A7C
:10E850000095002221465846FCF74EFA0028D9D0F0
:10E86000DDF82080D8F81C3043F40023C8F81C30B1
:10E870000FB0BDEC028BBDE8F08FDBF80010D8F8CC
:10E880002870CD69AF423FF476AFD8F824300BF151
:10E890001404069A059EED1B954228BF15460EE00E
:10E8A00010F1340FDED141465846FDF741FC0028F7
:10E8B000D8D1D8F82870DBF80010D8F824300A6ACC
:10E8C0009A4240F2ED80CDE9016500972246494623
:10E8D0005846FCF773FB0028E2D1D8F82020D8F87E
:10E8E0002830DBF800102A442B44096AC8F820209D
:10E8F000C8F82830059A069BCBF838102A445B1BD1
:10E90000059206937FF42BAFD8F81C30079823F4B8
:10E910000023C8F81C30ABE7099F10F1340F9FD1DA
:10E920004FF0FF33CBF8203034E7D8F82040D8F848
:10E9300014309C427FF60CAFC8F820300DAE002595
:10E9400001233246414658468DF83450FFF7E8FE21
:10E9500000288DDBD8F820309C42F1D8F8E64FF043
:10E96000FF3224F48023A603CA62CB6100F18580C4
:10E970002205DAD51C46D8F81430D8F820209A425F
:10E9800038BFC8F82030A003CFD5E1E6013595FAAD
:10E99000A5F3B3FA83F31846013304930A6A09977F
:10E9A00000250DF1300807460D9B93424FEA85067E
:10E9B00076D20422CDE90182009622464946584685
:10E9C000FCF7FCFA0C9B0028A6D1AF4211D0DBF873
:10E9D0000020126A934273D20422CDE9018200968C
:10E9E000024621465846FCF787F900287FF438AFE5
:10E9F0000C9B012B5DD9DBF800100A6A934258D8B2
:10EA0000049B0135AB42CFD1DDF820809F0009E0A7
:10EA100047457FF4FBAE01230493BFE7DDF8208078
:10EA2000DBF800100D9BC8E90937D8F81C20CD6928
:10EA300042F40032C8F81C202BE708F1280108F145
:10EA40002402CDE90121013B0093D8E90423494682
:10EA50005846FCF719FA00287FF404AFDBF80030C1
:10EA6000D8F834009A69FF2106F090F84FF0FF3390
:10EA7000DBF80010C8F82C307DE600F03DF80028E7
:10EA80007FF4F6AED8F81C405CE6DDF82080C9E7DC
:10EA9000DDF820800D9BDBF80010C8E90937C4E7DA
:10EAA0000E4B0F4A0F489C2105F0AEFF6FF0080097
:10EAB000DEE60D4B0D4A0B4840F2D34105F0A4FFB2
:10EAC000064B0B4A0748122105F09EFF094B074AE7
:10EAD000044840F28C4105F097FF00BF5C830300BF
:10EAE000988503007C830300FC830300B885030042
:10EAF00088850300448403002DE9F0430D4693B05C
:10EB0000064600F114072C22002104A8D5F8208025
:10EB100006F03CF897E807004FF0FF33D5E904C44E
:10EB20000DF1480E73610EE90700296A6A69CDF894
:10EB3000308001209142CDF820C009940B901FD263
:10EB4000994601230DF10F0204A9304600F072F935
:10EB50000446002C4FF001030DF10F022946304608
:10EB60003ADBFFF7DDFD041E36DB7369013337D076
:10EB7000C6F814906A692B6ACDF83C909A42E0D8A6
:10EB800005F12C0918E030686B6B8269009284688B
:10EB90002A6BA04704463A46494630461CB9FCF762
:10EBA0001FF9044658B114F1340F2946304613D1E9
:10EBB000FDF7BEFA044678B9E96A4B1CE3D1EB696C
:10EBC000D5E9082123F4003343F480332961EB6154
:10EBD0006A61C5F820800024204613B0BDE8F083A8
:10EBE0002A6A6B699A42ACD3CAE700BFF0B5CB6919
:10EBF0000C4659039DB0054605D523F480234FF0FC
:10EC0000FF32E361E2629A0309D521462846FFF705
:10EC100073FF024610B110461DB0F0BDE36903F466
:10EC20001023B3F5803F03D0002210461DB0F0BD85
:10EC300063680133F8D0A3680133F5D0221D11A910
:10EC40002846FCF77FFA02460028E4D12946129BA9
:10EC500051F8140B0692076AE068059006AEBB42B5
:10EC6000C6E901222CD20C27CDE9000602972846DE
:10EC7000FCF742F802460028CDD19DF81830112B40
:10EC800024D1059B0B9603F10C060A9728460C9796
:10EC90009DF81B5027690F9209930D9609AA666982
:10ECA000079711A9012308960E951095FDF786FE8A
:10ECB00002460028AFD1E36923F48033E361AAE779
:10ECC000064B074A0748122105F09EFE064B074AED
:10ECD000044840F2136105F097FE00BF5C83030017
:10ECE000888503007C83030074840300C8850300C7
:10ECF0002DE9F041CB690C4659039CB0054605D57A
:10ED000023F480234FF0FF32E361E2629A0321D5BE
:10ED100021462846FFF7F0FE0646D0B1EB6843B126
:10ED20009C4202D16AE09C426AD019461B68002BC3
:10ED3000F9D1A3692BB11B681BB130461CB0BDE8EB
:10ED4000F0812B685B6B002BF7D1606B02F090F8C1
:10ED5000F3E7E36903F41023B3F5803F01D0002605
:10ED6000DCE763680133FAD0A3680133F7D011A957
:10ED7000221D2846FCF7E6F906460028CED1294692
:10ED8000129B51F8142B0696106AE268059206AFA2
:10ED90008342C7E9016636D24FF00C08CDE900275F
:10EDA000CDF8088032462846FBF7A6FF0646002825
:10EDB000B4D19DF81830112B2BD1059B22690F90EF
:10EDC00060699DF81B600B97099303F10C0707928C
:10EDD000089011A9012309AA28460E961096CDF88D
:10EDE0002880CDF830800D97FDF7E8FD0646002815
:10EDF00094D1E36923F48033E3618FE705F10C01DB
:10EE000023680B6095E7064B064A0748122105F078
:10EE1000FBFD064B064A044840F2136105F0F4FD81
:10EE20005C830300888503007C83030074840300F3
:10EE3000C88503002DE9F04F0D46C96901F00304B0
:10EE4000022C87B04FD08046880317461E464FD409
:10EE50002A6A69698A425CD2A1EB0209B1454B4634
:10EE600028BF33460593002B57D01E4605F12C09C9
:10EE700005F1280B05F1240A1FE0D8F80000A96A63
:10EE8000C469A1421CD0641A026A6B6AB44228BFEA
:10EE90003446934245D20091CDE90174002249469F
:10EEA0004046FBF729FF00BB2A6AAB6A2244234491
:10EEB000361B27442A62AB622FD0EB695B03DCD49C
:10EEC000CDE901AB0092D5E9042349464046FBF762
:10EED000DBFF50B9EB69D8F80000A96AC46943F4B4
:10EEE0008023EB61CFE76FF0080007B0BDE8F08F3B
:10EEF0004A0305D521F480214FF0FF32E961EA622F
:10EF000029464046FFF7F8FD0028A1D007B0BDE82C
:10EF1000F08F002007B0BDE8F08F059807B0BDE87E
:10EF2000F08F034B034A0448122105F06DFD00BF2A
:10EF30005C830300888503007C830300F8B50C46DE
:10EF4000C96916464A0307461D4605D521F48021A6
:10EF50004FF0FF33E161E3628B0305D5384621466C
:10EF6000FFF7CAFD00B1F8BD2DB1012D0CD0022D67
:10EF700004D0206AF8BD26623046F8BD002E6069D4
:10EF800005DB30442062F8BD002E206AF9DA7242B7
:10EF90008242F6D96FF01500F8BD00BF086A7047CD
:10EFA000CB699B0305D5086A4B69984238BF184660
:10EFB00070474869704700BFF0B597B01546059196
:10EFC00005AB07AA0BA90646FCF770FA044610B178
:10EFD000204617B0F0BD4C220146284605F0D6FD6C
:10EFE0009DF820302B70112B04BF0A9B6B60726858
:10EFF000099B934223D00A98B16888421FD08B4264
:10F000001DD082421BD03146079A51F8143B9DF81F
:10F0100021701C6A0C9B9DF8220004323A44A342E2
:10F02000024405F108059DF823000ED2CDE90150F8
:10F03000009230460022FBF75FFE0446C8E7064B0D
:10F040001B882B81204617B0F0BD044B044A0548AD
:10F05000122105F0D9FC00BF348303005C83030058
:10F06000888503007C8303002DE9F04F90F8403041
:10F07000BBB00546059183B943680122013380F88E
:10F0800040200AD08368013307D0FDF7D1F8044649
:10F0900018B120463BB0BDE8F08F09AA19A905AB0D
:10F0A0002846FCF703FA04460028F2D19DF82830E0
:10F0B000222B00F0D08009AA19A92846FEF7FCFBF4
:10F0C00004460028E5D19DF82830222BE1D119AA69
:10F0D00025A92846FCF7D6F8041EDADB00F00B81E0
:10F0E000DDE92D40209B2390DDE91A212868229438
:10F0F0000133209300230493CDE91A12C3680892C8
:10F10000079198474FF0FF3A4FF001080446E0B1ED
:10F1100014F1340FBDD1079BC5F820A0012B40F29C
:10F12000A480089B012B40F2A0801AA92846FCF776
:10F1300071FD04460028ACD128681A990123049374
:10F14000C368984704460028E2D120AFA9461022A0
:10F15000394611A8CDF844A000F0ECFE59F8202B58
:10F160001A9B126A934280F03A811026CDE900473B
:10F170002246029649462846FBF720FF044600280F
:10F18000C6D1219B23F00043043B102B31D905F15C
:10F19000140B2FAF2A68089B126A934280F02581D6
:10F1A000CDE901780096002259462846FBF7A4FDD8
:10F1B000044600287FF46DAF0122394611A800F003
:10F1C000B9FE2A681A9B126A934280F0088122468F
:10F1D000CDE90178009649462846FBF7EFFE044644
:10F1E000002895D1219B23F000430136043B9E4229
:10F1F000D0D32A681A9B126A934280F0F0800422CE
:10F2000011A9CDE900610292494600222846FBF788
:10F21000D5FE044600287FF47BAF296AC5F814A008
:10F220004B1C12D02868AB6A8269009284686A6AB3
:10F23000A047044600287FF46BAF2B68A86A9A6940
:10F24000FF2105F0A3FCC5F820A0286803699847B2
:10F2500070B104465CE70BAA24A92846FBF772FFAD
:10F26000044600283FF427AF13E76FF0330410E79C
:10F27000219FDDF868B0CDF8BCA027F0004705F16C
:10F280001403043F1C461DD006460DF1340907E067
:10F290000136012249462FA800F04CFEB74211D09A
:10F2A0002B681B6A9B4580F0A080CDE901980096F1
:10F2B0005B46002221462846FBF71EFD0028E7D0CA
:10F2C0000446E6E62F9A119B9A427FF424AF049BF2
:10F2D000C3B92C69002C3FF4DCAE60681A9B9842DD
:10F2E0005AD0A2681B998A4256D0884254D0934281
:10F2F00052D02468EEE7404B404A414840F26E71DC
:10F3000005F082FB6B6801334FD0AB6801332FAE41
:10F3100007AF4CD0324639460DAB2846FCF788F88B
:10F32000041EFFF6B6AE42D0DDE91A400D9B1193E4
:10F330000C33159310900C239DF83B000F9431462D
:10F340001293149300241690189011AA0EAE012364
:10F35000284617941396FDF731FB044600287FF4E6
:10F3600098AE07986B6898421AD0089AA9688A42A2
:10F3700016D0884214D0934212D00122013385F86E
:10F380004020A6D0AB680133A3D02846FCF750FF3D
:10F390000446002C9DD07CE663601B9BA360A8E71D
:10F3A000DDE91A32C5E90132E7E72FAE07AF39468A
:10F3B00032462846FBF766FF041EFFF66AAE88D089
:10F3C000DDE91A400023399031461A462846389420
:10F3D000FDF7F4FA0446002C3FF47BAF59E6094BE5
:10F3E000094A07489C2105F00FFB064B074A0448D1
:10F3F000122105F009FB00BF94840300D8850300A7
:10F400007C8303005C8303009885030088850300E8
:10F410002DE9F04F2DED028B8B6A0160C5B00446DB
:10F42000002B00F09780C361C86A002800F09E801E
:10F43000A0628A69FF2105F0A9FB4FF0FF33226823
:10F4400023626361536AD90640F02783002B00F0E2
:10F450001D83106B002800F09280E063D2E9055113
:10F46000B1FBF5F305FB1313002B40F0FA82D769CB
:10F47000B7FBF1F501FB1575002D40F000834FF04F
:10F48000FF36A7F10803B6FBF3F33344B3FA83F373
:10F49000C3F12003B7EB830FC0F0EA82526A256103
:10F4A0002946C4E90265D20884F84050666005F038
:10F4B0006DFB2368E562D3E90823934228BF134616
:10F4C000C4E90C35A26322A92046FCF7EDF80546F5
:10F4D00078B123689A6A002A63D0DA6A002A5BD07E
:10F4E0001B6B002B54D0284645B0BDEC028BBDE809
:10F4F000F08F2DA92046FCF7D7F805460028E8D163
:10F50000DDE92E21349B0E92CDE92E1201330490B9
:10F5100034930D914FF001092068C3689847054660
:10F52000002843D015F1340FD3D10D9B2662012B57
:10F530000DD90E9B012B0AD92EA92046FCF76AFB98
:10F5400005460028C5D101232E990493E4E76FF006
:10F550003305BEE7486901F077FCE061002800F060
:10F56000DF802168C86A00287FF462AF886901F0F3
:10F570006BFCA062002800F0D380216859E7D8080E
:10F5800001F062FCE063002800F0CA80226865E7B1
:10F59000E06B01F06DFCA6E7A06A01F069FC23684E
:10F5A0009EE7E06901F064FC236896E734AFA24669
:10F5B0001022394609A8099600F0BCFC5AF8202B05
:10F5C0002E9B126A934280F07D824FF01008CDE9A5
:10F5D00000572A46CDF8088051462046FBF7EEFC3E
:10F5E000054600289ED1359B23F00043043B102B99
:10F5F000474633D904F1140B0DF1280822680E9BFD
:10F60000126A934280F06482CDE90189009700225A
:10F6100059462046FBF770FB054600287FF459AF9A
:10F620000122414609A800F085FC22682E9B126A3F
:10F63000934280F047822A46CDE9018900975146DE
:10F640002046FBF7BBFC054600287FF46BAF359BDB
:10F6500023F000430137043B9F42CFD322682E9B07
:10F66000126A934280F02E82042209A9CDE900712A
:10F670000292514600222046FBF7A0FC05460028D6
:10F680007FF450AF216A66614B1C11D02068A36AD9
:10F69000826900928568626AA847054600287FF45F
:10F6A00041AF2368A06A9A69FF2105F06FFA2662CC
:10F6B000206803699847054600287FF433AF359BDF
:10F6C000DDF8B8B00A9623F0004304F11402043BBD
:10F6D00008EE102A3CD01D46234608EE90AA38AF0B
:10F6E00092460446984607E00134012239460AA8AA
:10F6F00000F020FCA54228D0D8F800301B6A9B45BA
:10F7000080F0E681CDE9017900945B460022514604
:10F710004046FBF7F1FA0028E6D005464446D8E615
:10F7200023689A6A002A00F0C881DA6A002A00F089
:10F73000BF811B6B002B00F0B7816FF00B052846D3
:10F7400045B0BDEC028BBDE8F08F18EE90AA4446A0
:10F75000DDE909329A427FF4E8AE049B002B40F0C9
:10F76000168225698DB168682E9B984200F0B6819B
:10F77000AA682F998A4200F0B181884200F0AE81D8
:10F78000934200F0AB812D68ECE7A74A23688DF81F
:10F790006A50082641F22E47ADF868708DF86B600C
:10F7A00092E80300D3E907261D9220AA82E803000D
:10F7B0002F9A06954FF001102E9D1E96342110268B
:10F7C000A2601C922C9202221F9065601B952B95C3
:10F7D00019962A914FF0010904921846DDE9233168
:10F7E000299A0C93CDE92313013200230793299220
:10F7F000C3680B9198470546D8B115F1340F7FF4D3
:10F8000068AE0B9B4FF0FF32012B226232D90C9B6A
:10F81000012B2FD923A92046FCF7FCF9054628BB6C
:10F820002068239901230793C36898470546002859
:10F83000E3D129AF4FF0FF331022394611A81193BD
:10F8400000F078FB2268239B126A934280F03A8191
:10F850001026CDE900572A46029651462046FBF76E
:10F86000ADFB18B310F1340FCBD0054615F1340FB2
:10F870007FF42FAE049B012B14D1069B002B3FF489
:10F8800066AE22A90026012738AA2046CDE93867AE
:10F89000FBF758FC054600287FF41BAE23681A6A64
:10F8A000A26317E601232068049397E72A9B23F0BD
:10F8B0000043043BB34259D918EE108A37460DF184
:10F8C000E00B05902FE022680C9B126A934280F0B7
:10F8D000FF80CDE901B90097002241462046FBF7A1
:10F8E0000BFA05460028C1D10122594611A800F0A3
:10F8F00021FB2268239B126A934280F0E3802A4610
:10F90000CDE901B9009651462046FBF757FB054665
:10F9100000287FF472AF013701362A9B23F00043A1
:10F92000043B9E4222D2059B002BCCD1102FCAD182
:10F930001AAD2022294611A800F0FCFA2268239B68
:10F94000126A934280F0BE802021CDE900650291C9
:10F95000059A51462046FBF731FB054600287FF407
:10F960004CAF0123203630270593D6E72268239B2E
:10F97000126A934280F0A680042211A9CDE90061A9
:10F980000292514600222046FBF718FB054600284C
:10F990007FF433AF216A4FF0FF339942636113D094
:10F9A0002068A36A826900928568626AA847054652
:10F9B00000287FF422AF2368A06A9A69FF2105F02E
:10F9C000E5F84FF0FF332362206803699847054646
:10F9D00000287FF412AF2A9BDDF88C8023F0004BC7
:10F9E0004FF0FF32BBF1040B38921FD018EE105AC3
:10F9F00007460DAE07E001370122314638A800F076
:10FA000099FABB4512D023681B6A984560D2CDE9AC
:10FA1000016900974346002229462046FBF76CF90E
:10FA20000028E8D0054621E77C850300389A119B21
:10FA30009A427FF4E6AE079B002B57D123696BB146
:10FA40005D68239A95424DD099682498814249D0A7
:10FA5000854247D08A4245D01B68F0E701230693D0
:10FA600008E7914B914A924840F61F0104F0CCFF01
:10FA7000904B8E4A8E4840F6230104F0C5FF8E4B12
:10FA80008A4A8B484FF4026104F0BEFF8B4B874AD1
:10FA9000874840F6140104F0B7FF894B834A844835
:10FAA00040F6130104F0B0FFE06B01F0E1F944E629
:10FAB000A06A01F0DDF923683BE6E06901F0D8F9BE
:10FAC000236832E67F4B804A79489C2104F09CFFF2
:10FAD0007C4B7E4A7648122104F096FF6B602F9B88
:10FAE000AB6050E65A60249A9A60B5E763680133C8
:10FAF00000F09F80A368013338AE0BAF00F09B800D
:10FB0000324639460DAB2046FBF792FC051EFFF648
:10FB1000ADAE00F09080DDE923030D9D11950C350D
:10FB200015950F900C259DF83B00109331461295CA
:10FB3000149516900025189011AA0EAE01232046A8
:10FB400017951396FCF73AFF054600287FF48EAE12
:10FB50000B986368984267D00C9AA1688A4263D078
:10FB6000884261D093425FD04FF00102013384F8A4
:10FB700040203FF463AFA36801333FF45FAF2046FA
:10FB8000FCF756FB0546002D3FF458AF6EE6636860
:10FB900001336ED0A368013338AE0DAF6BD032465F
:10FBA000394611AB2046FBF743FC051EFFF691AC2E
:10FBB00061D0DDE92E02119B19930C331D93139034
:10FBC0000C2312A89DF84B50149231461A931C93A3
:10FBD0001B900026012319AA20461E9520951F96EA
:10FBE000FCF7ECFE054600287FF473AC0D986368C3
:10FBF000984239D00E9AA1688A4235D0884233D0D3
:10FC0000934231D00122013384F840203FF4A9AD62
:10FC1000A36801333FF4A5AD2046FCF709FB054678
:10FC2000002D3FF49EAD54E4DDE92332C4E90132F6
:10FC30009AE738AE0BAF394632462046FBF722FB37
:10FC4000051EFFF613AE3FF4F9AEDDE923500023A5
:10FC5000429031461A4620464195FCF7AFFE0546D4
:10FC6000002D3FF4EBAE01E6DDE92E32C4E90132AE
:10FC7000C8E738AE0DAF394632462046FBF702FBE7
:10FC8000051EFFF626AC3FF46CADDDE92E500023D7
:10FC9000429031461A4620464195FCF78FFE0546B4
:10FCA000002D3FF45EAD14E4D0840300E48503002E
:10FCB0007C8303003085030000850300B8840300C3
:10FCC000988403005C830300988503008885030003
:10FCD000F0B58B6A01609BB00446002B7CD0C361F9
:10FCE000C86A002800F08380A0628A69FF2104F0BE
:10FCF0004DFF4FF0FF33216823626361486AC306FA
:10FD000040F0C380002800F0D5800B6B002B75D02D
:10FD1000E363D1E90503B3FBF0F200FB1232002AE2
:10FD200040F0C180C869B0FBF3F203FB1202002A65
:10FD300040F0B2804FF0FF35A0F10803B5FBF3F3BC
:10FD40002B44B3FA83F3C3F12003B0EB830FC0F06D
:10FD500085800B6AA363C4E90155C4E90322C4E9A1
:10FD60000B2284F8402062630026012704AA0FA911
:10FD70002046CDE90467FBF7E5F9054660B1236845
:10FD80009A6A002A46D0DA6A002A3ED01B6B002B02
:10FD900045D028461BB0F0BD2146109B51F8142BCE
:10FDA000126A934280F08D802020029007AE1020CE
:10FDB000CDE900062A462046FAF79EFF05460028B0
:10FDC000DDD1DDE90810424B0D9A9A42C4E90110D9
:10FDD00029D06FF03305D2E7486901F035F8E061CA
:10FDE000002831D02168C86A00287FF47DAF886977
:10FDF00001F02AF8A06238B3216876E7C00801F064
:10FE000023F8E06300B3216883E7A06A01F030F8CB
:10FE10002368BBE7E06901F02BF82368B3E7E06BE8
:10FE200001F026F8B5E70E9AA3F18773A3F5806376
:10FE30009A42CED10C9B1A0C012A02D19BB2012B03
:10FE4000A7D96FF015059AE723689A6AC2B1DA6AF2
:10FE50008AB11B6B4BB16FF00B059AE71D4B1E4A25
:10FE60001E4840F6230104F0CFFDE06B01F000F8DE
:10FE70006FF00B058DE7A06A00F0FAFF2368E8E752
:10FE8000E06900F0F5FF2368E1E7154B124A1348DB
:10FE900040F6130104F0B8FD124B0F4A0F484FF41F
:10FEA000026104F0B1FD104B0B4A0C4840F61F01F3
:10FEB00004F0AAFD0D4B084A084840F6140104F06E
:10FEC000A3FD0B4B0B4A0548122104F09DFD00BF1A
:10FED0006C69747430850300E48503007C8303003F
:10FEE0009884030000850300D0840300B8840300D5
:10FEF0005C8303008885030003689A6A10B5044692
:10FF00002AB1DA6A52B11B6B7BB1002010BDC06907
:10FF100000F0AEFF2368DA6A002AF4D1A06A00F08C
:10FF2000A7FF23681B6B002BEFD1E06B00F0A0FF55
:10FF3000002010BDE2B170B4561E0E4D02680E4492
:10FF40004C1E14F8013F83EA020101F00F01A642A2
:10FF500055F8211081EA121282EA131303F00F03FD
:10FF600055F8233083EA1212EBD170BC026070475F
:10FF7000704700BFF085030010B5034B03600446D3
:10FF8000FAF7BAFA204610BD3886030010B5054BC3
:10FF900003600446FAF7B0FA204603F0C7FA204699
:10FFA00010BD00BF3886030008B500F09BF90020A3
:10FFB00008BD00BF70B501F55A61CC0182B004F1F3
:10FFC0008006FF25012220460DF1070114448DF81B
:10FFD000075000F08DF9A642F4D1002002B070BDA8
:10FFE00008B501F55A6102EBC110029A194600F0FA
:10FFF0007FF9B0FA80F04009404208BD08B501F52C
:020000023000CC
:100000005A6102EBC1111846029A00F089F90028E2
:10001000CCBF00200120404208BD00BF38B5002100
:100020000546FAF789FA98B94FF4DA24204604F520
:10003000805400F081F958B1B4F5E82FF6D1284684
:10004000FAF79CFA28460021BDE83840FAF774BA5E
:1000500038BD00BF10B5074C07492046FAF754FADF
:10006000064B23602046064A0649BDE8104004F0CE
:10007000C5BC00BFBC3E002004360020388603000B
:100080000036002079FF020010B504460069431CC9
:1000900018D0E36823B161694FF48052984770B972
:1000A0000A2004F0BDF8236820699847D4E90401C8
:1000B00063684FF4805298470A2004F0BFF84FF06D
:1000C000FF33236110BD00BF2DE9F04F83B00193D2
:1000D00043B3DFF8709005460E4690461F46C6F3C0
:1000E0000B0ACAF580542B69BC4206EA090B28BFEB
:1000F0003C465B4528464146224617D0FFF7C4FFE1
:10010000AB686869C5F810B059464FF480529847FB
:10011000686941462246504404F010FD3F1B2644C6
:10012000A044DCD1019803B0BDE8F08F6869504469
:1001300004F004FD3F1BA0442644D0D1019803B035
:10014000BDE8F08F00F0FFFF2DE9F84307691D4679
:100150007B1C06468846144605D097420BD807F507
:1001600080539A4230D3B368214640462A46984786
:100170002846BDE8F88353199F42F4D207F580530F
:100180009A42F0D2A7EB04094A462146B36840469A
:10019000E71B98477A1908EB09004FF4805C0021AF
:1001A000624528BF62467369174619444F4404F0FC
:1001B000C5FCBD42DCD9B368E11908EB0700EA1BB6
:1001C00098472846BDE8F883A7EB040C0CF5805C43
:1001D000E11B2A4640464FF00009E1E729DF70475E
:1001E00028DF704712DF704708B504F099FCB0FAB9
:1001F00080F0400908BD00BF10B5144604F09EFC15
:10020000204610BDF0B583B0054600230DF1070070
:1002100017460C4696088DF80730FFF7E3FF01E01C
:1002200000F0B4FD324621462846FFF7D7FF1128DB
:1002300003464FF00100F3D073B99DF8073013B9AE
:10024000384603B0F0BD064B4FF0FF31186801F09F
:10025000E9FA384603B0F0BD0027384603B0F0BDD8
:10026000604F002030B5184D296883B00446D9B1DD
:10027000240B01E000F08AFD2046FFF7B1FF1128B2
:1002800003464FF00100F5D013B1002003B030BD9C
:100290000DF107008DF80730FFF7A4FF9DF8073038
:1002A0004BB9012003B030BD0A2000F061FE286088
:1002B0000028DDD1E9E728684FF0FF3101F0B2FAFC
:1002C000012003B030BD00BF604F0020044B186810
:1002D00020B100231A46194600F07CBE704700BFCB
:1002E000604F00200148FFF7CFBE00BF3C36002022
:1002F00010B4094CA0420AD3B0F5E82F07D2134638
:100300005DF8044B0A4601460448FFF7DDBE4FF096
:10031000FF305DF8044B7047006002003C3600205F
:1003200010B40C4613460146224602485DF8044BC1
:10033000FFF70ABF3C36002030B5184D296883B05E
:100340000446D9B1240B01E000F020FD2046FFF760
:1003500047FF112803464FF00100F5D013B10020EC
:1003600003B030BD0DF107008DF80730FFF73AFFFD
:100370009DF807304BB9012003B030BD0A2000F0D2
:10038000F7FD28600028DDD1E9E728684FF0FF314C
:1003900001F048FA012003B030BD00BF604F0020DB
:1003A000F8B5174682B105460E46002402E0013436
:1003B000A74207D02B6816F8011B1B6828469847F0
:1003C0000028F4D12046F8BD1446FBE72DE9F041A2
:1003D0000C46D9B107688046084605F0D4FA7B6818
:1003E000104A9342064615D1D0B1002504E00135EC
:1003F000AE4208D0D8F800703B6814F8011B4046A4
:1004000098470028F3D12846BDE8F0810D462846DC
:10041000BDE8F081024621464046BDE8F04118475C
:100420000546F0E7A10303002DE9F0470768DFF870
:1004300094A0D7F8049004460E4600293AD0084606
:1004400005F0A1FAD145804622D1002836D00025FA
:1004500003E00135A845276820D03B6816F8011B4A
:10046000204698470028F4D12768D7F80490D14552
:1004700018D13B680D212046984730B123682046AB
:100480001B680A219847B8B102352846BDE8F087B5
:10049000024631462046C84727680546D7F80490EB
:1004A000D145E6D0064920460222C84705442846E1
:1004B000BDE8F0870D46DAE70135E6E70546D6E701
:1004C00040860300A103030090F8A300704700BF1B
:1004D00038B590F99D30002B04460DDB5A092048B1
:1004E0002032012103F01F0301FA03F340F8223008
:1004F000BFF34F8FBFF36F8F2369002101224FF4A9
:100500008870C3F80803C3F84411C3F858115A603F
:10051000DA6002E003F0E6F92369D3F85821002AF3
:10052000F8D0D3F84421002AF4D04FF0FF32002550
:10053000C3F8005504F11400C3F80C25C3F81425C2
:10054000C3F80825C3F8102503F0A0FED4F8A400D2
:1005500001F0F0FAC4F8A45084F8A35038BD00BFED
:1005600000E100E0143003F0A3BE00BF143003F03C
:10057000A5BE00BF143003F08DBE00BF08B5D0F893
:10058000A40001F0CBFA002814BF4020002008BDD1
:1005900090F8A33003B9704710B54FF0FF3104460F
:1005A000D0F8A40001F03EF90023D4F8A4001A46C4
:1005B000BDE81040194600F00DBD00BF10B503683E
:1005C0000F4A5B6882B093428DF8071012D104463F
:1005D0004FF0FF31D0F8A40001F024F99DF8073066
:1005E00084F85D30226901231846C2F848359360CB
:1005F00002B010BD01220DF10701984702B010BDF5
:10060000050603002DE9F04716460AB3074688465B
:1006100000F15D0A00254FF00109741B402C28BF32
:1006200040244FF0FF31D7F8A40001F0FBF808EBAD
:1006300005012246504604F081FA25443B69AE424A
:10064000C3F84845C3F80890E7D82846BDE8F087C6
:1006500015462846BDE8F087036870B51B6A744DDF
:10066000AB4240F0AE800A4690F8A3100446002941
:1006700040F09F80036990F89F00C3F80C0594F840
:100680009E00C3F8140594F8A200012800F09D8094
:10069000C3F86C15B2F5966F45D9B2F5166F40F2F6
:1006A0009F80B2F5965F40F29E80B2F5165F40F2F1
:1006B0009C80B2F5615F40F29A80B2F5964F40F2AD
:1006C0009880B2F5E14F40F2968047F612218A42B7
:1006D00040F29380B2F5164F40F292804DF6C02161
:1006E0008A4240F29080B2F5614F40F28F80B2F5BD
:1006F000963F40F28E80B2F5E13F40F28C80B2F539
:10070000613F40F28B804B498A4240F28D80B2F5C6
:10071000E12F40F28680B2F5612F94BF4FF07062F6
:100720004FF0805201E04FF49E2294F99D00C3F8EF
:100730002425082104F15D020025C3F800150028D6
:10074000C3F8442504F15C01C3F820514FF00102C5
:100750004FF48875C3F83415C3F838251A60C3F808
:10076000045327DB344D410900F01F062B1860317C
:10077000B240602045F8212083F8000394F99D30B1
:10078000002B07DB2C4903F01F0001225B0982408C
:1007900041F8232003220021012000F0A7FB0023C1
:1007A0001A461946C4F8A40000F014FC012384F88A
:1007B000A33070BD214A00F00F031A446023137662
:1007C000DCE7BDE870400022184794F8A010C3F899
:1007D000101594F8A110C3F80815C3F86C0559E773
:1007E0004FF41D22A1E7164A9FE7164A9DE7164AD5
:1007F0009BE7164A99E7164A97E74FF4000294E7F9
:100800004FF41D0291E74FF465028EE74FF46B023F
:100810008BE7104A89E74FF0EB7286E74FF06C7276
:1008200083E74FF0E86280E74FF080627DE700BF2A
:100830005908030090D0030000E100E0FCEC00E068
:1008400000B013000050270000F03A0000A04E0056
:1008500000C0750000903A0190F8A330002B40F0E2
:10086000B08070B50369044690F89F00C3F80C058A
:1008700094F89E00C3F8140594F8A20001284AD009
:10088000B1F5966FC3F86C2554D9B1F5166F40F2E7
:10089000A080B1F5965F40F29F80B1F5165F40F2FF
:1008A0009D80B1F5615F40F29B80B1F5964F40F2BB
:1008B0009980B1F5E14F40F2978047F612229142BC
:1008C00040F29480B1F5164F40F293804DF6C0226D
:1008D000914240F29180B1F5614F40F29080B1F5C4
:1008E000963F40F28F80B1F5E13F40F28D80B1F547
:1008F000613F40F28C804A4A914240F28E80B1F5CD
:10090000E12F40F28780B1F5612F94BF4FF0706204
:100910004FF0805210E094F8A000C3F8100594F84E
:10092000A100C3F8080542F00102B1F5966FC3F8C3
:100930006C25AAD84FF49E2294F99D00C3F8242573
:10094000082104F15D020025C3F800150028C3F852
:10095000442504F15C01C3F820514FF001024FF42B
:100960008875C3F83415C3F838251A60C3F80453E2
:1009700028DB2C4D410900F01F062B186031B240D6
:10098000602045F8212083F8000394F99D30002B66
:1009900007DB244903F01F0001225B09824041F874
:1009A000232003220021012000F0A0FA00231A4690
:1009B0001946C4F8A40000F00DFB012384F8A3300D
:1009C00070BD7047184A00F00F031A446023137675
:1009D000DBE74FF41D22AFE7144AADE7144AABE75B
:1009E000144AA9E7144AA7E7144AA5E74FF40002FE
:1009F000A2E74FF41D029FE74FF465029CE74FF416
:100A00006B0299E70E4A97E74FF0EB7294E74FF0CD
:100A10006C7291E74FF0E8628EE74FF080628BE7EF
:100A200090D0030000E100E0FCEC00E000B0130017
:100A30000050270000F03A0000A04E0000C07500F2
:100A400000903A0108B5054B1BB1054803F030FC96
:100A500000B908BDAFF3008008BD00BF0000000072
:100A6000784F002010B5114C2369D3F810213AB10A
:100A70000022C3F81021D3F83C2572B901221A6074
:100A8000D3F8202102B910BD0021D4F8A400C3F886
:100A90002011BDE8104000F039BD94F85C1004F15D
:100AA000140003F0E5FB2369E8E700BF644F002072
:100AB00038B50E4C0E4A20464FF47A73002540F8A4
:100AC000142BC4E9015303F0C7FB0A4B0A481A6A06
:100AD0009B6984F89F300221A4F8A250C4F8A45066
:100AE000206184F89D1084F89E2038BD644F00205A
:100AF0004C860300D886030000200040F8B500268D
:100B0000C0E900660446866079B108460D4604F0E7
:100B10003AFF0746013000F047F930B1C4E9000759
:100B20000670A760294604F015FF2046F8BD00BFF7
:100B3000F8B588424FF00005C0E9005504468560CD
:100B40000DD00E685EB18F68781C00F02DF930B1C1
:100B5000C4E900070570A760314604F0FBFE20469B
:100B6000F8BD00BF30B5044600238BB0C4E90033A4
:100B7000A360084601A902F049FC01A804F003FFA4
:100B80002368054613B1626890420BD91846691C68
:100B900000F03AF9034668B1A268C4E900050AB951
:100BA00002702368A56001A9184604F0D3FE204610
:100BB0000BB030BD206808B100F010F900232046CA
:100BC000C4E9013323600BB030BD00BF10B504464B
:100BD000006800F003F9204610BD00BF884270B5E0
:100BE00004461FD00D680068ADB18E6810B163680F
:100BF0009E4209D9711C00F007F958B1A368C4E9F5
:100C000000060BB903702068A660294604F0A2FE16
:100C1000204670BD206808B100F0E0F80023C4E968
:100C200001332360204670BD884238B5044612D097
:100C300000680D4628B162688B689A420DD200F0B8
:100C4000CDF8D5E90031AA6823600023C4E9011278
:100C5000C5E90033AB60204638BD096804F07AFE70
:100C6000AB68A3600023AB60204638BD814238B535
:100C7000044612D000680D4628B162688B689A421B
:100C80000DD200F0ABF8D5E90031AA68236000234B
:100C9000C4E90112C5E90033AB60204638BD0968DC
:100CA00004F058FEAB68A3600023AB60204638BD5B
:100CB00070B50446E1B108460D4604F064FE2368B1
:100CC000064613B1626890420BD91846711C00F0B9
:100CD0009BF8034660B1A268C4E900060AB9027035
:100CE0002368A6602946184604F034FE204670BDED
:100CF000206808B100F072F80023C4E901332360D2
:100D0000204670BD30B5836883B0044600688DF816
:100D1000041000225D1C8DF8052010B16268954218
:100D20000AD9991C00F070F870B1A368C4E90005F5
:100D300013B903702068A368184401A904F00AFEDF
:100D40002046A56003B030BD206808B100F046F829
:100D500000232046C4E90133236003B030BD00BF47
:100D6000826808B50B463AB161B1006804F0E8FD4D
:100D7000B0FA80F0400908BD31B11878B0FA80F0BF
:100D8000400908BD0368F8E7012008BD08B5014621
:100D900000238002890D4FF47A7203F09FFCBDE8B6
:100DA000084001F08DBB00BF10B5044601F0E4FD22
:100DB000022804D02046BDE8104003F0A1BE01F097
:100DC0003FFA204603F09CFE044601F0E9FA0CB11C
:100DD000204610BD02F094FDFAE700BF10B50446AE
:100DE00001F0CAFD02280AD144B101F029FA2046D7
:100DF00003F08EFEBDE8104001F0D2BA10BD2046CF
:100E0000BDE8104003F084BE10B582B004460191E5
:100E100001F0B2FD0228019905D0204602B0BDE8DC
:100E2000104004F039BD01F00BFA2046019904F09E
:100E300033FD044601F0B4FA14B1204602B010BDEF
:100E400002F05EFDF9E700BF10B582B0019001F03D
:100E5000F7F9019803F054FE044601F0A1FA14B129
:100E6000204602B010BD02F04BFD204602B010BD7E
:100E700050B110B5044601F0E3F9204603F048FEF6
:100E8000BDE8104001F08CBA704700BF38B51C4671
:100E90009DF8105043B3002908BF1A460123C4E946
:100EA0000F01226084F8463002F0BEF8D4E90F1337
:100EB0002268A26001FB03F1CB1A134400200A440C
:100EC000FF21A063E36084F84410626084F8451059
:100ED00004F1100003F0FAF904F1240003F0F6F92C
:100EE00002F0ACF884F84C50204638BDF8B5064600
:100EF00017460D4669B100FB01F05030FFF7A4FF23
:100F0000044690B3002200F1500380F846200360AD
:100F100007E05020FFF798FF044630B384F84650AE
:100F20002460C4E90F6502F07FF8D4E90F1322684A
:100F3000A26001FB03F1CB1A134400200A44FF21F5
:100F4000A063E36084F84410626084F8451004F103
:100F5000100003F0BBF904F1240003F0B7F902F02C
:100F60006DF884F84C702046F8BD00242046F8BD8A
:100F7000F8B5064650200D46FFF766FF044630B32D
:100F800000272060C66380F84670076402F04CF8C2
:100F9000D4E90F322168A76303FB02F39A1A0A44CB
:100FA0000B44FF26C4E90131E26084F8446004F197
:100FB000100084F8456003F089F904F1240003F07F
:100FC00085F902F03BF80223A56384F84C302046F3
:100FD000F8BD00BF2DE9F047044684B01F460192DA
:100FE000884600F1240602F01FF8A26BE36BDFF8DD
:100FF00040939A424FF0000A7CD3022F00F0E88021
:10100000019D002D00F0128102ADBAF1000F00F039
:10101000DB8002F013F801F013F902F005F894F800
:101020004430FF2B04BF002384F8443094F845304B
:10103000FF2B04BF002384F8453001F0FFFF284652
:1010400001A901F043FC002840F0F68001F0ECFF1C
:10105000A26BE36B9A4261D001F0F0FF01F0E4FF74
:1010600094F845506DB2002D05DC12E06B1E13F0B4
:10107000FF0F5DB20DD0636A304653B101F0C8FB7B
:101080000028F3D001F056FC6B1E13F0FF0F5DB289
:10109000F1D1FF2384F8453001F0D0FF01F0C4FF07
:1010A00094F844506DB2002D15DD04F1100A04E0EF
:1010B0006B1E13F0FF0F5DB20DD02369504653B184
:1010C00001F0A6FB0028F3D001F034FC6B1E13F0F6
:1010D000FF0F5DB2F1D1FF2384F8443001F0AEFF81
:1010E00001F05EF901F0A0FFA26BE36B9A424FF0B2
:1010F000010A82D2226CA56B002A40F0E7802668A4
:10110000002E00F0F9800135A563636A002B7CD1C5
:1011100001F094FF012004B0BDE8F08704F1100A4B
:1011200001F08CFF0199504601F0F6FA01F07CFFC6
:1011300094F845506DB2002D05DC12E06B1E13F0E3
:10114000FF0F5DB20DD0636A304653B101F060FB12
:101150000028F3D001F0EEFB6B1E13F0FF0F5DB221
:10116000F1D1FF2384F8453001F068FF01F05CFF06
:1011700094F844506DB2002D05DC12E06B1E13F0A4
:10118000FF0F5DB20DD02369504653B101F040FB13
:101190000028F3D001F0CEFB6B1E13F0FF0F5DB201
:1011A000F1D1FF2384F8443001F048FF01F0F8F852
:1011B000002897D14FF08053C9F8043040BFBFF3E7
:1011C0004F8FBFF36F8F8DE7284601F073FB20E749
:1011D000226CA56B002A92D04146E06803F0AEFC79
:1011E000226CE36821689B1A8B42E360C2F1000223
:1011F00004D263681A44E260022F84D1002D83D1A7
:101200000123A363636A002B82D004F1240001F060
:10121000FFFA00283FF47CAF454B4FF080525A60F4
:1012200040BFBFF34F8FBFF36F8F71E701F006FF31
:10123000284604B0BDE8F08701F0F6FE94F845506A
:101240006DB2002D15DD04F1240604E06B1E13F0D1
:10125000FF0F5DB20DD0636A304653B101F0D8FA8A
:101260000028F3D001F066FB6B1E13F0FF0F5DB298
:10127000F1D1FF2384F8453001F0E0FE01F0D4FE07
:1012800094F844506DB2002D15DD04F1100604E011
:101290006B1E13F0FF0F5DB20DD02369304653B1C2
:1012A00001F0B6FA0028F3D001F044FB6B1E13F0F6
:1012B000FF0F5DB2F1D1FF2384F8443001F0BEFE90
:1012C00001F06EF8002004B0BDE8F087414607BB8E
:1012D000A06803F033FCA368216C62680B4493425E
:1012E000A360FFF410AF0135A563636A2268A260B2
:1012F000002B3FF40DAF88E76068013501F092FBE9
:10130000A563636A6660002B7FF47FAF002883D1FA
:10131000FEE6E06803F012FC226CE36821689B1A89
:101320008B42E360C2F10002BFF466AF61E700BF29
:1013300000ED00E0F8B50C4679B3002501232160EB
:10134000C1E90F3581F84630064601F06DFED4E95B
:101350000F322168A56303FB02F39A1A0A440B4477
:10136000FF27C4E90131E26084F8447004F1100001
:1013700084F8457002F0AAFF04F1240002F0A6FFF1
:1013800001F05CFEC4E90055E56084F84C602B4632
:101390002A4629462046FFF71DFE2046F8BD00BF1D
:1013A000F8B506465020FFF74FFD044670B3002500
:1013B00001232060C0E90F3580F8465001F034FE6B
:1013C000D4E90F322168A56303FB02F39A1A0A4499
:1013D0000B44FF27C4E90131E26084F8447004F152
:1013E000100084F8457002F071FF04F1240002F04F
:1013F0006DFF01F023FEC4E90055E56084F84C6000
:101400002B462A4629462046FFF7E4FD2046F8BD34
:101410002DE9F043044683B016469946EFF3118850
:10142000402282F31188806BE26B90421ED3022B24
:1014300005D0002088F3118803B0BDE8F08394F84C
:101440004550226CA76B6DB232BB2368002B47D08E
:1014500001376B1CA76335D001356DB284F8455058
:10146000012088F3118803B0BDE8F08394F845505B
:10147000226CA76B6DB2002AE7D0002B38D1A06890
:1014800003F05CFBA368216C62680B449342A36089
:1014900024BF2368A360DBE7E06803F04FFB226C06
:1014A000E0682168801A8842E060C2F1000205D23B
:1014B00061680A44E260B9F1020FC9D1012F38BF57
:1014C0000127C6E7636A002BCAD004F1240001F0AB
:1014D0009FF90028C4D0002EC2D001203060A9E7B7
:1014E0006068019301F09EFA019B63600137B0E7E9
:1014F000E06803F023FB226CE0682168801A8842D0
:10150000E060C2F10002D6D2D2E700BF10B582B0CF
:10151000EFF31184402383F31188836BC26B9A42EB
:101520000FD990F845200133FF2A836353B20DD0C1
:1015300001335BB280F84530012084F3118802B09A
:1015400010BD002084F3118802B010BD436A002B47
:10155000F2D02430019101F05BF90028ECD0019920
:101560000029E9D001200860ECE700BF2DE9F04335
:10157000044685B00F46019201F056FDA56B002D83
:1015800040F02781019B002B00F0D28002A801F0DF
:1015900091F9DFF88C8204F1240601F04FFD00F090
:1015A0004FFE01F041FD94F84430FF2B04BF0023AF
:1015B00084F8443094F84530FF2B04BF002384F8AE
:1015C000453001F03BFD01A902A801F07FF9002898
:1015D0005BD101F029FDA36B002B40F0AF8001F03F
:1015E0002DFD0199304601F097F801F01DFD94F8AA
:1015F00045506DB2002D05DC12E06B1E13F0FF0F9D
:101600005DB20DD0636A304653B101F001F9002894
:10161000F3D001F08FF96B1E13F0FF0F5DB2F1D123
:10162000FF2384F8453001F009FD01F0FDFC94F83A
:1016300044506DB2002D15DD04F1100904E06B1E5D
:1016400013F0FF0F5DB20DD02369484653B101F08E
:10165000DFF80028F3D001F06DF96B1E13F0FF0FD7
:101660005DB2F1D1FF2384F8443001F0E7FC00F0D3
:1016700097FE002853D14FF08053C8F8043040BF84
:10168000BFF34F8FBFF36F8F49E001F0CDFC94F8AB
:1016900045506DB2002D05DC12E06B1E13F0FF0FFC
:1016A0005DB20DD0636A304653B101F0B1F8002845
:1016B000F3D001F03FF96B1E13F0FF0F5DB2F1D1D3
:1016C000FF2384F8453001F0B9FC01F0ADFC94F83B
:1016D00044506DB2002D15DD04F1100904E06B1EBD
:1016E00013F0FF0F5DB20DD02369484653B101F0EE
:1016F0008FF80028F3D001F01DF96B1E13F0FF0FD7
:101700005DB2F1D1FF2384F8443001F097FC00F082
:1017100047FE01F089FCA36B53B101F08FFC01F08F
:1017200083FCA56B002D54D1019B002B7FF435AFBA
:1017300001F084FC002005B0BDE8F08301F07EFCE0
:1017400001F072FC94F845506DB2002D05DC12E0FA
:101750006B1E13F0FF0F5DB20DD0636A304653B1BC
:1017600001F056F80028F3D001F0E4F86B1E13F0F6
:10177000FF0F5DB2F1D1FF2384F8453001F05EFC2C
:1017800001F052FC94F844506DB2002D15DD04F1C7
:10179000100904E06B1E13F0FF0F5DB20DD023693A
:1017A000484653B101F034F80028F3D001F0C2F8F4
:1017B0006B1E13F0FF0F5DB2F1D1FF2384F84430AC
:1017C00001F03CFC00F0ECFD01F02EFCA56B002DBF
:1017D000AAD0226C52B1E168636811449942E16079
:1017E00024BF2168E160384603F0A8F9013DA563F4
:1017F00023692BB901F022FC012005B0BDE8F0837C
:1018000004F1100001F004F80028F3D0044B4FF06D
:1018100080525A6040BFBFF34F8FBFF36F8FE9E72D
:1018200000ED00E02DE9F043044685B000F1240608
:10183000019101F0F9FBA36BDFF8DC820027B946C8
:10184000002B40F0D780019D002D00F0418102ADBA
:10185000B9F1000F00F0DE8001F0F0FB00F0F0FCC9
:1018600001F0E2FB94F84430FF2B04BF002384F81E
:10187000443094F84530FF2B04BF002384F84530F2
:1018800001F0DCFB284601A901F020F800285FD117
:1018900001F0CAFBA36B002B40F0C88001F0CEFB27
:1018A0002368002B00F01B810199304600F034FFC3
:1018B00001F0BAFB94F845506DB2002D05DC12E042
:1018C0006B1E13F0FF0F5DB20DD0636A304653B14B
:1018D00000F09EFF0028F3D001F02CF86B1E13F0EF
:1018E000FF0F5DB2F1D1FF2384F8453001F0A6FB74
:1018F00001F09AFB94F844506DB2002D15DD04F10F
:10190000100904E06B1E13F0FF0F5DB20DD02369C8
:10191000484653B100F07CFF0028F3D001F00AF8EC
:101920006B1E13F0FF0F5DB2F1D1FF2384F844303A
:1019300001F084FB00F034FD002853D14FF08053B8
:10194000C8F8043040BFBFF34F8FBFF36F8F49E03B
:1019500001F06AFB94F845506DB2002D05DC12E0F1
:101960006B1E13F0FF0F5DB20DD0636A304653B1AA
:1019700000F04EFF0028F3D000F0DCFF6B1E13F0E8
:10198000FF0F5DB2F1D1FF2384F8453001F056FB23
:1019900001F04AFB94F844506DB2002D15DD04F1BE
:1019A000100904E06B1E13F0FF0F5DB20DD0236928
:1019B000484653B100F02CFF0028F3D000F0BAFFE6
:1019C0006B1E13F0FF0F5DB2F1D1FF2384F844309A
:1019D00001F034FB00F0E4FC01F026FBA36BEBB15B
:1019E00001F02CFB01F020FBA36B4FF00109002B51
:1019F0003FF429AF2268013BA363002A00F08880EE
:101A00002369002B74D101F019FB0127384605B07A
:101A1000BDE8F083284600F04DFF1DE701F00EFB06
:101A2000002F4AD1384605B0BDE8F08301F006FB2F
:101A300001F0FAFA94F845506DB2002D05DC12E081
:101A40006B1E13F0FF0F5DB20DD0636A304653B1C9
:101A500000F0DEFE0028F3D000F06CFF6B1E13F0E8
:101A6000FF0F5DB2F1D1FF2384F8453001F0E6FAB3
:101A700001F0DAFA94F844506DB2002D15DD04F14E
:101A8000100904E06B1E13F0FF0F5DB20DD0236947
:101A9000484653B100F0BCFE0028F3D000F04AFFE6
:101AA0006B1E13F0FF0F5DB2F1D1FF2384F84430B9
:101AB00001F0C4FA00F074FC94E701F0B5FA616A31
:101AC00019B1236B1968C1F10501606800F0DAFFF4
:101AD00001F0B4FA0027384605B0BDE8F08301F004
:101AE000A3FA606800F058FF074601F0A7FADBE6AA
:101AF00004F1100000F08CFE002884D0064B4FF05B
:101B000080525A6040BFBFF34F8FBFF36F8F7AE7A9
:101B100000F0F2FF606073E700ED00E010B50446EE
:101B200082B001F081FAA06B019001F087FA019870
:101B300002B010BD104B5A68904208D0DA6890424B
:101B400008BF012204D090F8463093B170470022BC
:101B5000002110B403EBC20443F8321090F8463071
:101B6000616013B15DF8044B70475DF8044BFFF7FB
:101B70007FB9FFF77DB900BF3C5A0020074B1A68B8
:101B80001AB19A6802B17047012210B403EBC20483
:101B900043F8321060605DF8044B70473C5A0020F7
:101BA00070B504460E46154601F03EFA94F84430EE
:101BB000FF2B04BF002384F8443094F84530FF2BFA
:101BC00004BF002384F8453001F038FAA36B002BE2
:101BD00045D001F029FA94F845506DB2002D15DD7D
:101BE00004F1240604E06B1E13F0FF0F5DB20DD06C
:101BF000636A304653B100F00BFE0028F3D000F0CA
:101C000099FE6B1E13F0FF0F5DB2F1D1FF2384F834
:101C1000453001F013FA01F007FA94F844506DB220
:101C2000002D15DD04F1100604E06B1E13F0FF0F0C
:101C30005DB20DD02369304653B100F0E9FD0028B4
:101C4000F3D000F077FE6B1E13F0FF0F5DB2F1D101
:101C5000FF2384F84430BDE8704001F0EFB92A4614
:101C6000314604F1240000F093FDB2E72DE9F04184
:101C7000044601F0D9F9344A344D13680133136036
:101C80002B68002B30D0324E336833B3E36A3148CF
:101C9000314907680A689F4238BF03602F48013204
:101CA00003EB83030A6000EB8300E263211D02F073
:101CB0001DFB01F0C3F933686BB12A68E36AD26A8D
:101CC0009A4208D2264B4FF080525A6040BFBFF371
:101CD0004F8FBFF36F8FBDE8F0812A68E36AD26A45
:101CE0009A4298BF2C60D2E72C601368012B02D077
:101CF000E36A174ECBE71948DFF89080194F144E6E
:101D000002F0E4FA184802F0E1FA184802F0DEFAAC
:101D1000174802F0DBFA174802F0D8FA404602F002
:101D2000D5FA384602F0D2FA134802F0CFFA134837
:101D300002F0CCFA124802F0C9FA124B124AC2F869
:101D400000801F60E36AA2E77C5000200C50002056
:101D5000DC500020905000208C50002018500020B3
:101D600000ED00E0A85000202C5000204050002042
:101D70005450002068500020C8500020F45000202B
:101D8000E0500020145000201050002094500020FB
:101D90002DE9F843DDE909C4002C66D0BCF1000F41
:101DA00060D00D46960098460223324684F85130A2
:101DB000A5210746C4F830C0604602F0E7FE2A7845
:101DC00084F83420236B2978321F1A4422F0070646
:101DD00001B36B7884F835306B78DBB1AB7884F87D
:101DE0003630AB78B3B1EB7884F83730EB788BB121
:101DF0002B7984F838302B7963B16B7984F83930DA
:101E00006B793BB1AB7984F83A30AB7913B1EB79AC
:101E100084F83B30089D042D28BF04254FF00009AD
:101E2000E5626564201D84F83B90C4F8489002F098
:101E300059FAC5F1050504F1180002F053FAC4F887
:101E40004C9042463946A561246184F85090646202
:101E5000304601F0ADF820602046FFF707FF20462E
:101E6000BDE8F8836046BDE8F8832046BDE8F88306
:101E70002DE9F0479600804630460D469946FEF71C
:101E8000E3FF002862D007465420FEF7DDFF04463A
:101E900000285FD000230763324684F8513038466B
:101EA000A52102F073FE2B7884F834302B78D4F817
:101EB00030A003B36B7884F835306B78DBB1AB7846
:101EC00084F83630AB78B3B1EB7884F83730EB7800
:101ED0008BB12B7984F838302B7963B16B7984F826
:101EE00039306B793BB1AB7984F83A30AB7913B1C7
:101EF000EB7984F83B30089D042D28BF042500278A
:101F0000E5626564201D84F83B70A764043E02F01E
:101F1000E9F9C5F1050504F11800564402F0E2F9AB
:101F2000E764A56126F0070084F8507024616462BC
:101F30004A46414601F03CF8099B206003B11C6011
:101F40002046FFF793FE0120BDE8F0874FF0FF30F9
:101F5000BDE8F0873846FEF78BFF4FF0FF30F3E720
:101F600070B50446534E01F05FF8002C00F08280FB
:101F7000251D284602F0E2F9A36A1BB104F11800FE
:101F800002F0DCF929464C484C4D02F0AFF994F8C8
:101F90005030012B04BF002384F8503001F04EF87C
:101FA0002B68002B57D13368A34200D070BD2B683B
:101FB000002B66D14049424A0968126891426AD0B2
:101FC000404B1B68002B68D13F4A1360326833686E
:101FD00012681B6B9A4266D93C4C3D4B226802EB5F
:101FE000820080009100185828BB501E00EB80052D
:101FF000AD0081005D59002D53D1901E00EB80058E
:10200000AD0081005D59002D4BD1D01E00EB800545
:10201000AD0081005D59002D43D1101F00EB8005FC
:10202000AD0081005D59002D3BD1053A02EB8200E5
:10203000800091001858114403EB81000346416869
:10204000496841600833994204BF49684160CB68E0
:102050003360226070BD00F0E7FF1E4B1A68126803
:1020600052B11A681C4BD268D26852681A6000F0EC
:10207000E5FF98E734687BE7174B4FF0FF321A60B3
:10208000F5E7164B4FF080525A6040BFBFF34F8FB9
:10209000BFF36F8F70BD336070BD0B4B01221A60B0
:1020A00070BD0246C7E730683168343101F026FC64
:1020B00092E700BF0C500020E0500020DC500020D0
:1020C0007C500020885000200C51002090500020AF
:1020D0001850002010500020C050002000ED00E0FB
:1020E00098B130B51D4D2B68834283B004460AD0A9
:1020F00000F09AFF1A4B62699A4207D003B0BDE81C
:10210000304000F09BBF03B030BD7047A36A154A52
:102110009342F3D0002BF1D1211D0846019102F02A
:102120000DF9114AE36A1068019983420F4888BF8C
:10213000136003EB830300EB830002F0D7F82B68F6
:10214000E26ADB6A9A42D9D3094B4FF080525A6057
:1021500040BFBFF34F8FBFF36F8FCFE70C5000200E
:10216000E0500020C850002090500020185000205F
:1021700000ED00E070B584B0002503AA02A901A813
:10218000CDE9015501F0BEFB019C002C46D0029820
:10219000002843D0039E20630223B6003246A521C7
:1021A00084F8513002F0F2FC206B1F4B6363043E55
:1021B0000644C4E91155201D84F8385084F83B507A
:1021C000E56202F08FF804F1180002F08BF826F0B7
:1021D000070605231549A3612A46E56430462461B4
:1021E000646284F8505000F0E3FE20602046FFF760
:1021F0003DFD0F4B1C6000F0EFFD012811D1402385
:1022000083F311880B490C4A0C4B4FF0FF340C60E0
:1022100010601D6000F0E2FE04B070BD044B0022AF
:102220001A6004B070BD00BF49444C454525030009
:10223000BC500020C0500020DC500020085100207D
:10224000024A136801331360704700BF88500020B2
:10225000014B1868704700BF08510020024A1368FC
:1022600018441060704700BF085100202DE9F04F5E
:10227000404B1B6883B0002B46D13F4B1E68013694
:102280001E60002E4ED0DFF808B1DBF80030B342FC
:102290005FD83A4F3B681D68002D65D0DFF8F480A9
:1022A000DFF8F4A0DFF8F490002522E0019102F0BD
:1022B00045F8A36A019904F1180013B102F03EF841
:1022C0000199E36AD8F8002003EB830093420AEBFC
:1022D000800088BFC8F8003002F008F8D9F8002064
:1022E0003B68E16AD26A1B68914228BF0125002B36
:1022F0003AD03B68DB68DC686368211D9E42084673
:10230000D4D2CBF8003004E01D4A136801331360C7
:1023100000251C4B1B68002B0CBF2846012003B076
:10232000BDE8F08F154B184A1868184914681C60EE
:1023300010600A6801320A601A6812685AB9DFF838
:1023400050B04FF0FF33CBF80030DBF80030B34231
:102350009FD90025DDE71B68DFF834B0DB68DB6858
:102360005B68CBF8003090E74FF0FF33CBF80030DC
:10237000CFE700BF885000200851002010500020F7
:10238000845000200C51002014500020C450002024
:10239000C050002090500020185000200C50002009
:1023A0002DE9F04F83B000F03FFE3A4B1A68013A36
:1023B0001A601B68002B55D1374B1B68002B51D07E
:1023C000364D2B68002B62D0354EDFF8EC80354F50
:1023D000DFF8E8904FF0010AEB68DC6804F1040BC9
:1023E00004F1180001F0AAFF584601F0A7FFE36AC4
:1023F000326803EB83009342594608EB800088BFA4
:10240000336001F073FF3B68E26ADB6A9A4231D3C2
:10241000C9F800A02B68002BDED1234B1A68126884
:10242000002A2FD01A68214BD268D26852681A60ED
:102430001F4E346844B10125FFF718FF08B1C9F8F1
:102440000050013CF8D13460D9F8003053B1194B39
:102450004FF080525A6040BFBFF34F8FBFF36F8F72
:10246000012000E00020019000F0E8FD019803B099
:10247000BDE8F08F2B68002BAED10B4B1A681268A9
:10248000002ACFD1094B4FF0FF321A60D0E7DFF8B6
:102490002C90CDE7885000207C500020C8500020B0
:1024A000905000200C50002010500020C050002000
:1024B0008450002000ED00E0185000200C51002056
:1024C00070B548B9184B4FF080525A6040BFBFF307
:1024D0004F8FBFF36F8F70BD144A15491368154DA8
:1024E000013313600E6804462868043001F026FFAB
:1024F0002B68A4195C600FD20F4B1868296804314F
:1025000001F004FF0D4B1A68944238BF1C60FFF7BE
:1025100047FF0028D6D070BD094B186829680431E0
:1025200001F0F4FEF3E700BF00ED00E0885000206A
:10253000085100200C50002010500020C0500020F6
:10254000145000202DE9F84F3A4CDFF804913A4D31
:102550003A4EDFF800813A4FDFF8FCB02368EBB168
:1025600000F062FDD9F80C30D3F80CA00AF1040099
:1025700001F0E4FE2B68013B2B602368013B2360E4
:1025800000F05CFD9AF85130002B34D0012BE5D1DE
:102590005046FEF76DFC2368002BE1D13368012B18
:1025A00008D94FF08053CBF8043040BFBFF34F8FB2
:1025B000BFF36F8F00F0E4FED8F800301BBB3B6820
:1025C000DB6A002BCAD13368012BC7D81D4B1E4ACA
:1025D0001B6812689B1A012BC0D91C4A136801336F
:1025E0001360D8F80030A3B13B68DB6A03B93368E5
:1025F000FFF7D6FEB2E7DAF83000FEF739FC5046B6
:10260000FEF736FCAAE73B68DB6A002BA6D13368ED
:10261000A4E73B68DB6A002BEAD13368012BE7D8DB
:10262000084B1868084B1B68C01A0128E0D900F055
:1026300075FDDDE7805000207C5000201850002000
:102640000C500020C050002008510020885000206D
:10265000F45000209050002000ED00E0294B1B6852
:102660001BB1294B01221A607047274A70B5274CCD
:1026700013602268236812681B6B9A423CD9244D70
:10268000244B2A6802EB820080009100185808BB96
:10269000501E00EB8006B60081009E5956BB901E6E
:1026A00000EB8006B60081009E591EBBD01E00EBD9
:1026B0008006B60081009E59E6B9101F00EB800627
:1026C000B60081009E59AEB9053A02EB8200800047
:1026D00091001858114403EB810003464168496892
:1026E00041600833994204BF49684160CB68236068
:1026F0002A6070BD0246EDE720682168343101F0A0
:10270000FDF8BCE7885000200C5100200C50002040
:10271000905000201850002070B5174D2B680C46C3
:1027200003F1180101F0F2FD144B1E682868043013
:1027300001F004FE631C17D02B68A4195C6007D35A
:102740000F4B18682968BDE87040043101F0DEBD08
:102750000C4B18682968043101F0D8FD0A4B1A683F
:10276000944238BF1C6070BD29680848BDE87040BD
:10277000043101F0BBBD00BF0C5000200851002007
:102780001450002010500020C0500020E0500020C5
:1027900070B5194D2B6816460C4603F1180101F06F
:1027A000A5FD164B5EB11B682868043001F0C6FD1C
:1027B00029681348BDE87040043101F097BD1E68D8
:1027C0002868043001F0BAFD2B68A4195C6007D3B7
:1027D0000C4B18682968BDE87040043101F096BDC3
:1027E000094B18682968043101F090FD074B1A68FD
:1027F000944238BF1C6070BD0C500020085100206E
:10280000E05000201450002010500020C050002044
:1028100030B5C368DC6804F1180583B0284601F0C0
:102820008DFD1C4B1B683BBB211D0846019101F02F
:1028300085FD194AE36A106801998342174888BFE9
:10284000136003EB830300EB830001F04FFD144B97
:10285000E26A1B68DB6A9A4282BF124B0120186051
:10286000114B1A68126898BF002052B90F4B4FF0F5
:10287000FF321A6003B030BD0D48294601F036FD25
:10288000E5E71A68094BD268D26852681A6003B04B
:1028900030BD00BF8850002090500020185000200C
:1028A0000C5000200C51002010500020C05000207F
:1028B000C8500020034A044B12681B68C0E900237B
:1028C000704700BFC450002008510020F0B50D46ED
:1028D00083B0044600F0A8FB2B68144A591C10680A
:1028E0001DD0DFF84CC0D4E90061DCF80070BE42B6
:1028F00008D0814206D80120019000F09FFB01988A
:1029000003B0F0BD471ABB420BD91B1A0B44DCF8CD
:10291000001012682B600020C4E90012ECE70020D0
:10292000EAE700232B600120E6E700BF0851002002
:10293000C4500020014B01221A6070470C51002046
:10294000094B186818B9094B1B6813B17047002070
:102950007047074A074B10681B68013B984214BF39
:1029600001200220704700BFC85000200C510020F9
:10297000E05000207C500020054B1B6833B1054B14
:102980001B68002B0CBF02200020704701207047FD
:10299000DC5000208850002070B5044682B0C8B1D9
:1029A0001D4DC36A2A68D26A934215D28269002AF1
:1029B00004DB2A68D26AC2F105028261174E62699D
:1029C00003EB830306EB83039A420ED02B68DB6A8A
:1029D000E362012002B070BD2B68406CDC6AA0424B
:1029E0002CBF0020012002B070BD211D08460191BE
:1029F00001F0A4FC2A680A4BD06A1A680199E062C7
:102A0000904200D9186000EB800006EB800001F0D6
:102A10006DFC0120DEE700BF0C50002018500020A4
:102A20009050002068B130B5836CC16A426C013BA4
:102A3000914283B00446836400D023B1002003B0E8
:102A400030BD00207047011D0846019101F076FC61
:102A50000A4A636C1068E3628342094888BF1360C6
:102A6000C3F1050503EB830300EB83000199A56126
:102A700001F03CFC012003B030BD00BF90500020AD
:102A80001850002070B130B5426CC36A914238BF13
:102A900011468B4283B0044602D0826C012A02D0D8
:102AA00003B030BD70478269114DC162002A03EB4B
:102AB00083034269A8BFC1F1050105EB8303A8BFE9
:102AC00081619A42ECD1011D0846019101F036FC6A
:102AD000084BE06A1A680199904288BF186000EBC1
:102AE000800005EB800003B0BDE8304001F0FEBB84
:102AF0001850002090500020044B1A681AB1196831
:102B00008A6C01328A641868704700BF0C5000203C
:102B10002DE9F0431D4EDFF87C9085B04FF00008A2
:102B20000CE0DB68DC681F68251D284601F006FC08
:102B3000636A20469847E369012B0AD033681A6814
:102B4000002AEED1124A11683160136005B0BDE869
:102B5000F083A3693B449F42294610D3D9F8003043
:102B6000002BEBD0CDE900870294FFF705FF00238F
:102B7000D9F800001A466946FEF72CFADEE73068FD
:102B80006360246101F0C2FBD8E700BF1051002050
:102B900014510020945300202DE9F04F894E8A4CA7
:102BA000DFF82C82894DDFF82CA28BB03368D3F884
:102BB00000B0BBF1000F00F0A980DB68D3F800B0D3
:102BC000FFF73EFBFFF744FB22688242814600F29A
:102BD000AE808345206040F2BF8000222868ABEBC6
:102BE0000901FEF7DDFFFFF7DBFB40B94FF0805333
:102BF000CAF8043040BFBFF34F8FBFF36F8F286810
:102C0000002202A9FEF7B2FC0028CFD0029B002BC5
:102C100073DBDDF81090D9F814301BB109F1040012
:102C200001F08CFBFFF714FB236898420746C0F0C5
:102C30008580029B2760092BE1D801A252F823F07E
:102C4000692C0300692C0300692C0300FF2B03008F
:102C5000C32C0300EB2C0300692C0300692C030038
:102C6000FF2B0300C32C03000398D9F81830C9F8D0
:102C70001090C2182CBF01210021BA42C9F80420CB
:102C80005FD8381A834228D8D9F824304846984764
:102C9000D9F81C302868012BB2D10028B0D0D9F85F
:102CA0001820039B00211344CDE907390691FFF753
:102CB00063FE002328681A4606A9FEF78BF92868E8
:102CC0009EE7039BC9F81090DA19BA42C9F8183088
:102CD000C9F8042039D8002B91D0D8F8000009F1A8
:102CE000040101F013FB28688AE799F82C30002BC7
:102CF00085D14846FEF7BCF881E7039BDDE9040176
:102D00009847029B002BFFF67AAF82E7FFF798FA0D
:102D1000FFF79EFA22689042814608D3D8F8002037
:102D2000C4F800901268B2FA82F2520956E7FFF72F
:102D3000EFFEC4F80090FFF733FB60E7FFF7E8FE13
:102D400077E7B84201D900299ED0306809F1040123
:102D500001F0DCFA286853E7FFF722FB3268D268FB
:102D6000D768391D0846019101F0E8FAF869019920
:102D7000012803D07B6A3846984740E7BA693F612B
:102D80000BEB02004845786003D9306801F0BEFAC9
:102D9000F0E7A9EB0B039A420FD82B68002BE9D080
:102DA0000023CDE9063B0897FFF7E6FD00232868DE
:102DB0001A4606A9FEF70EF9DCE7D8F8000001F084
:102DC000A5FAD7E71051002040530020945300206B
:102DD0001451002000ED00E0F0B51F4C89B000F068
:102DE00023F92568F5B100F029F92068C0B1002465
:102DF00007AA06A905A8CDE9054400F091FDDDE983
:102E000005310222CDE900210293079A13491448A3
:102E10002346FEF7BDFF134B1860001B18BF0120AF
:102E200009B0F0BD104F114E384601F04FFA304650
:102E300001F04CFA0E4A0F4900950F4B17600E60D7
:102E40000E4A10212020FEF721F820600028CAD069
:102E50000B49FEF793FEC6E79453002080860300DB
:102E6000992B030098530020185300202C53002066
:102E7000105100201451002044530020185100200C
:102E8000788603002DE9F04F074685B0302088464C
:102E900016461D46FDF7D8FF0446A0B1DFF8849022
:102EA00000F0C2F8D9F800308BB100F0C7F80E9BE3
:102EB0006362C4E9068627602562201D01F012FACC
:102EC000002384F82C30204605B0BDE8F08FDFF8F1
:102ED00058B0DFF858A00393584601F0F7F9504670
:102EE00001F0F4F90A4A0B49039B00932020C2F831
:102EF00000B0C1F800A0084B084A1021FDF7C6FF3A
:102F0000C9F800000028D0D00549FEF737FECCE70D
:102F1000105100201451002044530020185100206B
:102F20007886030094530020185300202C5300206F
:102F300050B5144E346885B0C4B10529CDE90012EE
:102F400002900BDCFFF718FD022812D00023306836
:102F50001A466946FEF73EF805B050BD1A462046AF
:102F600000236946FEF754FA05B050BD204605B06F
:102F700050BD3068089A00236946FEF72BF805B06B
:102F800050BD00BF9453002010B5044682B000F03D
:102F90004BF86069003818BF0120019000F04EF82E
:102FA000019802B010BD00BF402383F31188FEE7F3
:102FB00030B46FF00203084C40F80C4C4FF08075B1
:102FC00040F8045C40F8081C40F8202C40F8243CF1
:102FD00030BC4438704700BFA92F03000F4C08B520
:102FE000E02384F8223000F07BF80D4B0D4A0021DD
:102FF0001960D4F8883043F47003C4F888305368FB
:1030000043F040435360236943F01003236100F011
:1030100065F9402383F31188FEE700BF00ED00E06F
:103020009C53002030EF00E0402383F31188024AD4
:1030300013680133136070479C530020034A1368E0
:10304000013B13600BB983F3118870479C53002038
:1030500041DF704712DF704770B51D4B00221A60C8
:1030600082B01B680193019BEFF31186402383F329
:1030700011881849184BD1F804451A601B68009351
:10308000009BFFF7E5F8201A20F07F4323F00103AF
:1030900020F07F459BB96C1E6DB10025FFF7E6F867
:1030A000013C631C45EA0005F8D125B10B4B4FF0FC
:1030B00080525A6040BF86F3118802B070BDFFF79E
:1030C0005BFC0228E7D0FFF7D1F80546EDE700BF2B
:1030D00040110140001001400011014000ED00E0EE
:1030E0000B4B0C4930B41F200B4DC3F808050122CF
:1030F0000224E020C3F804232A601A60C3F8444382
:1031000081F811034FF400330B6030BC704700BFEF
:103110000010014000E100E0081001402DE9F041FD
:10312000054684B0EFF3108272B6614CA36883B990
:10313000604B61480121A160D3F8801001402160FB
:10314000C3F88000D3F8841061604FF0FF31C3F8FA
:10315000841002B962B6594ED6F80485FFF7F0FB29
:1031600078B3574F574AAF4228BF2F4607EB0803A3
:1031700023F07F4301214FF0000CC6F80813C6F876
:103180004035C2F800C0136801934FF480330198B2
:10319000C6F80433BFF34F8F25BBC6F8083315605C
:1031A0001268494B0392039A1D601B680293414BBE
:1031B000029AC6F804134FF40032D6F80415C3F887
:1031C0008021A3685BB1EFF3108272B6394B21689E
:1031D0001960616859600023A36002B962B604B047
:1031E000BDE8F081F1EE103A23F09F03E1EE103AD2
:1031F000F1EE103A2F4D4023C5F8843103A88DF825
:103200000CC0FFF727FF9DF80C30002B4DD12B464B
:1032100020BFD3F80011D3F804210A43F8D0274B7C
:103220002848294A4FF48031C3F80813002101606F
:1032300000680390039811601268029201220299BB
:10324000C3F80423D3F804351A4AA3EB080828F07E
:103250007F48474528BF47464FF40033012FC2F847
:10326000803120D9781EFEF7F9FF184BDB68DA01B0
:103270000FD5174A1368DB070BD5164B516803FBB4
:1032800007F7A7F57427A7F51077BF0A01EB871793
:103290005760FEF7EBFF002893D00F4B4FF08052A2
:1032A0005A6040BF8DE7F4D08BE7FFF7D1FEB6E759
:1032B0004C5A002000E100E0FC06FFBD0010014078
:1032C000FDFFFF004011014000110140F0ED00E062
:1032D000001000E040420F0000ED00E007480068E9
:1032E00080F3088862B661B6BFF34F8FBFF36F8F6C
:1032F0004FF0E00080F3118800DF00BF00600200A3
:10330000064B19680868B0E8F04F80F30988BFF3EE
:103310006F8F4FF0000080F3118870470C50002031
:10332000EFF30980BFF36F8F144B1A681EF0100F74
:1033300008BF20ED108A20E9F04F10604DF8043DE1
:103340004FF0400080F31188BFF34F8FBFF36F8FB2
:10335000FFF784F94FF0000080F3118808BC19686A
:103360000868B0E8F04F1EF0100F08BFB0EC108AEC
:1033700080F30988BFF36F8F704700BF0C500020A7
:10338000704700BF00293ED0931E222B3BD8F0B4DB
:103390000A2A8AB0044631D0002001AF3B467CB1F6
:1033A000B4FBF2F502FB1546092E2C4606F1570533
:1033B00098BF06F13005EDB203F8015B002CEFD1A8
:1033C000302201E003F8012BBB42FBD00D4688B947
:1033D000BB4209D96C1E1A4612F8010D04F8010F00
:1033E000BA42F9D19B1A1D44002308462B700AB03B
:1033F000F0BC70472D2205F8012BE9E70028CBDA55
:1034000044420120C9E70020704700BFFFF7BABF60
:103410000A490B4A0B4B9B1A03DD043BC858D0509A
:10342000FBDC094809494FF0AD3202600430043931
:10343000FBD100F093F8F2F70BFF0000608A030065
:10344000003600205038002000F80020000800005E
:10345000FEE7FEE7FEE7FEE7FEE7FEE7FEE7FEE744
:10346000FEE7FEE708B5F3F731F8114BBBB1114B9E
:1034700063B1F3F701F900F035FAFDF7E3FAF3F77A
:10348000FBF800F02FFAFDF7DDFAF2E7F3F7F4F8B6
:1034900000F028FAF3F7F0F800F024FAF6E7F3F773
:1034A000EBF800F01FFAF3F7E7F800F01BFAF6E785
:1034B00000000000450A030000B583B000F0BAFC2C
:1034C00000F0A6FC0E4B019301230E4900934FF42C
:1034D000806200230C48FEF7CBFC4FF4407000F0F4
:1034E00023FBFEF747FEBFF34F8F0849084BCA681E
:1034F00002F4E0621343CB60BFF34F8F00BFFDE7E0
:10350000A0530020888603006534030000ED00E02E
:103510000400FA05034B93F8A30000B9704718465E
:10352000FDF770B8644F0020FDF73EBCFDF756BCB8
:10353000084A094908B513681844884202D810603F
:10354000184608BD01F08CFA0C2303604FF0FF33DE
:10355000184608BD5436002000F80020914B1B6827
:1035600030B45D1C00F0F5808F4A1268062B00F025
:10357000E5808E4B1B78062B00F0CF80894B1B68B3
:103580005C1C00F0C380884A1268062B00F0B380F0
:10359000864B1B78062B00F09B80824B1B68581CC7
:1035A00000F08F80804A1268062B7CD07F4B1B78FE
:1035B000062B5AD07B4B1B68591C1ED07A4A062B0F
:1035C00011680FD07A4AD2F8883043F47003C2F8F9
:1035D0008830BFF34F8FBFF36F8F764B764A1A60F8
:1035E00030BC7047CA1E032A40F2128103390329F6
:1035F00040F2B6806C4B1B68C2E06C496F4A097898
:1036000012680629C2F30312DCD1033A032A40F2FE
:10361000FF80664A694B12781B68062AC3F30313BE
:10362000D0D1033B032B40F29B80604A634B12785E
:103630001B68062AC3F3031308BF4FF0FF32C1D142
:10364000033B032B40F2A280574B1B68062AB9D1DB
:10365000033B032BB6D85A4AD35C002BB2D0594A4D
:10366000136843F480631360ACE7544B1B68C3F3E7
:103670000313033B032B9DD8534AD25C12B1534A28
:1036800003211160524AD35C002B93D0514A524C13
:103690005249534B05201060012500203F22256030
:1036A00008601A6086E7033A032A3FF67FAF4FF0BF
:1036B00080430022C3F80C21C3F81021C3F8382539
:1036C00074E73E4A394B12681B78C2F303126BE76A
:1036D0003A4B1B68C3F30313033B032B3FF65DAF69
:1036E000404AD35C002B3FF458AF3F4AD36823F0E5
:1036F0008073D36051E7033A032A3FF649AF3B4B4F
:103700003B4A1B68C3F34233136041E72B4A274B04
:1037100012681B78C2F3031237E7284B1B68C3F308
:103720000313033B032B3FF629AF324AD35C002B34
:103730003FF424AF304B314A1A601FE7033A032AA3
:103740003FF617AF2E4B2F4A1B68C3F304231360B9
:103750000FE71A4A154B12681B78C2F3031205E7EC
:10376000294B104A1B681268284903F04F030B606D
:10377000531C3FF45AAF0C4B062A1B687FF422AF50
:10378000033B032B4FF006023FF65EAF4FF0804144
:10379000D1F8003413F0010F034B40F093801B6805
:1037A00054E700BF3001001034010010E00F00F0BA
:1037B00000ED00E0583600200090D003E80F00F044
:1037C000948603003C17004098860300A005004043
:1037D0009886030010560040885600401856004056
:1037E0001456004098860300F0ED00E044020010FB
:1037F0003C0500409886030074C007400DF0ADBA48
:10380000240300104035014058020010E40E00402F
:1038100030498A5C002A48D04FF080532E4AD3F8B2
:103820000414C2F82015D3F80814C2F82415D3F8EC
:103830000C14C2F82815D3F81014C2F82C15D3F8BC
:103840001414C2F83015D3F81814C2F83415D3F88C
:103850001C14C2F84015D3F82014C2F84415D3F84C
:103860002414C2F84815D3F82814C2F84C15D3F81C
:103870002C14C2F85015D3F83014C2F85415D3F8EC
:103880003414C2F86015D3F83814C2F86415D3F8AC
:103890003C14C2F86815D3F840141048C2F86C15EF
:1038A000D3F844140368C2F870155A1C3FF4B1AE43
:1038B0000B4A062B11687FF485AE033903293FF6C6
:1038C00099AE4DE7054A1B6812686FF00100C1F818
:1038D0000004BBE69086030000C0004030010010E9
:1038E00034010010044B4FF080525A6040BFBFF3C8
:1038F0004F8FBFF36F8F704700ED00E0704700BF40
:10390000704700BF044B036010B46423034C0C6089
:103910005DF8044B13607047A4530020F853002057
:10392000054B036010B44FF48073044C0C605DF8D9
:10393000044B1360704700BF88550020DC55002001
:1039400070B51F4D84B028684FF0FF3203A9FDF712
:103950000DFE0028F7D0039C237A6668052B0CD84F
:10396000DFE803F02629211B1403D4E90523D4E959
:103970000301E4690094B047039C206810B1FDF78F
:103980002DFA039C2046FDF729FADCE7D4E905234C
:10399000D4E90301B047039CEFE7D4E90412E068DF
:1039A000B047039CE9E7D4E90301B047039CE4E78F
:1039B000B047039CE1E7E068B047039CDDE700BF48
:1039C000E05900202DE9F043304B314D5B6885B064
:1039D000C3F30803019001AF53B1002328683946AF
:1039E0001A46FDF715FD012809D105B0BDE8F083A1
:1039F000286839466422FDF7EDFA0128F5D0DFF892
:103A00009480D8F80000002240000421FDF76EFAEF
:103A100006460028E9D0DFF88090D9F80000FEF7CC
:103A20009FFAFFF701FB01E0FDF7D4FA002203A99A
:103A30002868FDF79BFD04460023642203A9304655
:103A4000002CF1D12868FEF775F82E60FFF7F6FA22
:103A5000D9F80000FEF744FBD8F800300B4A28687C
:103A60005B00C8F800305368C3F30803394633B12C
:103A700023462246FDF7CCFC05B0BDE8F083642266
:103A8000FDF7A8FA05B0BDE8F08300BF00ED00E047
:103A9000E0590020DC590020E45900202DE9F843CA
:103AA0009DF8206005460F46904699469EB1B000AD
:103AB0000C30FDF779F9044658B10023C0F80480B2
:103AC0000672036005B147B90EBB2046FFF77AFFC7
:103AD0000120BDE8F8831020EBE73846FDF764F9D4
:103AE00080462060D0B13A46294601F027F8002EE2
:103AF000EBD0711EC9B209EB8101A9F1040252F8A1
:103B0000043FAB4208BFC2F800809142F7D1B20037
:103B1000494604F10C0001F011F8D6E72046FDF704
:103B20005DF94046D5E700BF70B540230B4D82B02C
:103B300004460022184604212B60FDF7D7F9084DF2
:103B4000084B019306460223009307492E60A2B258
:103B500000230648FEF78CF902B070BDDC59002046
:103B6000E0590020E45900209C86030041390300FD
:103B700010B504464069054B236008B1FDF7DAFF34
:103B8000606808B1FDF72AF9204610BDB086030031
:103B900010B504464069074B236008B1FDF7CAFF22
:103BA000606808B1FDF71AF92046FFF7BFFC204610
:103BB00010BD00BFB086030010B4074C8172002115
:103BC00001820460C1815DF8044B02814160416162
:103BD000C1728181704700BFB086030010B50446F2
:103BE000807A218101FB00F0FDF7DEF860600120A2
:103BF000FDF7D6FB606110BD10B54FF0FF310446F4
:103C00004069FDF70FFE0023A3816069E3811A4636
:103C100023821946BDE81040FDF7DCB9F8B5164619
:103C20000AB93046F8BD04460D4640694FF0FF31F1
:103C3000FDF7F8FDE37A3BB9A28923899B1A9BB271
:103C40009E4228BF1E4626B3A27A0027E3896068F9
:103C50009BB202FB0300294600F070FFE389218933
:103C60009BB20133B3FBF1F201FB12339BB2E38150
:103C7000A3899BB2994214D0A389A27A0137013358
:103C8000B9B29BB2B142A3811544DFD3002E08BF65
:103C90000126002360691A461946FDF79BF9304654
:103CA000F8BDE389A27A0137B9B29BB28E42238272
:103CB0001544CBD8EAE700BFF8B516460AB9304636
:103CC000F8BD04460D4640694FF0FF31FDF7AAFDEF
:103CD000A3899BB2B34202D2A689B6B206B3A27A36
:103CE0000027238A61689BB202FB0311284600F07B
:103CF00025FF238A2089A27A9BB20133B3FBF0F11E
:103D000000FB11339BB22382A3890137013BB9B277
:103D10009BB28E42A3811544E3D8002E08BF012632
:103D2000002360691A461946FDF754F93046F8BD7C
:103D300083899BB21BB183899BB28B4201D800203F
:103D4000704770B5038A0589847A466811FA83F151
:103D5000B1FBF5F305FB1311104604FB016122468C
:103D600000F0ECFE012070BD1A4B197809BB70B54C
:103D70004FF4405382B01B78102B1CD943F2100231
:103D8000142B126823D943F21401134B0C68134D02
:103D90001348A3FB04139B0CA5FB046100FB134019
:103DA00089094FF47A76A5FB005006FB1141800982
:103DB00004E00848704708460B460A46CDE9000172
:103DC0000849044801F080FD024802B070BD084671
:103DD0000B46F3E7E859002083DE1B43D34D621006
:103DE00040420F00B886030008B5074803780BB1BE
:103DF000054808BD4FF0805304495A6E1B6E01F010
:103E000063FD014808BD00BF085A0020CC860300AE
:103E100008B501210A2000F01BF90A2000F00EFA73
:103E20000B20012100F014F9BDE808400B2000F040
:103E300005BA00BF4FF08043174AD3F80014174863
:103E400030B41160D3F80054D3F80024144C154951
:103E50002A43C3F80024D4F84025026001224FF41D
:103E60000030C3F818259A60C1F88000BFF34F8F67
:103E7000BFF36F8F4FF0A04003F588334FF48031CC
:103E80004FF0FF34C3F84813C3F808135A609A6020
:103E9000C0F8084530BC70471C5A0020205A00204A
:103EA00000A0004000E100E0F0B44B4B1D6882B080
:103EB0000023082DADF8063005DD0A2D00F38580BE
:103EC0000A26012300E00826444C454AC4F8F03590
:103ED00001270023DFF814C14249C4F80075C4F873
:103EE0001435C4F81035C2F81435C2F81035C2F8CC
:103EF0002435C2F82035C2F83435C2F83035C2F85E
:103F00004435C2F84035C2F85435C2F85035C2F8CD
:103F10006435C2F86035C2F87435C2F87035324A7B
:103F2000DCF8003009681268DFF8C4C01B0209031E
:103F300001F4805103F4E06312040B4302F4E02225
:103F40009CF80010134343EA01630DF10602C4F824
:103F500018352146C4F81405C4F81005C4F82C26F9
:103F6000C4F830762760D1F80031002BFBD0002058
:103F700001231A4AC1F800014B60D2F80431002B2A
:103F8000FBD0002001231549C2F804019360D1F849
:103F90001431002BFBD00023C1F81431BDF80620EA
:103FA000120448BFADF806300C4B0022C3F80025C0
:103FB000BDF80600B54200B204D035BF751BAD1B7D
:103FC000E840A84002B0F0BC70470D2DB5BF0C26EC
:103FD0000E260223032377E75C36002000700040A2
:103FE000107000402C5A0020305A0020285A00201F
:103FF000245A00201F2816D8144B53F82030023BB7
:104000001D2B10D8DFE803F01E2014160F0F0F0F22
:104010000F0F0F0F0F0F0F0F0F0F0F0F0F0F0F0FB0
:104020000F0F181A1C11002070470820FFF73CBF23
:104030000320FBE70420F9E70520F7E70620F5E772
:104040000720F3E70120F1E70220EFE7D88603001D
:104050001F2816D8474B53F820300E2911D8DFE817
:1040600001F081797169615950473E352C231A114D
:10407000080003F5E0734FF0A04240F2037142F8EC
:104080002310704703F5E0734FF0A04240F2036144
:1040900042F82310704703F5E0734FF0A04240F25E
:1040A000035142F82310704703F5E0734FF0A0422C
:1040B00040F2034142F82310704703F5E0734FF0DC
:1040C000A04240F2033142F82310704703F5E07339
:1040D0004FF0A04240F2032142F82310704703F54D
:1040E000E0734FF0A04240F2031142F823107047F2
:1040F00003F5E0734FF0A0424FF4403142F8231033
:10410000704703F5E0734FF0A0424FF4003142F8DE
:104110002310704703F5E0734FF0A042164942F8B0
:104120002310704703F5E0734FF0A042134942F8A3
:104130002310704703F5E0734FF0A042042142F8CA
:104140002310704703F5E0734FF0A0420C2142F8B2
:104150002310704703F5E0734FF0A042032142F8AB
:104160002310704703F5E0734FF0A042002142F89E
:1041700023107047D8860300040002000C000300DF
:104180001F2809D8084B53F82020012329B14FF0EC
:10419000A0419340C1F8083570474FF0A0419340CB
:1041A000C1F80C35704700BFD88603001F2813D80C
:1041B0000A4B4FF0A04253F82000D2F81415012307
:1041C00083400B4214BFD2F80425D2F810251342C5
:1041D00014BF01200020704700207047D8860300DC
:1041E0001F2815D80D4B4FF0A04253F82000D2F8ED
:1041F0001415012383400B4214BFD2F80425D2F8D2
:104200001025134205D04FF0A042C2F80C3570477C
:1042100070474FF0A042C2F808357047D8860300B7
:104220001F2808D8044B53F820104FF0A042012358
:104230008B40C2F808357047D88603001F2808D87D
:10424000044B53F820104FF0A04201238B40C2F8DA
:104250000C357047D886030010B540220021044673
:1042600000F094FC0023C4E91033204610BD00BFC9
:1042700010B4D0E91024531C03F03F039C4218BF34
:1042800081545DF8044B18BF036470470023C0E9F4
:1042900010337047D0E91023934206D05A1CC35CF8
:1042A00002F03F024264184670474FF0FF307047FB
:1042B000D0E91030181A48BF40307047D0E91023B9
:1042C000934214BFC05C4FF0FF30704700F1080309
:1042D0004FF0FF310022C0E9033381600260436088
:1042E000704700BF00230361704700BF4368026846
:1042F00010B49C688C609C684B600132616099606E
:104300005DF8044B08610260704700BF30B40D686F
:104310006B1C10D000F108031C465B681A68AA42A7
:10432000FAD902684B60013299608C606160086163
:1043300030BC0260704704696368F2E7036910B437
:10434000D0E901125C688A608442516008BF5A60FB
:104350001A685DF8044B0021013A01611A6018687F
:10436000704700BF81F0004102E000BF83F00043CE
:1043700030B54FEA41044FEA430594EA050F08BF00
:1043800090EA020F1FBF54EA000C55EA020C7FEAC4
:10439000645C7FEA655C00F0E2804FEA5454D4EB41
:1043A0005555B8BF6D420CDD2C4480EA020281EA0B
:1043B000030382EA000083EA010180EA020281EA43
:1043C0000303362D88BF30BD11F0004F4FEA013195
:1043D0004FF4801C4CEA113102D0404261EB4101A4
:1043E00013F0004F4FEA03334CEA133302D052422A
:1043F00063EB430394EA050F00F0A780A4F10104E6
:10440000D5F1200E0DDB02FA0EFC22FA05F280181F
:1044100041F1000103FA0EF2801843FA05F3594105
:104420000EE0A5F120050EF1200E012A03FA0EFC84
:1044300028BF4CF0020C43FA05F3C01851EBE371AE
:1044400001F0004507D54FF0000EDCF1000C7EEBCB
:1044500000006EEB0101B1F5801F1BD3B1F5001F09
:104460000CD349085FEA30004FEA3C0C04F1010428
:104470004FEA445212F5800F80F09A80BCF1004F51
:1044800008BF5FEA500C50F1000041EB045141EAD3
:10449000050130BD5FEA4C0C404141EB0101013C9C
:1044A00028BFB1F5801FE9D291F0000F04BF01468B
:1044B0000020B1FA81F308BF2033A3F10B03B3F15D
:1044C00020020CDA0C3208DD02F1140CC2F10C02ED
:1044D00001FA0CF021FA02F10CE002F11402D8BF4B
:1044E000C2F1200C01FA02F120FA0CFCDCBF41EA17
:1044F0000C019040E41AA2BF01EB0451294330BDE6
:104500006FEA04041F3C1CDA0C340EDC04F11404C2
:10451000C4F1200220FA04F001FA02F340EA030099
:1045200021FA04F345EA030130BDC4F10C04C4F1DF
:10453000200220FA02F001FA04F340EA03002946BF
:1045400030BD21FA04F0294630BD94F0000F83F409
:10455000801306BF81F480110134013D4EE77FEAEC
:10456000645C18BF7FEA655C29D094EA050F08BF38
:1045700090EA020F05D054EA000C04BF1946104619
:1045800030BD91EA030F1EBF0021002030BD5FEA5D
:10459000545C05D14000494128BF41F0004130BD85
:1045A00014F580043CBF01F5801130BD01F00045D9
:1045B00045F0FE4141F470014FF0000030BD7FEA4C
:1045C000645C1ABF194610467FEA655C1CBF0B4647
:1045D000024650EA013406BF52EA033591EA030F5E
:1045E00041F4002130BD00BF90F0000F04BF002156
:1045F000704730B54FF4806404F132044FF0000589
:104600004FF0000150E700BF90F0000F04BF002101
:10461000704730B54FF4806404F1320410F0004567
:1046200048BF40424FF000013EE700BF42004FEA62
:10463000E2014FEA31014FEA02701FBF12F07F43DF
:1046400093F07F4F81F06051704732F07F4208BF96
:10465000704793F07F4F04BF41F40021704730B59D
:104660004FF4607401F0004521F000411CE700BFE9
:1046700050EA010208BF704730B54FF000050AE06C
:1046800050EA010208BF704730B511F0004502D56D
:10469000404261EB41014FF4806404F132045FEA6F
:1046A000915C3FF4D8AE4FF003025FEADC0C18BF18
:1046B00003325FEADC0C18BF033202EBDC02C2F10A
:1046C000200300FA03FC20FA02F001FA03FE40EA9C
:1046D0000E0021FA02F11444BDE600BF53B94AB9F5
:1046E000002908BF00281CBF4FF0FF314FF0FF30FA
:1046F00000F082B9ADF1080C6DE904CE00F01AF8B3
:10470000DDF804E0DDE9022304B07047430803F05C
:104710005533C01A830803F0333300F033301844A4
:1047200000EB101000F00F3000EB002000EB004019
:10473000000E70472DE9F047089D04468C46002B7B
:1047400040F083808A42174647D9B2FA82F242B1DA
:10475000C2F1200024FA00F09140974040EA010C99
:1047600094404FEA1748230CBCFBF8F61FFA87FE6B
:1047700008FB16C143EA014306FB0EF1994209D931
:10478000FB1806F1FF3080F01981994240F2168142
:10479000023E3B445B1AA4B2B3FBF8F008FB1033B3
:1047A00044EA034400FB0EFEA64509D93C1900F17A
:1047B000FF3380F00581A64540F2028102383C4477
:1047C00040EA0640A4EB0E0400261DB1D4400023AD
:1047D000C5E900433146BDE8F08702B9FFDEB2FA11
:1047E00082F2002A50D1CB1B4FEA174E1FFA87F8EE
:1047F0000126B3FBFEFC210C0EFB1C3341EA0341F6
:1048000008FB0CF38B4207D979180CF1FF3002D268
:104810008B4200F2E9808446C91AA3B2B1FBFEF0D4
:104820000EFB101143EA014408FB00F8A04507D92C
:104830003C1900F1FF3302D2A04500F2D98018469E
:10484000A4EB080440EA0C40BFE78B4209D9002DD5
:1048500000F0B1800026C5E9000130463146BDE8D0
:10486000F087B3FA83F6002E4AD18B4202D38242FC
:1048700000F2B880841A61EB030101208C46002D00
:10488000A8D0C5E9004CA5E7C2F1200320FA03F641
:10489000974001FA02F04FEA174ED9403043030C1B
:1048A000B1FBFEF61FFA87F80EFB161143EA01432F
:1048B00006FB08F1994204FA02F409D9FB1806F143
:1048C000FF3C80F08D80994240F28A80023E3B445A
:1048D0005B1A81B2B3FBFEF00EFB103341EA0341D9
:1048E00000FB08F38B4207D9791800F1FF3C73D223
:1048F0008B4271D902383944CB1A40EA064678E730
:10490000C6F1200C03FA06F422FA0CF31C4320FA39
:104910000CF701FA06F34FEA144E21FA0CF11F438B
:104920003B0CB1FBFEF91FFA84F80EFB191143EAA8
:10493000014109FB08FA8A4502FA06F200FA06F379
:1049400008D9611809F1FF3048D28A4546D9A9F142
:1049500002092144A1EB0A01BFB2B1FBFEF00EFB3C
:10496000101147EA014700FB08F8B84507D9E719D5
:1049700000F1FF312ED2B8452CD90238274440EA45
:104980000940A7EB0807A0FB02894F45C6464946E8
:104990001AD317D05DB1B3EB0E0267EB010707FA2C
:1049A0000CFCF2404CEA0202F740C5E90027002661
:1049B0003146BDE8F0872E4628460BE70646E9E675
:1049C0001846FDE64345E5D2B8EB020E69EB04015B
:1049D0000138DFE70846D2E760468DE78146B9E750
:1049E000664675E730464AE7ACF1020C394413E7F6
:1049F00002383C4424E700BF704700BF0B46014625
:104A0000184600F01FB800001FB514461A46094B9F
:104A10001B680546D8684CB1074B0091CDE90134BD
:104A200006492B4600F036F801F032F9044B1C46DB
:104A3000F3E700BF60360020588703006587030056
:104A40009387030010B5054C13462CB10A46014666
:104A50000220AFF3008010BD2046FCE700000000FC
:104A6000014B1868704700BF6036002008B5074B3F
:104A7000044613B10021AFF30080054B1868836A28
:104A800003B19847204603F0A9FA00BF00000000D8
:104A9000948703000EB403B5014603AB054853F8F1
:104AA000042B0068019300F05DF902B05DF804EB9F
:104AB00003B070476036002070B50D4D0D4C641B7F
:104AC000A4100026A64209D10B4D0C4C03F088FA25
:104AD000641BA4100026A64205D170BD55F8043B06
:104AE00098470136EEE755F8043B98470136F2E760
:104AF0003038002030380020303800204C3800207A
:104B0000024B0146186800F0A9B800BF60360020CB
:104B1000024B0146186800F051B800BF6036002013
:104B200030B501390024A24201D1002005E0035D27
:104B300001340D5DAB42F6D0581B30BD0A449142A2
:104B400000F1FF3300D1704710B511F8014B03F8A5
:104B5000014F9142F9D110BD884210B501EB02041A
:104B600002D98442234607D8431EA14208D011F837
:104B7000012B03F8012FF8E7024401468A4200D1D5
:104B800010BD13F8014D02F8014DF7E7024403464A
:104B9000934200D1704703F8011BF9E713B54A436C
:104BA0001146019200F05AF8044618B1019A00210A
:104BB000FFF7ECFF204602B010BD000037B500291A
:104BC00048D051F8043C0190002BA1F10404B8BF77
:104BD000E41802F055F9204A01981368154633B9D4
:104BE0006360146003B0BDE8304002F04FB9A342E7
:104BF0000BD921686218934204BF1A685B6863602E
:104C000004BF521822602C60ECE71A465B680BB1B7
:104C1000A342FAD911685518A5420BD12468214442
:104C20005418A3421160DDD11C685B6853602144B5
:104C30001160D7E702D90C230360D3E72568611917
:104C40008B4204BF19685B68636004BF4919216027
:104C50005460C7E703B030BD345A0020F8B5CD1C0E
:104C600025F0030508350C2D38BF0C25002D064610
:104C700001DBA94203D90C2333600020F8BD02F008
:104C8000FFF821490A6814469CB9204F3B6823B9B4
:104C90002146304600F008FE38602946304600F0D4
:104CA00003FE431C23D10C233360304602F0EEF8A0
:104CB000E3E723685B1B17D40B2B03D923601C4449
:104CC000256004E06368A2420CBF0B60536030466D
:104CD00002F0DCF804F10B00231D20F00700C21ADB
:104CE000CCD01B1AA350C9E722466468CCE7C41C89
:104CF00024F00304A042E3D0211A304600F0D4FD92
:104D00000130DDD1CFE700BF345A0020385A0020EF
:104D10009368013B002B10B4936008DA9469A342B6
:104D200001DB0A2903D15DF8044B00F0F1BE1368E2
:104D3000581C1060197008465DF8044B7047F8B5B0
:104D400006460F461446D518AC4201D1002007E0B4
:104D500014F8011B3A463046FFF7DAFF431CF3D143
:104D6000F8BD00002DE9F04F0D469DB01446984661
:104D7000064618B183690BB901F016FF894B9D42B5
:104D80001BD175686B6ED90705D4AB899A0502D41F
:104D9000A86D01F0ACFFAB891B0701D52B69EBB9FE
:104DA0002946304600F006FFC0B16B6EDC070ED519
:104DB0004FF0FF301DB0BDE8F08F7B4B9D4201D11D
:104DC000B568DFE7794B9D4208BFF568DAE7AB8944
:104DD0009805EDD4A86D01F08BFFE9E70023099356
:104DE00020238DF82930CDF80C803023DFF8C081E6
:104DF0008DF82A304FF0010923469A4613F8012B0B
:104E00000AB1252AF9D1BAEB040B0BD05B46224636
:104E100029463046FFF793FF013000F0AA80099A37
:104E20005A4409929AF80030002B00F0A280002327
:104E30004FF0FF32CDE905230AF1010A04930793ED
:104E40008DF853301A935446052214F8011B584824
:104E500001F0C6FF049AD8B9D10644BF20238DF8CB
:104E60005330130744BF2B238DF853309AF800308A
:104E70002A2B15D0079A544600204FF00A0C2146E1
:104E800011F8013B303B092B4ED9B0B1079214E029
:104E9000A0EB080309FA03F313430493A246D2E7F5
:104EA000039B191D1B680391002BBBBF5B4242F0A3
:104EB000020207930793B8BF049223782E2B0CD1DC
:104EC00063782A2B35D1039B1A1D1B680392002B94
:104ED000B8BF4FF0FF3302340593DFF8E4A0217828
:104EE0000322504601F07CFF40B14023A0EB0A00B2
:104EF00003FA00F0049B03430134049314F8011BEC
:104F00002C488DF82810062201F06AFF00283FD0B7
:104F1000294B1BBB039B073323F007030833039381
:104F2000099B3B44099367E70CFB02320C460120C6
:104F3000A5E700230134059319464FF00A0C2046DB
:104F400010F8012B303A092A03D9002BC5D005915E
:104F5000C3E70CFB012104460123F0E703AB0093F8
:104F60002A46164B04A9304600F0CCF80746781CB8
:104F7000D6D16B6ED90705D4AB899A0502D4A86D3A
:104F800001F0B6FEAB895B063FF512AF099811E759
:104F900003AB00932A46094B04A9304600F056FBA8
:104FA000E4E700BF0C8903002C890300EC880300B0
:104FB00098870300A2870300055103003F4D0300BB
:104FC0009E8703002DE9FF4755EC104B002D0E4640
:104FD00019462B46BBBF05F100431D4600232D2378
:104FE0000B700D9BDDF830A0914623F02008BCBF6C
:104FF00022461446B8F1460F05D0B8F1450F00D14E
:105000000136022100E0032103AB019302AB0093C0
:1050100045EC104B5346324600F0CEFEB8F1470F38
:10502000074602D119F0010F22D0B8F1460F07EB65
:10503000060910D13B78302B0AD1002200232046EC
:10504000294602F023FF18B9C6F10106CAF800602C
:10505000DAF800309944002200232046294602F065
:1050600015FF08B1CDF80C903022039B4B4507D3B8
:10507000039B0E9ADB1B3846136004B0BDE8F08733
:10508000591C03911A70F0E7F7B503460029B8BF21
:10509000494203F8022BB4BF2D222B22092942706A
:1050A0002ADD0DF10704A4460A27A6460A4691FB0D
:1050B000F7F607FB16153035632A04F1FF340EF8B6
:1050C000015C3146F1DC3031AEF1020504F8011C1F
:1050D000441C294661450AD30DF10902A2EB0E02D8
:1050E000654588BF00221344181A03B0F0BD11F8BB
:1050F000012B04F8012FEDE7302330318370C170AC
:10510000031DF1E72DE9F04F2DED028B8DB00C461C
:10511000DDF8608016461F46054601F0E3FDD0F835
:1051200000A0504600F02FFC00230A93236805934B
:10513000D8F8003094F818B0073323F0070303F1D0
:105140000802C8F80020D3E90023C4E91223D4E9F7
:10515000128929F000430793CDF8188008EE100A51
:105160009F4BDDE906014FF0FF3202F0C1FE88BB24
:10517000DDE906019A4B4FF0FF3202F09BFE48BB7F
:10518000002200234046494602F08AFE10B12D233A
:1051900084F84330934B9448BBF1470F94BF984633
:1051A000804603232361059B23F0040222604FF015
:1051B0000009009733460BAA2146284600F0D8F98B
:1051C000013040F090804FF0FF300DB0BDEC028B0D
:1051D000BDE8F08F42464B464046494602F088FE05
:1051E00040B14B46002BBCBF2D2384F843307F4891
:1051F0007F4BD1E763680BF0DF0206925A1C3FD168
:1052000006236360059B616843F480620023039377
:105210000AABCDE901B309AB49EC108B00932260D6
:105220000DF123032846FFF7CDFE069B0999472B76
:10523000804608D1C81C02DB6368994241DDABF1AE
:10524000020B5FFA8BFBBBF1650F20D801395A4680
:1052500004F150000991FFF717FF0A9A1318012A69
:105260008146236102DC2268D20701D50133236124
:105270009DF82330002B9CD02D2384F8433098E7F1
:10528000069A472ABED1002BBCD10123B9E7BBF156
:10529000660F18D1002963680BDD216113B92268FC
:1052A000D00702D501330B442361A1654FF00009FB
:1052B000DEE713B92268D20701D50233F4E70123F0
:1052C000F2E74FF0670B0A9B994205DB23682161E7
:1052D000D807EAD54B1CE7E70029D4BFC1F1020289
:1052E00001221344E0E723685A0507D423694246A4
:1052F00031462846B84701302CD164E7BBF1650F31
:1053000040F2E080D4E912010022002302F0BEFD49
:10531000002834D0374A012331462846B8470130A7
:105320003FF451AFDDE909239A4202DB2368D80735
:1053300010D518EE103A524631462846B84701308B
:105340003FF441AF4FF0000804F11A090A9B013BFA
:10535000434509DC23689B0700F10581E0680B9B4E
:105360009842B8BF184630E701234A4631462846DE
:10537000B84701303FF427AF08F10108E6E7099B81
:10538000002B39DC1B4A012331462846B84701303F
:105390003FF419AFDDE90923134302D12368D9078C
:1053A000D8D518EE103A524631462846B847013053
:1053B0003FF409AF4FF0000904F11A0A099B5B4260
:1053C0004B4501DC0A9B92E70123524631462846B1
:1053D000B84701303FF4F7AE09F10109EEE700BF2D
:1053E000FFFFEF7FA9870300AD870300B5870300A8
:1053F000B1870300B98703000A9AA36D9A42A8BF38
:105400001A46002A914637DC4FF0000B29EAE97969
:1054100004F11A02A36D0593A3EB09035B4533DC8A
:10542000DDE909239A423BDB2368DA0738D40A9A7C
:10543000059B0999D31AA2EB01099945A8BF994682
:10544000B9F1000F35DC4FF0000829EAE97904F1E1
:105450001A0ADDE909239B1AA3EB090343457FF7E9
:1054600079AF0123524631462846B84701303FF410
:10547000AAAE08F10108ECE7134631464246284639
:10548000B8470130C0D19EE6012331462846059237
:10549000B84701303FF497AE059A0BF1010BB9E71D
:1054A00018EE103A524631462846B8470130BED170
:1054B00089E6059A4B46424431462846B8470130B2
:1054C000C1D180E60A9A012A01DCDB0738D5012325
:1054D000424631462846B84701303FF474AE18EED4
:1054E000103A524631462846B84701303FF46BAE79
:1054F000D4E912010022002302F0C8FCD8B90A9BAB
:1055000008F10102013B31462846B84701300ED16F
:1055100059E60123524631462846B84701303FF448
:1055200052AE08F101080A9B013B4345F1DC4B46B2
:1055300004F15002DCE64FF0000804F11A0AF2E729
:1055400001234246DFE701234A4631462846B84751
:1055500001303FF438AE08F10108E3680B995B1A9B
:105560004345F0DCFAE64FF0000804F11909F4E7CE
:105570002DE9F047164699468A680B69DDF82080C8
:105580009342B8BF1346336091F8432007460C4658
:105590000AB1013333602368990642BF336802338E
:1055A0003360256815F0060506D104F1190AE36891
:1055B00032689B1AAB4226DC94F84320131E226803
:1055C00018BF012392062BD404F143024946384602
:1055D000C04701301ED02368E568326803F0060337
:1055E000042B08BFAD1AA36822690CBF25EAE57534
:1055F00000259342C4BF9B1AED1800261A34B54209
:105600001AD1002008E00123524649463846C047D7
:10561000013003D14FF0FF30BDE8F0870135C6E718
:10562000E1185A1C302081F84300224494F84510B8
:1056300082F843100233C7E7012322464946384621
:10564000C0470130E6D00136D9E700002DE9FF4719
:105650000C469146277E0C99782F80469A4604F195
:10566000430207D8622F0AD8002F00F0D880582FA5
:1056700000F0A38004F1420684F842703AE0A7F1FA
:105680006303152BF6D801A050F823F0E55603006C
:10569000F95603007556030075560300755603004E
:1056A00075560300F956030075560300755603003E
:1056B000755603007556030005580300295703006B
:1056C000E75703007556030075560300275803007B
:1056D00075560300295703007556030075560300DD
:1056E000EF5703000B681A1D1B680A6004F142069D
:1056F00084F842300123A3E0256808682E0600F1F3
:1057000004030AD505680B60002D03DA2D236D42D2
:1057100084F843305E480A2319E015F0400F05680D
:105720000B6018BF2DB2EFE70B682568181D0860E5
:10573000280601D51D6802E06906FBD51D8854487E
:105740006F2F0CBF08230A23002184F843106668DA
:10575000A660002EA2BF216821F0040121600DB9CE
:10576000002E4DD01646B5FBF3F103FB1157C75D74
:1057700006F8017D2F46BB420D46F4D9082B0BD10C
:105780002368DF0708D5236961689942DEBF3023AB
:1057900006F8013C06F1FF36921B2261CDF800A00D
:1057A0004B4603AA21464046FFF7E2FE01304CD1AA
:1057B0004FF0FF3004B0BDE8F087354884F84570FD
:1057C00023680E681F0656F8045B0E6014D5D907CF
:1057D00044BF43F0200323601DB9236823F0200356
:1057E00023601023B0E7236843F02003236078236D
:1057F000284884F84530E3E75E0648BFADB2E6E7E7
:105800001646BBE70B68266860691D1D0D603506EE
:105810001B6801D5186002E07106FBD518800023D3
:1058200023611646BAE70B681A1D0A601E68626893
:105830000021304601F0D4FA08B1801B6060636833
:105840002361002384F84330A8E7236932464946A0
:105850004046D0470130ABD023689B0713D4E068A3
:10586000039B9842B8BF1846A4E701233246494635
:105870004046D04701309BD00135E36803995B1A5D
:10588000AB42F2DCEBE7002504F11906F5E700BFB7
:10589000BB870300CC870300024B0A460146186809
:1058A00001F007BE6036002038B5064D00230446DF
:1058B00008462B60FDF73CFE431C02D12B6803B168
:1058C000236038BD645A00200EB400B59CB01DABF7
:1058D000029006906FF00041094807910491094930
:1058E00053F8042B05910068019302A901F062FEB0
:1058F000029B00221A701CB05DF804EB03B07047E5
:10590000603600200802FFFF10B5024614781346E7
:105910000132002CFAD1013B11F8012B03F8012FC1
:10592000002AF9D110BDC9B2034610F8012B1AB1F3
:105930008A42F9D118467047002918BF0023F9E7B9
:1059400010F8012B11F8013B012A28BF9A42F7D029
:10595000D01A7047034611F8012B03F8012B002AD7
:10596000F9D1704770B503461E4613F8014B44B198
:105970004A1E01E0A54204D012F8015F002DF9D1C2
:10598000F2E7301A70BD034613F8012B002AFBD151
:10599000181A0138704710B50139034632B111F8B1
:1059A000014F03F8014B013A002CF7D11A440021B2
:1059B000934200D110BD03F8011BF9E738B5034647
:1059C0000C4669B9BDE83840FFF7ADBF431C05463A
:1059D00021461846FFF7A7FF0028F7D1284638BD13
:1059E0000025F5E770B503461E4613F8014B3CB1A0
:1059F0004A1E01E0A542F7D012F8015F002DF9D14F
:105A0000301A70BD2DE9F0433B4E86468C46604609
:105A10001CF8014BA55D15F00805F8D12D2C34D1EB
:105A20009CF800404FF0010800F1020C002B5ED002
:105A3000102B0CD1302C0AD19CF8000000F0DF00B4
:105A400058284FD19CF8014010230CF1020C4FF064
:105A5000FF370025B7FBF3F703FB07F96FEA0909E6
:105A60002846A4F13006092E18D83446A34224DD76
:105A7000002D1FDB87421DD301D1A1451ADB00FB9E
:105A8000034001251CF8014BEBE72B2C08BF9CF8C9
:105A90000040A84608BF00F1020CC7E7A4F1410688
:105AA000192E01D8373CE1E7A4F16106192E04D87C
:105AB000573CDBE74FF0FF35E4E7002D07DA222300
:105AC000CEF800304FF0FF3042B9BDE8F083B8F1B6
:105AD000000F00D04042002AF7D00DB10CF1FF3189
:105AE0001160F2E73024002BB1D10823AFE7302C4E
:105AF000A2D00A23ABE700BFDE87030013460A46A5
:105B0000014602480068FFF77DBF00BF60360020F5
:105B1000F8B50E461446054618B183690BB901F075
:105B200043F8214B9C422BD16C68A369A360A389E5
:105B30001A072FD523696BB323692068C01A6369DC
:105B4000F6B28342374604DC2146284600F098FF2F
:105B500030BBA368013BA36023685A1C22601E70FF
:105B600063690130834204D0A389DB0706D50A2E7E
:105B700004D12146284600F083FF88B93846F8BD95
:105B80000A4B9C4201D1AC68CFE7094B9C4208BF4D
:105B9000EC68CAE72146284600F00CF80028CBD074
:105BA0004FF0FF37EAE700BF0C8903002C890300A0
:105BB000EC880300324B70B51D6806460C4625B1D3
:105BC000AB6913B9284600F0EFFF2E4B9C420FD172
:105BD0006C68A389B4F90C2019072CD4DD0611D404
:105BE0000923336042F04003A3814FF0FF303EE0D1
:105BF000254B9C4201D1AC68EBE7244B9C4208BF8B
:105C0000EC68E6E7580712D5616B41B104F1440333
:105C1000994202D03046FEF7D1FF00236363A38987
:105C200023F02403A3810023636023692360A389F5
:105C300043F00803A38123694BB9A38903F42073BC
:105C4000B3F5007F03D02146304601F077F8A089F4
:105C5000B4F90C2010F001030AD00023A36063699B
:105C60005B42A361236943B910F08000BAD170BDD3
:105C7000810758BF6369A360F4E70020F7E700BF1E
:105C8000603600200C8903002C890300EC88030097
:105C900008B5062001F0B6FD012002F09FF92DE9BC
:105CA000F74F03690C69A3420746C0F28180013CAB
:105CB00001F1140800F1140505EB8403019358F871
:105CC000243055F8242001339A424FEA840B08EB24
:105CD0008409B2FBF3F631D34FF0000E4046AC46D8
:105CE000F24650F8042B93B206FB03E34FEA134E3F
:105CF0009BB2AAEB0303120CDCF800A006FB02E245
:105D000013FA8AF34FEA124E1FFA82FADCF80020E7
:105D1000CAEB124202EB23429BB243EA02438145A3
:105D20004CF8043B4FEA224ADBD255F80B302BB932
:105D3000019B043B9D421A462ED33C61384601F03C
:105D4000D6FA002824DB013628464FF0000C58F81C
:105D5000042BD0F800E093B2ACEB0303120C13FA5F
:105D60008EF3C2EB1E4202EB23429BB243EA024394
:105D7000C14540F8043B4FEA224CE8D255F82420B4
:105D800005EB840322B9043B9D421A460AD33C61C9
:105D9000304603B0BDE8F08F1268043B002ACCD136
:105DA000013CC7E71268043B002AF0D1013CEBE755
:105DB0000020EEE7000000002DE9F04F2DED028BF2
:105DC00057EC106B95B0456ADDF880800591CDE900
:105DD0000267044609920F933DB91020FAF7E4FFD9
:105DE000C0E9015560620560C560636A196851B118
:105DF0005A684A60012393408B60204601F080F886
:105E0000636A00221A603B1EB9BF23F0004303936C
:105E10000023C8F80030DDF80C90B74BBCBF01225E
:105E2000C8F8002033EA09031BD10F9A42F20F731E
:105E30001360C9F31303334300F07585219B63B9E5
:105E4000AE4B25E0AE4B00930833219A13600098C7
:105E500015B0BDEC028BBDE8F08FA84B0093033367
:105E6000F3E79DED027B002251EC170B00238DED33
:105E70000A7B02F00BF8804660B10F9A0123136091
:105E8000219B002B00F04C859E4B219A1360013B17
:105E90000093DCE79DED0A0B12AA13A9204601F03E
:105EA000B8FAC9F30A558246002D7ED00B9BCDF877
:105EB0004080C3F31303DDE90A6743F07F5747F4DB
:105EC0004017A5F2FF35904B002230463946FEF7C9
:105ED0004DFA83A3D3E9002301F070FD82A3D3E937
:105EE0000023FEF745FA064628460F46FEF78CFBD0
:105EF0007FA3D3E9002301F061FD02460B46304643
:105F00003946FEF735FA06460F4602F007F800223A
:105F1000814600233046394601F0C2FF48B1484669
:105F2000FEF772FB32463B4601F0B0FF08B909F1BB
:105F3000FF39B9F1160F56D8744B03EBC903D3E9F7
:105F40000023DDE90A0101F0ABFF00284DD009F183
:105F5000FF3900230E93129B5D1B6B1E049343BFFE
:105F60000023C5F1010804934FF00008B9F1000FB8
:105F70003DDB049BCDF834904B44049300230693FF
:105F8000059B092B00F29A80052BC4BF043B0593A7
:105F9000059BA3F10203CCBF00250125032B00F2D2
:105FA0009980DFE803F02C7D7B89DDE912531D44E5
:105FB00005F23243202BC1BFC3F1400305F212406A
:105FC00009FA03F326FA00F0DABFC3F1200306FA58
:105FD00003F01843FEF708FB01230646A1F1F8770A
:105FE000013D10936FE70123B4E70E90B3E7C9F1C9
:105FF000000306930023A8EB09080D93C0E70023D4
:106000000893099B002B00F385804FF0010BCDF81E
:1060100004B05B46CDF824B0666A002272600422A8
:1060200002F11400984271687AD9204600F034FFDA
:10603000636A30601B680093019B0E2B00F2F580B1
:10604000002D00F0F280B9F1000F7DDD2F4A09F03C
:106050000F0302EBC30393ED007B19F4807F4FEA3B
:106060002917B0EE478AF0EE678A5DD0284BDDE94C
:106070000A01D3E9082301F0CBFDCDE9020107F0C5
:106080000F070325224E002F50D1DDE9020153EC0A
:10609000182B01F0BDFDCDE902016FE00123AFE750
:1060A00000230893099B09EB030B0BF10103012B60
:1060B0000193B8BF0123AFE70123F2E701250023D5
:1060C000059308954FF0FF3B0022CDF804B0122352
:1060D0000992A1E701230893F4E700BFAFF3008022
:1060E00061436F63A787D23FB3C8608B288AC63FDE
:1060F000FB799F501344D33F0000F07FE7880300F3
:10610000DE880300BA8703000000F83F808903009F
:1061100058890300DDF824B0CDF804B05B467BE776
:106120000131716052007BE70225ABE7F90708D522
:1061300051EC180BD6E9002301F040FC41EC180BA0
:1061400001357F1008369EE700F0AB80C9F10006EC
:10615000AA4BAB4F06F00F0203EBC203D3E90023B7
:10616000DDE90A0101F02AFCCDE902013611002324
:106170000225002E40F08A80002B8CD10E9B002B34
:1061800000F09180DDE902679E4B002230463946DF
:1061900001F086FE002800F08680019B002B00F0B5
:1061A0008280BBF1000F3CDD09F1FF330793002231
:1061B000954B3046394601F001FCCDE9020101352D
:1061C000CDF830B0DDE902672846FEF71DFA324609
:1061D0003B4601F0F3FB8D4B0022FEF7C9F8A1F11D
:1061E0005073CDE9020103930C9B002B60D1884BC7
:1061F000002230463946FEF7B9F8DDE902230646AB
:106200000F4601F06BFE002840F09982DDE9022183
:10621000304601F10043394601F042FE002840F0CB
:106220008B82DDE90A23CDE90223139B002BC0F208
:106230005B81B9F10E0F00F35781704B03EBC9037B
:1062400093ED007B099BB0EE478AF0EE678A002B46
:1062500080F2E280019B002B00F3DE8040F06C8234
:106260006B4B51EC170B002201F0A8FBDDE9022378
:1062700001F02AFE019E3746002840F04282009D30
:10628000312305F8013B09F101093EE2F20705D58A
:10629000D7E9002301F092FB01350123761008377E
:1062A00067E702256AE7019BCDF81C900C9389E70C
:1062B00000990C980C9A514B9DED027B0144029180
:1062C0000899B0EE478AF0EE678A03EBC20353E900
:1062D0000223002945D04F49002001F099FC53ECDE
:1062E000182BFEF743F8009D41EC180B3946304659
:1062F00001F014FE0C90FEF787F902460B4630467B
:106300003946FEF733F80C9B303305F8013B53EC6C
:10631000182B06460F4601F0C3FD002865D1324612
:106320003B4638490020FEF721F853EC182B01F0CA
:10633000B7FD002840F0B880029B9D423FF471AF4A
:10634000314B51EC180B002201F038FB2E4B41EC85
:10635000180B00223046394601F030FB06460F4646
:10636000C4E751EC170B01F029FB029B009D0C9335
:1063700041EC180B3946304601F0D0FD1190FEF784
:1063800043F902460B4630463946FDF7EFFF119BB5
:10639000303305F8013B029B9D4206460F464FF005
:1063A000000225D11B4B51EC180BFDF7E1FF024613
:1063B0000B463046394601F091FD002874D153EC6C
:1063C000182B14490020FDF7D1FF02460B4630463A
:1063D000394601F065FD00283FF423AF0C9D6B1E8C
:1063E0000C9315F8013C302BF8D0DDF81C9049E0F7
:1063F000054B01F0E3FA06460F46BBE78089030030
:10640000588903000000F03F0000244000001C40B9
:10641000000014400000E03FDDE90267009D53ECFE
:10642000182B3046394601F0F3FB01F077FD80462A
:10643000FEF7EAF853EC182B01F0C0FA02460B46BF
:106440003046394608F13006FDF790FF05F8016B3C
:10645000009E019FAE1BB74202460B4637D1FDF7A7
:1064600087FF53EC182B06460F4601F037FDC8B9DD
:1064700053EC182B3046394601F008FD10B118F0E6
:10648000010F0FD12046514600F03AFD00232B703A
:106490000F9B09F101001860219B002B3FF4D7AC42
:1064A0001D60D4E4CDF81C902B461D4613F8012D39
:1064B000392A08D1009A9A42F7D1079A00990132F5
:1064C000079230220A701A7801321A708DE79E4BBB
:1064D000002201F073FA0022002306460F4601F065
:1064E000D5FC00289BD0CDE7089A002A00F0C68092
:1064F000059A012A00F3AA80109A002A00F0A280CF
:1065000003F23343069E4546049A01211A4420466D
:106510009844049200F099FD0746002D0BDD049B82
:10652000002B08DDAB42049AA8BF2B46A8EB03085A
:10653000ED1AD31A0493069BFBB1089B002B00F0C5
:10654000A180002E11DD39463246204600F022FEA1
:10655000524601460746204600F080FD514607900E
:10656000204600F0CDFC079B9A46069B9A1B04D060
:106570005146204600F00EFE82460121204600F0E2
:1065800064FD0D9B002B06467EDD1A460146204623
:1065900000F000FE059B012B064678DD00230693E4
:1065A000336906EB8303186900F0FFFCC0F120009B
:1065B000049B184410F01F0000F08880C0F12003F5
:1065C000042B40F38180C0F11C00049B03448044F1
:1065D00005440493B8F1000F05DD514642462046BC
:1065E00000F026FE8246049B002B05DD31461A464C
:1065F000204600F01DFE06460E9B002B68D031465B
:10660000504600F074FE002862DA002351460A2248
:10661000204600F08CFC089B09F1FF398246002BD4
:1066200000F08881394600230A22204600F07FFCD2
:10663000BBF1000F074600F38F80059B022B40F350
:106640008B804DE0129BC3F136035BE7019B5E1E1E
:10665000069BB342BFBF069B0696F21A0D9BB6BFC0
:106660009B189E1B0D93019BB8BF0026002BB5BF46
:10667000A8EB0305019B0023454645E7069E089FBE
:1066800045464AE7069A73E7059B012B18DC029BF7
:10669000B3B9039BC3F31303A3B9039B23F00043D4
:1066A0001B0D1B052BB1049B0133049308F101085A
:1066B000012306930D9B002B7FF472AF012077E737
:1066C0000023F6E7029BF4E784D018461C307CE7F1
:1066D000019B002B3ADC059B022B37DDDDF804B073
:1066E000BBF1000F0DD131465B460522204600F07C
:1066F0001EFC01460646504600F0F9FD00283FF713
:10670000BEAD099B009D6FEA03094FF000083146BA
:10671000204600F0F5FB002F3FF4B4AEB8F1000FB7
:1067200005D0B84503D04146204600F0E9FB394684
:10673000204600F0E5FBA5E600263746E1E70C9E83
:10674000DDF81C9037469AE500002440089BDDF8F0
:1067500004B0002B00F0F580002D05DD39462A46F7
:10676000204600F065FD0746069B002B55D0796852
:10677000204600F091FB3A6902320546920007F18B
:106780000C010C30FEF7DAF901222946204600F010
:106790004FFD009B01330193009B5B440793029BD9
:1067A00003F00103B84606930746019B3146504665
:1067B00003F1FF3BFFF773FA034630330290414683
:1067C0005046089300F093FD3A4604903146204627
:1067D00000F0A9FDC268089B054602BB0146504671
:1067E00000F085FD089B024629462046CDE9083287
:1067F00000F086FB059B099A019D43EA0201069B76
:106800000B43089B0DD1392B27D0049A002A01DDB8
:10681000029B31338BF8003079E73846B9E7012223
:10682000E2E70499002904DB059801430698014337
:1068300020D1002AEEDD514601222046019300F0CE
:10684000F7FC3146824600F052FD0028019B02DC35
:10685000E0D1DA07DED5392BDAD139238BF80030D5
:106860002B461D46013B15F8012C392A50D0013228
:106870001A704CE7002A03DD392BEED00133C9E74B
:10688000019A079902F8013C8A422AD05146002316
:106890000A22204600F04BFBB84582464FF0000329
:1068A0004FF00A024146204607D100F040FB8046E7
:1068B0000746019B0133019377E700F038FB394627
:1068C000804600230A22204600F031FB0746F0E70D
:1068D000BBF1000F009ACCBF5D46012515444FF077
:1068E0000008514601222046019300F0A1FC3146E8
:1068F000824600F0FCFC0028B2DC02D1019BDB07E1
:10690000AED42B461D4613F8012D302AFAD0FEE6F0
:10691000009A9A42A5D1312309F101091370F6E6D4
:10692000124BFFF7B5BA219B002B7FF48BAA104BBB
:10693000FFF7AEBABBF1000F03DC059B022B3FF75C
:10694000CFAE009D31465046FFF7A9F900F1300364
:1069500005F8013B009AAA1A9345B9DD5146002378
:106960000A22204600F0E3FA8246EBE7B9870300EB
:10697000DE8803008A892DE9F041054610070C46A0
:1069800058D44B68002B05DC0B6C002B02DC00207C
:10699000BDE8F081E66A002EF9D0002312F480529F
:1069A0002F682B6032D0606DA3895A0705D56368C4
:1069B000C01A636B0BB1236CC01A00230246E66A4F
:1069C000216A2846B047431CA38906D129681D299E
:1069D0002CD82A4ACA40D60728D500226260D9049A
:1069E0002269226004D5421C01D12B6803B960657D
:1069F000616B2F600029CAD004F14403994202D090
:106A00002846FEF7DBF800206063C1E7216A012316
:106A10002846B047411CC7D12B68002BC4D01D2B82
:106A200001D0162B01D12F60B1E7A38943F04003B9
:106A3000A381ADE70F69002FA9D093070E6808BFA7
:106A40004B690F6018BF0023A6EB07088B60B8F1F5
:106A5000000F9CDD216AA66A43463A462846B047A5
:106A6000002806DCA38943F04003A3814FF0FF30E8
:106A70008EE70744A8EB0008E9E700BF01004020CB
:106A800038B50B6905460C4613B90025284638BDB4
:106A900018B183690BB900F087F8144B9C421BD1E5
:106AA0006C68B4F90C30002BEFD0626ED00704D4C0
:106AB000990502D4A06D00F01AF928462146FFF787
:106AC00059FF636EDA070546E0D4A3899B05DDD440
:106AD000A06D00F00DF9D9E7054B9C4201D1AC68DF
:106AE000DFE7044B9C4208BFEC68DAE70C8903003F
:106AF0002C890300EC880300002310B50446C0E98C
:106B00000033C0E90433836081814366C2818361BD
:106B1000194608225C30FEF739F8054B6362054BD5
:106B2000A362054BE362054B2462236310BD00BFE3
:106B30003D7803005F78030097780300BB7803007B
:106B4000014900F0AFB800BF816A030070B54A1E6A
:106B5000682555430E4605F17401FEF77FF804469B
:106B600040B10021C0E900160C30A06005F16802B8
:106B7000FEF70CF8204670BD014800F0B8B800BF21
:106B8000605A0020014800F0B3B800BF605A0020EE
:106B9000014800F0ACB800BF5B5A0020014800F08B
:106BA000A7B800BF5B5A002010B50446FFF7F0FFFE
:106BB000A3691BB1BDE81040FFF7F0BFC4E9123371
:106BC0002365134B134A1B68A262A34204BF01232F
:106BD000A361204600F020F86060204600F01CF819
:106BE000A060204600F018F80022E06004216068F0
:106BF000FFF782FFA06801220921FFF77DFFE0680F
:106C000002221221FFF778FF0123A361D2E700BF20
:106C100094870300416B0300F8B50746FFF7ACFF0C
:106C20001E4B1E68B36913B93046FFF7BDFF4836E7
:106C3000D6E90134013B03D533680BB33668F7E777
:106C4000B4F90C50D5B9164BE36004F158006566F1
:106C500000F04CF8FFF796FFC4E90155C4E904556C
:106C60002560A5610822294604F15C00FDF78EFF2E
:106C7000C4E90D55C4E912552046F8BD6834D9E77A
:106C800004213846FFF762FF044630600028D5D162
:106C9000FFF778FF0C233B60EEE700BF948703000B
:106CA0000100FFFF2DE9F8430646884600F148043D
:106CB0000027D4E90195B9F1010905D52468002C14
:106CC000F7D13846BDE8F883AB89012B07D9B5F970
:106CD0000E30013303D029463046C047074368359C
:106CE000E9E7000000487047B4370020704770475C
:106CF000704770B50E46B1F90E10002996B01446D3
:106D00001D4607DA00232B60B3891A0610D44FF40E
:106D100080630EE06A4600F003FE0028F2DB019A71
:106D200002F47042A2F500535A425A412A60EEE73B
:106D300040230020236016B070BD00008B8973B51E
:106D40009D0706460C4607D504F1470323602361DF
:106D50000123636102B070BD01AB6A46FFF7C9FF52
:106D6000009905463046FDF779FF48B9B4F90C3073
:106D70009A05EFD423F0030343F00203A381E3E772
:106D80000D4BB362A389206043F08003A381009B75
:106D90006361019B20615BB1B4F90E10304600F0D5
:106DA000D1FD28B1A38923F0030343F00103A3819C
:106DB000A0890543A581CDE7416B030082B001B9ED
:106DC00001A942B14BB113780B601278101E18BFA5
:106DD000012002B070471046FBE76FF00100F8E7B2
:106DE00001F0FF01102A2BDB10F0070F08D010F87C
:106DF000013B013A8B422DD010F0070F42B3F6D180
:106E0000F0B441EA012141EA014122F007047FF098
:106E100000070023F0E80256083C85EA010586EAEF
:106E2000010685FA47F5A3FA87F586FA47F6A5FA2B
:106E300087F68EB9EED1F0BC01F0FF0102F0070237
:106E400032B110F8013B013A83EA010313B1F8D1E2
:106E50000020704701387047002D06BF35460338C3
:106E6000073815F0010F07D1013015F4807F02BFFC
:106E7000013015F4C03F0130F0BC0138704700BF4D
:106E80000148FFF734BF00BF5C5A00200148FFF7FC
:106E90002FBF00BF5C5A002070B5466A04460D46FD
:106EA0003EB91020F9F780FFC0E901666062066014
:106EB000C660666AF36883B1636ADB6853F82500CD
:106EC000B8B9012101FA05F6721D92002046FDF7BE
:106ED00065FE60B1C0E901560EE021220421204682
:106EE000FDF75CFE636AF060DB68002BE4D10020F4
:106EF00070BD026843F825200023C0E90333F7E79B
:106F000070B5466A05460C463EB91020F9F74CFFAD
:106F1000C0E9016668620660C6603CB16B6A62687F
:106F2000DB6853F82210216043F8224070BD2DE940
:106F3000F0410E69074698460C4601F11400002303
:106F40000568A9B202FB01814FEA114C2D0C02FB2E
:106F500005C589B2013301EB05419E4240F8041B8F
:106F60004FEA1548ECDCB8F1000F1BD0A368B34220
:106F700012DC616838460131FFF78EFF2269023268
:106F800004F10C01054692000C30FDF7D7FD2146B7
:106F90003846FFF7B5FF2C4604EB86030136C3F8ED
:106FA000148026612046BDE8F081030C1B04D3B990
:106FB0000004102310F07F4F04BF0002083310F0CC
:106FC000704F04BF0001043310F0404F04BF800035
:106FD0000233002805DB10F0804F03F1010308BFE6
:106FE0002023184670470023E4E7036813F00702E4
:106FF00001460BD0DA0724D4980749BF5B089B08E9
:1070000001200B605CBF0B600220704798B2B0B9E2
:107010001B0C102013F0FF0F04BF1B0A08301A07C7
:1070200004BF1B0904309A0704BF9B080230DA072B
:1070300003D45B0800F1010005D00B6070471046D7
:10704000E8E7002070472020704710B50C4601216A
:10705000FFF722FF01224461026110BD2DE9F04FCC
:1070600015460A692B699A42B8BF0B460C46BCBF4D
:107070002C461D462769D5F81090A368616807EB78
:107080000906B342B8BF013185B0FFF705FF00F133
:10709000140101EB86080B46002243451DD304F181
:1070A000140305F1140203EB870702EB8903029333
:1070B0003B1B153B23F00303043304F11505AF42DA
:1070C00038BF04230193029B0392934208D8002EF9
:1070D0005ADC066105B0BDE8F08F43F8042BDCE70D
:1070E000B2F800A0BAF1000F24D004F1140E8946C2
:1070F0004FF0000C5EF8045BD9F800B0ABB21FFA99
:107100008BFB0AFB03B34FEA154BD9F800506344DD
:107110004FEA154C0AFB0BC505EB13459BB243EA3E
:107120000543774549F8043B4FEA154CE2D8019BEB
:1071300041F803C0039BB3F802900432B9F1000F89
:1071400020D00B6804F1140C8E464FF0000ABCF8F6
:107150000050BEF802B009FB05B5AA449BB243EA51
:107160000A434EF8043B5CF8043BBEF800501B0C8D
:1071700009FB035303EB1A4367454FEA134AE6D86A
:10718000019D4B5104319EE758F8043D002BA0D1DE
:10719000013E9CE72DE9F843154612F0030206462E
:1071A0000F4607D0214C013A002354F82220FFF764
:1071B000BEFE0746AD1035D0746A3CB91020F9F711
:1071C000F3FDC0E9014470620460C460D6F8248015
:1071D000D8F808404CB940F271213046FFF735FF2E
:1071E0000023C8F80800044603604FF00009EB07CD
:1071F0000AD5394622463046FFF730FF39468046E9
:107200003046FFF77DFE47466D100BD0206838B939
:10721000224621463046FFF721FF2060C0F800904B
:107220000446E4E73846BDE8F88300BF488A030017
:107230002DE9F0470C464968236903EB6218A368FF
:10724000074691464FEA621A08F10106B3423FDB56
:107250003846FFF721FE0023054600F1140100F136
:1072600010021846534536DB20692AEAEA7A04F10F
:10727000140319F01F0901EB8A0103EB800C2ED0D7
:10728000C9F1200E8A460022186800FA09F002436C
:107290004AF8042B53F8042B9C4522FA0EF2F3D83B
:1072A000ACEB0403153B23F00303043304F1150096
:1072B000604588BF0423CA500AB108F10206013EA6
:1072C00038462E612146FFF71BFE2846BDE8F087B1
:1072D00001315B00BAE742F8040F0133C2E7043919
:1072E00053F8042B41F8042F9C45F9D8E7E730B553
:1072F00002690C69121B0ED100F11403143103EB67
:10730000840001EB840150F8045D51F8044DA5425E
:1073100003D005D30122104630BD8342F3D3FAE7F0
:107320004FF0FF32F7E72DE9F84F0C4606461146BD
:1073300020461746FFF7DBFF051E08D129463046D9
:10734000FFF7AAFD0123C0E90435BDE8F88FA4BF0B
:107350003B46274630467968A6BF1C4600250125D6
:10736000FFF79AFD3E69C560256907F1140104F134
:10737000140900F1140E07F1100201EB860C09EB61
:107380008505F246002759F8043B52F804BF1FFA5E
:1073900083F817FA8BF71B0CA7EB0808C3EB1B430A
:1073A00003EB28431FFA88F81F144D4548EA0343AE
:1073B0004AF8043BE7D82B1B153B23F003030433A7
:1073C0001534A54238BF0423194473449E460D4624
:1073D00065450ED30CF10302521A22F00302033961
:1073E0008C4538BF00221A4452F8043D7BB1066137
:1073F000ABE755F8048B17FA88F4221402EB184215
:10740000A4B244EA02444EF8044B1714E0E7013EEC
:10741000EAE72DE9F7438946012157EC106B9046C6
:10742000FFF73AFDC7F30A550446C7F3130335BB0C
:10743000002E019328D068460096FFF7D6FD0099EC
:1074400000B3019AC0F1200302FA03F30B43C240D8
:1074500063610192019BA361002B14BF02220122F0
:107460002261D5B1A5F233450544C9F80050C0F1F9
:107470003500C8F80000204603B0BDE8F08343F4AF
:107480008013D5E76161E5E701A8FFF7AEFD019B39
:107490006361012222612030E3E704EB8203A0F262
:1074A0003240C9F800001869FFF77FFDC0EB4210B9
:1074B000DFE7F8B5074614460E4621B9BDE8F840A7
:1074C0001146FDF7CBBB22B9FDF778FB25462846D0
:1074D000F8BD00F059FAA0420FD221463846FDF718
:1074E000BDFB05460028F2D031462246FDF726FBBB
:1074F00031463846FDF762FBE9E73546E7E72DE917
:10750000F0478E689E4282460C4690461F4638D809
:107510008A8912F4906F32D025680969A5EB0109B8
:10752000656905EB450505EBD57501334B446D10D9
:107530009D4238BF1D46530531D52946FDF78EFBC8
:10754000064650B90C23CAF80030A38943F0400323
:10755000A3814FF0FF30BDE8F08721694A46FDF76F
:10756000EDFAA38923F4906343F08003A38126619D
:1075700065614E44A5EB09052660A5603E46BE4206
:1075800000D93E46324620684146FDF7E5FAA36839
:1075900022689B1B3244A36022600020DBE72A465E
:1075A000FFF787FF06460028E1D121695046FDF725
:1075B00005FBC7E72DE9F04F98468B891B069DB068
:1075C00007460D4614460ED50B6963B94021FDF7F9
:1075D00045FB2860286120B90C233B604FF0FF3049
:1075E000D1E040236B610023099320238DF82930DB
:1075F000CDF80C803023DFF8A8818DF82A304FF0C9
:10760000010923469A4613F8012B0AB1252AF9D11C
:10761000BAEB040B0BD05B46224629463846FFF7EF
:107620006EFF013000F0AA80099A5A4409929AF834
:107630000030002B00F0A28000234FF0FF32CDE994
:1076400005230AF1010A049307938DF853301A9326
:107650005446052214F8011B5148FFF7C1FB049A58
:10766000D8B9D00644BF20238DF85330110744BF4A
:107670002B238DF853309AF800302A2B15D0079A17
:10768000544600204FF00A0C214611F8013B303BD4
:10769000092B4ED9B0B1079214E0A0EB080309FA08
:1076A00003F313430493A246D2E7039B191D1B68FF
:1076B0000391002BBBBF5B4242F00202079307938A
:1076C000B8BF049223782E2B0CD163782A2B35D1A6
:1076D000039B1A1D1B680392002BB8BF4FF0FF33AA
:1076E00002340593DFF8C8A0217803225046FFF743
:1076F00077FB40B14023A0EB0A0003FA00F0049BA3
:1077000003430134049314F8011B26488DF8281014
:107710000622FFF765FB002838D0234B1BBB039BD9
:10772000073323F0070308330393099B334409937A
:1077300067E70CFB02320C460120A5E70023013469
:10774000059319464FF00A0C204610F8012B303AE9
:10775000092A03D9002BC5D00591C3E70CFB0121F1
:1077600004460123F0E703AB00932A460F4B04A91C
:107770003846FDF7C7FC421C0646D6D1AB895B06EE
:107780003FF52CAF09981DB0BDE8F08F03AB009317
:107790002A46064B04A93846FDF758FFEBE700BF21
:1077A00098870300A287030005510300FF740300BC
:1077B0009E8703001F2938B504460D4604D91623B9
:1077C00003604FF0FF3038BD426C12B152F82130E7
:1077D0004BB9204600F030F82A4601462046BDE865
:1077E000384000F017B8012B0AD0591C03D11623DA
:1077F00003600120E7E7002442F825402846984727
:107800000020E0E7024B01461868FFF7D3BF00BF36
:107810006036002038B5074D00230446084611465F
:107820002B6000F0C3FB431C02D12B6803B1236023
:1078300038BD00BF645A002000F0A8BB10B50C464C
:10784000B1F90E1000F0A8F80028ABBF636DA38952
:107850001B1823F48053ACBF6365A38110BD2DE9D1
:10786000F0411F468B89DB0505460C46164605D5BB
:10787000B1F90E100223002200F074F8A389B4F9C4
:107880000E1023F48053A38132463B462846BDE8C0
:10789000F04100F023B810B50C46B1F90E1000F01D
:1078A00061F8431CA38915BF606523F4805343F43A
:1078B0008053A38118BFA38110BDB1F90E1000F051
:1078C0001FB849B1FF2A85BF8A2303600A704FF0B1
:1078D000FF3098BF012070470846704738B5074D04
:1078E00004460846114600222A601A46FBF712FE9B
:1078F000431C02D12B6803B1236038BD645A0020B9
:1079000038B5064D0023044608462B6000F02EFBD8
:10791000431C02D12B6803B1236038BD645A002098
:1079200038B5074D00230446084611462B6000F089
:1079300025FB431C02D12B6803B1236038BD00BF77
:10794000645A002038B5064D0023044608462B60D3
:1079500000F024FB431C02D12B6803B1236038BD27
:10796000645A002038B5074D0446084611460022E7
:107970002A601A4600F022FB431C02D12B6803B197
:10798000236038BD645A002051F8043C181F002BB6
:10799000BCBF0B58C018704738B5074D04460846A1
:1079A000114600222A601A4600F010FB431C02D147
:1079B0002B6803B1236038BD645A002070B54FF0C6
:1079C000FF0C4CF4E06C1CEA11541DBF1CEA13556B
:1079D00094EA0C0F95EA0C0F00F0DEF82C4481EAD3
:1079E000030621EA4C5123EA4C5350EA013518BFF3
:1079F00052EA033541F4801143F4801338D0A0FBE0
:107A000002CE4FF00005E1FB02E506F00042E0FB8C
:107A100003E54FF00006E1FB03569CF0000F18BF92
:107A20004EF0010EA4F1FF04B6F5007F64F540743A
:107A300004D25FEA4E0E6D4146EB060642EAC621CD
:107A400041EA55514FEAC52040EA5E504FEACE2E3A
:107A5000B4F1FD0C88BFBCF5E06F1ED8BEF1004F3D
:107A600008BF5FEA500E50F1000041EB045170BDB9
:107A700006F0004646EA010140EA020081EA0301FD
:107A8000B4EB5C04C2BFD4EB0C0541EA045170BDF9
:107A900041F480114FF0000E013C00F3AB8014F173
:107AA000360FDEBF002001F0004170BDC4F10004BC
:107AB000203C35DA0C341BDC04F11404C4F120053D
:107AC00000FA05F320FA04F001FA05F240EA020098
:107AD00001F0004221F0004110EBD37021FA04F6CE
:107AE00042EB06015EEA430E08BF20EAD37070BD88
:107AF000C4F10C04C4F1200500FA04F320FA05F0E7
:107B000001FA04F240EA020001F0004110EBD370E8
:107B100041F100015EEA430E08BF20EAD37070BD58
:107B2000C4F1200500FA05F24EEA020E20FA04F331
:107B300001FA05F243EA020321FA04F001F00041E0
:107B400021FA04F220EA020000EBD3705EEA430E51
:107B500008BF20EAD37070BD94F0000F0FD101F080
:107B60000046400041EB010111F4801F08BF013CB9
:107B7000F7D041EA060195F0000F18BF704703F0F7
:107B80000046520043EB030313F4801F08BF013D7E
:107B9000F7D043EA0603704794EA0C0F0CEA13553A
:107BA00018BF95EA0C0F0CD050EA410618BF52EAF4
:107BB0004306D1D181EA030101F000414FF00000FA
:107BC00070BD50EA410606BF1046194652EA430608
:107BD00019D094EA0C0F02D150EA013613D195EA7C
:107BE0000C0F05D152EA03361CBF104619460AD1C4
:107BF00081EA030101F0004141F0FE4141F47001CE
:107C00004FF0000070BD41F0FE4141F4780170BDBD
:107C100070B54FF0FF0C4CF4E06C1CEA11541DBF22
:107C20001CEA135594EA0C0F95EA0C0F00F0A7F824
:107C3000A4EB050481EA030E52EA03354FEA013151
:107C400000F088804FEA03334FF0805545EA131364
:107C500043EA12634FEA022245EA111545EA10652C
:107C60004FEA00260EF000419D4208BF964244F1C3
:107C7000FD0404F5407402D25B084FEA3202B61AE2
:107C800065EB03055B084FEA32024FF480104FF4B6
:107C9000002CB6EB020E75EB030E22BFB61A75462A
:107CA00040EA0C005B084FEA3202B6EB020E75EBBD
:107CB000030E22BFB61A754640EA5C005B084FEA25
:107CC0003202B6EB020E75EB030E22BFB61A7546F2
:107CD00040EA9C005B084FEA3202B6EB020E75EBFD
:107CE000030E22BFB61A754640EADC0055EA060EBE
:107CF00018D04FEA051545EA16754FEA06164FEA01
:107D0000C30343EA52734FEAC2025FEA1C1CC0D1AC
:107D100011F4801F0BD141EA00014FF000004FF039
:107D2000004CB6E711F4801F04BF01430020B4F1FA
:107D3000FD0C88BFBCF5E06F3FF6AFAEB5EB030CB2
:107D400004BFB6EB020C5FEA500C50F1000041EBAF
:107D5000045170BD0EF0004E4EEA113114EB5C047C
:107D6000C2BFD4EB0C0541EA045170BD41F480114F
:107D70004FF0000E013C90E645EA060E8DE60CEA57
:107D8000135594EA0C0F08BF95EA0C0F3FF43BAF74
:107D900094EA0C0F0AD150EA01347FF434AF95EA2B
:107DA0000C0F7FF425AF104619462CE795EA0C0F0F
:107DB00006D152EA03353FF4FDAE1046194622E7DC
:107DC00050EA410618BF52EA43067FF4C5AE50EAB6
:107DD00041047FF40DAF52EA43057FF4EBAE12E7A6
:107DE0004FF0FF3C06E000BF4FF0010C02E000BF87
:107DF0004FF0010C4DF804CD4FEA410C7FEA6C5C6A
:107E00004FEA430C18BF7FEA6C5C1BD001B050EA0C
:107E1000410C0CBF52EA430C91EA030F02BF90EAF7
:107E2000020F0020704710F1000F91EA030F58BFB6
:107E3000994208BF90422CBFD8176FEAE37040F018
:107E4000010070474FEA410C7FEA6C5C02D150EAB6
:107E5000013C07D14FEA430C7FEA6C5CD6D152EA71
:107E6000033CD3D05DF8040B704700BF8446104636
:107E700062468C461946634600E000BF01B5FFF735
:107E8000B7FF002848BF10F1000F01BD4DF808ED05
:107E9000FFF7F4FF0CBF012000205DF808FB00BFD6
:107EA0004DF808EDFFF7EAFF34BF012000205DF830
:107EB00008FB00BF4DF808EDFFF7E0FF94BF01207D
:107EC00000205DF808FB00BF4DF808EDFFF7CEFF7E
:107ED00094BF012000205DF808FB00BF4DF808EDBD
:107EE000FFF7C4FF34BF012000205DF808FB00BF8E
:107EF0004FEA410C7FEA6C5C02D150EA013C0AD1A6
:107F00004FEA430C7FEA6C5C02D152EA033C02D197
:107F10004FF0000070474FF0010070474FEA4102F8
:107F200012F5001215D211D56FF47873B3EB6252CB
:107F300012D94FEAC12343F0004343EA505311F0F2
:107F4000004F23FA02F018BF404270474FF0000084
:107F5000704750EA013005D111F0004008BF6FF0C2
:107F6000004070474FF00000704700BF024B58229E
:107F70001A604FF0FF307047645A0020024B5822BD
:107F80001A604FF0FF307047645A0020024B5822AD
:107F90001A604FF0FF307047645A0020024B58229D
:107FA0001A600020704700BF645A0020024B58221C
:107FB0001A604FF0FF307047645A0020024B58227D
:107FC0001A604FF0FF307047645A0020024B58226D
:107FD0001A604FF0FF307047645A0020FEE700BF80
:107FE000F8B500BFF8BC08BC9E467047F8B500BFA6
:107FF000F8BC08BC9E467047436F6E6E656374653F
:108000006420746F200000004164616672756974B9
:1080100020496E64757374726965733A29000000B3
:1080200046656120426C7565667275697420203AF8
:108030003D290000110000000000000000000000C9
:10804000C96C0200E16C0200FD6C0200F96E0200D6
:108050000000000000000000017702002577020008
:10806000100018000000C800000000000000000020
:1080700091840200918402009584020000000000B7
:1080800000000000000000000D85020011850200C4
:108090005075626C69630000537461746963000019
:1080A00050726976617465205265736F6C76616297
:1080B0006C65000050726976617465204E6F6E20A9
:1080C0005265736F6C7661626C6500004665617421
:1080D000686572206E524635323833320000000037
:1080E000424C4500534F43009080030098800300AA
:1080F000A0800300B480030001000007110000000D
:10810000D8ECF0F4F8FC00030400000000000000CC
:10811000000000009184020091840200ED8F0200B3
:1081200023D1BCEA5F782315DEEF12123015000070
:1081300023D1BCEA5F782315DEEF1212321500005E
:1081400023D1BCEA5F782315DEEF1212311500004F
:1081500023D1BCEA5F782315DEEF1212341500003C
:1081600000000000000000009184020091840200E1
:1081700021920200312E362E3100000041646166EA
:108180007275697420496E647573747269657300E1
:1081900000000000000000009184020091840200B1
:1081A0007593020054584400525844009ECADC247F
:1081B0000EE5A9E093F3A3B50200406E9ECADC244D
:1081C0000EE5A9E093F3A3B50300406E9ECADC243C
:1081D0000EE5A9E093F3A3B50100406E0000000096
:1081E000000000009184020091840200D19C0200F2
:1081F000499C0200899C0200F5940200A5940200AB
:10820000C1990200A9980200AD970200C59A020028
:1082100055940200B5940200D9940200E8FFFFFFD4
:1082200000000000A996020095950200918F0200BF
:10823000E19402005595020031950200ED94020090
:108240002F61646166727569742F626F6E645F700E
:10825000727068002F61646166727569742F626F55
:108260006E645F636E7472002F616461667275691B
:10827000742F626F6E645F707270682F2530325891
:108280002530325825303258253032582530325872
:1082900025303258000000002F61646166727569F4
:1082A000742F626F6E645F636E74722F2530325864
:1082B0002530325825303258253032582530325842
:1082C0002530325800000000253032583A2530322F
:1082D000583A253032583A253032583A25303258FB
:1082E0003A25303258000000000000000000000075
:1082F000C1A40200BDA40200B1A40200B1A4020006
:10830000B5A40200B5A40200ADA40200A9A4020015
:10831000F0FFFFFF00000000C9A402000000000001
:1083200000000000F9A40200FDA402002E000000DD
:108330002E2E00002F0000000000000000000000B2
:1083400085A8020001A70200918F0200B1A70200D8
:1083500029A8020041A70200F5A70200626C6F6322
:108360006B203C206C66732D3E6366672D3E626C0D
:108370006F636B5F636F756E74000000433A5C550A
:10838000736572735C63656F6D315C4170704461DD
:1083900074615C4C6F63616C5C41726475696E6F93
:1083A00031355C7061636B616765735C61646166E4
:1083B000727569745C68617264776172655C6E7213
:1083C0006635325C312E362E315C6C6962726172B8
:1083D0006965735C41646166727569745F4C697448
:1083E000746C6546535C7372635C6C6974746C6521
:1083F00066735C6C66732E630000000068656164E0
:10840000203E3D20322026262068656164203C3DC8
:10841000206C66732D3E6366672D3E626C6F636BE6
:108420005F636F756E7400007063616368652D3EF5
:10843000626C6F636B203D3D2030786666666666D1
:10844000666666006E626C6F636B203E3D20322074
:108450002626206E626C6F636B203C3D206C667339
:108460002D3E6366672D3E626C6F636B5F636F7555
:108470006E740000656E7472792E642E7479706566
:10848000203D3D204C46535F545950455F5245476F
:1084900000000000726573006C66732D3E636667B2
:1084A0002D3E6C6F6F6B61686561642025203332EF
:1084B000203D3D20300000006C66732D3E636667F2
:1084C0002D3E6C6F6F6B6168656164203E203000EB
:1084D0006C66732D3E6366672D3E70726F675F73C7
:1084E000697A652025206C66732D3E6366672D3E94
:1084F000726561645F73697A65203D3D20300000DC
:108500006C66732D3E6366672D3E626C6F636B5FB6
:1085100073697A652025206C66732D3E6366672D2E
:108520003E70726F675F73697A65203D3D20300051
:10853000342A6C66735F6E707732283078666666B0
:108540006666666666202F20286C66732D3E63661D
:10855000672D3E626C6F636B5F73697A652D322A9B
:10856000342929203C3D206C66732D3E6366672DBF
:108570003E626C6F636B5F73697A65006C697474DB
:108580006C656673000000006C66735F636163680E
:10859000655F7265616400006C66735F6361636848
:1085A000655F70726F6700006C66735F63747A5FFB
:1085B00066696E64000000006C66735F63747A5FC6
:1085C000657874656E6400006C66735F66696C65DF
:1085D0005F73796E630000006C66735F72656D6F28
:1085E000766500006C66735F696E69740000000058
:1085F000000000006410B71DC8206E3BAC30D926C7
:108600009041DC76F4516B6B5861B24D3C71055072
:108610002083B8ED44930FF0E8A3D6D68CB361CB9A
:10862000B0C2649BD4D2D38678E20AA01CF2BDBD4E
:10863000000000000000000079FF02008DFF020032
:108640000D0A00000000000000000000BD0503004E
:10865000050603007D05030065050300750503009D
:108660006D05030091050300590603005908030036
:10867000D1040300C9040300546D725100000000CE
:10868000546D7220537663006C6F6F7000000000B1
:1086900000000101000000010100000043616C6C5A
:1086A0006261636B00000000000000000000000039
:1086B000713B0300913B030073256C7520256C759D
:1086C0002E256C752E256C75000000002530386C49
:1086D000582530386C5800000000000001000000F0
:1086E000020000000300000004000000050000007C
:1086F000060000000700000008000000090000005C
:108700000A0000000B0000000C0000000D0000003B
:108710000E0000000F00000010000000110000001B
:1087200012000000130000001400000015000000FB
:1087300016000000170000001800000019000000DB
:108740001A0000001B0000001C0000001D000000BB
:108750001E0000001F0000002C2066756E63746907
:108760006F6E3A2000617373657274696F6E2022B8
:10877000257322206661696C65643A2066696C65C0
:1087800020222573222C206C696E652025642573B8
:1087900025730A0064360020232D302B2000686CDE
:1087A0004C0065666745464700494E4600696E665F
:1087B000004E414E006E616E003000303132333475
:1087C000353637383941424344454600303132333B
:1087D00034353637383961626364656600002020BD
:1087E0002020202020202028282828282020202061
:1087F0002020202020202020202020202020881021
:108800001010101010101010101010101010040480
:108810000404040404040404101010101010104187
:1088200041414141410101010101010101010101F8
:10883000010101010101010101101010101010428D
:1088400042424242420202020202020202020202C8
:1088500002020202020202020210101010200000A6
:108860000000000000000000000000000000000008
:1088700000000000000000000000000000000000F8
:1088800000000000000000000000000000000000E8
:1088900000000000000000000000000000000000D8
:1088A00000000000000000000000000000000000C8
:1088B00000000000000000000000000000000000B8
:1088C00000000000000000000000000000000000A8
:1088D0000000000000000000000000000000496EE1
:1088E00066696E697479004E614E000000000000F8
:1088F0000000000000000000000000000000000078
:108900000000000000000000000000000000000067
:108910000000000000000000000000000000000057
:108920000000000000000000000000000000000047
:108930000000000000000000000000000000000037
:108940000000000000000000000000004300504F45
:10895000534958002E0000000080E03779C341439E
:10896000176E05B5B5B89346F5F93FE9034F384D95
:10897000321D30F94877825A3CBF737FDD4F157541
:10898000000000000000F03F000000000000244054
:1089900000000000000059400000000000408F402F
:1089A000000000000088C34000000000006AF8409A
:1089B0000000000080842E4100000000D0126341BE
:1089C0000000000084D797410000000065CDCD4134
:1089D000000000205FA00242000000E87648374215
:1089E000000000A2941A6D42000040E59C30A242B3
:1089F0000000901EC4BCD64200003426F56B0C4328
:108A00000080E03779C3414300A0D88557347643CE
:108A100000C84E676DC1AB43003D9160E458E1432F
:108A2000408CB5781DAF154450EFE2D6E41A4B44A4
:108A300092D54D06CFF08044F64AE1C7022DB544E9
:108A4000B49DD9794378EA4405000000190000007C
:088A50007D00000000000000A1
:088A5800F8D7FE7F01000000C9
:108A60000000000000000000FDFF0200E1FF020026
:108A7000B5FF0200A9FF0200800000008000000096
:108A800080000000E0000000800000000000000006
:108A9000000000000000000000000000650203006C
:108AA00005020300F9010300E9010300FFFFFFFFD6
:108AB000603F0020685A00200090D0030A000000A8
:108AC00064360020000000000C8903002C8903009C
:108AD000EC8803000000000000000000000000001F
:108AE0000000000000000000000000000000000086
:108AF0000000000000000000000000000000000076
:108B00000000000000000000000000000000000065
:108B10000000000000000000000000000000000055
:108B20000000000043000000000000000000000002
:108B30000000000000000000000000000000000035
:108B400000000000430000000000000000000000E2
:108B50000000000000000000000000000000000015
:108B600000000000430000000000000000000000C2
:108B700000000000000000000000000000000000F5
:108B800000000000430000000000000000000000A2
:108B900000000000000000000000000000000000D5
:108BA0000000000043000000000000000000000082
:108BB00000000000000000000000000000000000B5
:108BC0000000000043000000000000000000000062
:108BD0000000000000000000000000000000000095
:108BE0000000000043000000000000000000000042
:108BF0000000000000000000000000000000000075
:108C000000000000C3780300BD6D030000000000F9
:108C1000DD870300548903009387030093870300D3
:108C200093870300938703009387030093870300D0
:108C3000938703009387030093870300FFFFFFFFE1
:108C4000FFFFFFFFFFFFFFFFFFFF00000100415399
:108C5000434949000000000000000000000000003F
:108C60000000000000000000000000000000415370
:108C7000434949000000000000000000000000001F
:108C800000000000000000000000000000000000E4
:108C900001620200356202001D630200858F02003E
:108CA000CDA4020055000300B10A030011620200C6
:040000033000341184
:00000001FF
